,EN/TL,Note
1,"For Cafe:

Attention all cafe owners! 📣 

Are you tired of managing multiple systems and struggling to grow your business? Look no further than Storehub!

💡 Our all-in-one POS system comes packed with over 30 features and is trusted by over 15,000 businesses.

🤝 Take your business to the next level with Storehub. 💪

Sign up now for a free demo and see the difference for yourself! 🚀 

For Restaurants:
Attention all restaurant owners! 📣 

Are you tired of managing multiple systems and struggling to grow your business? Look no further than Storehub!

💡 Our all-in-one POS system comes packed with over 30 features and is trusted by over 15,000 businesses.

🤝 Take your business to the next level with Storehub. 💪

Sign up now for a free demo and see the difference for yourself! 🚀 

Additional copy for both:
The Preferred Choice of Metro Manila's restaurants, bars, and cafes - StoreHub POS System. 💪
Ang pinaka-recommended na POS for Metro Manila's restaurants, bars, and cafes - StoreHub POS System. 💪","PH Feature List Ad [S2, S3]"
2,"Copy #1: If you’re running a milk tea shop, then StoreHub POS is the best partner for your business. :sunglasses: :white_check_mark:

Now you can make sure your entire operations runs smoothly. You can make your staff’s lives easier and keeps your customers happy too. Plus, you can now start a customer loyalty program! :muscle:

Sign up for a free demo of the StoreHub POS today.

~~

Copy #2: Don't run a milk tea shop without a POS to manage your sales and operations. :white_check_mark:

Pati trabaho ng staff mo mas madali na, and your customers get better service too. Plus, you can now start a customer loyalty program! :muscle:

Sign up for a free demo of the StoreHub POS today.

~~ 

Headline 1: #1 BIR Accredited POS
Headline 2: Top-Rated POS in the Philippines

Description: Trusted by 1500+ Local Businesses","PH Static Ads (for Milk Tea Shops) [S2,S3]"
3,"Copy #1: If you’re running a bar, then StoreHub POS is the best partner for your business. :white_check_mark:

Now you can make sure your entire operations runs smoothly and important information about sales and inventory gets recorded. :muscle:

You can make your staff’s lives easier and keeps your customers happy too. :sunglasses:

Sign up for a free demo of the StoreHub POS today.

~~

Copy #2: Owner ka ba ng bar or restobar? Then alam mong marami talagang stress sa operations. :weary:

But with StoreHub POS, less hassle na. Now you can make sure your entire operations runs smoothly and important information about sales and inventory gets recorded. :muscle:

Pati trabaho ng staff mo mas madali na, and your customers get better service too. :sunglasses:

Sign up for a free demo of the StoreHub POS today.

~~

Headline 1: #1 BIR Accredited POS
Headline 2: Top-Rated POS in the Philippines

Description: Trusted by 1500+ Local Businesses","PH Static Ads (Built for Bars) [S2, S3]"
4,"Copy #1: Looking for the most reliable POS system in the Philippines? :face_with_monocle:

With StoreHub, everything about running your business and keeping your customers happy is hassle-free. :sunglasses:

Sign up for a free demo of StoreHub POS today.

Copy #2: Frustrated ka na ba sa cash register or POS system na parati na lang nagkaka-problema? :triumph:

Choose StoreHub, a BIR-accredited POS na trusted ng 1,500+ local businesses.

Solid na ang hardware and software system, responsive pa ang local support team. :clap:

Sign up for a free demo of StoreHub POS today.

Copy #3: Operational issues are costly and a waste of time. :weary: That’s why 1,500 businesses all over the country trust StoreHub. It’s a BIR accredited POS system that just works.

Sign up for a free demo of StoreHub POS today.

Headline 1: #1 BIR Accredited POS
Headline 2: The POS with Everything you need

Description: Trusted by 1500+ Local Businesses","PH Static Testimonial Ads [S2, S3]"
5,"Copy #1:

You'll lose customers with slow service and wrong orders. :smiling_face_with_tear:

Make sure your restaurant runs quickly with StoreHub POS. Key in orders easily and send them straight to the kitchen.

No more errors from using pen and paper. :x:

Your customers get the best experience, and you get more sales too! :moneybag:

Get a free demo of the StoreHub POS today.
~~ 

Copy #2:
Wag nang mapabagal-bagal. Pag slow motion ang restaurant service mo, you'll lose your customers. :smiling_face_with_tear:

With StoreHub POS, madali nang magtake ng orders and send them to your kitchens.

Wala nang mga wrong orders. :x:

Your customers get the best experience, and you get more sales too! :moneybag:

Get a free demo of the StoreHub POS today.

~~

Copy #3:
Nakakahiya sa customers pag mabagal ang service ng restaurant. And mali-mali pa ang orders. :triumph:

Don't get stuck in slow motion. With StoreHub POS, madali nang magtake ng orders and send them to your kitchens.

Wala nang mga wrong orders. :x:

Your customers get the best experience, and you get more sales too! :moneybag:

Get a free demo of the StoreHub POS today.

Headline: 
#1 Speed up your restaurant operations with StoreHub 
#2 StoreHub is a BIR accredited POS
#3 All-in-1 POS for restaurants",White BG ad copy
6,"With all the POS systems out there, why do our customers (@wagyustudio, @tenderlovingcakesph, @coffeeacademicsph.cafe) choose StoreHub? Here are their answers 😍

💪 A reliable product with top-notch service
🤳 Managing stores remotely with real-time info
📈 Growing sales with data-driven decisions

Want to level up your business too? Get started by booking a FREE demo today. ⬇️",S1 Why Our Customers Love Us Copy
7,"Caption 1: Bakit ka pa bibili ng ibang POS brand when StoreHub has it all? 

Hindi lang siya POS. Pati sales, inventory, and marketing meron din. Parang secret weapon na ng business mo! 

Sign up for a demo of StoreHub today and start leveling up your business!


Caption 2: Say goodbye to frustration and say hello to MORE SALES.

With StoreHub POS system and Back Office, lahat magagawa mo na. Sales, inventory, analytics, marketing - all in one place.

Sign up for a demo of StoreHub today!



Caption 3: Why choose another brand when StoreHub POS has everything you need. 

Think of StoreHub as your business' secret weapon. You can now manage sales, inventory, analytics, and marketing all in one place.

Sign up for a demo of StoreHub today and start leveling up your business!


Headline 1: StoreHub is a BIR Accredited POS
Headline 2: Grow Sales with an All-in-1 POS

Description 1: Trusted by 15,000+ Businesses
Description 2: Best for F&B and Retail ",Comparison Table with Other Brands PH
8,"Caption 1

📣 Want your customers to keep coming back to your restaurants? We have the solution for you. 📣

Taking orders, sales reporting, counting inventory… do you still do these manually at your store and run into a ton of issues? 😵

Make your life as a business owner stress-free with StoreHub’s BIR Accredited POS.

You can now say goodbye to wrong orders, manual errors, and inaccurate sales and inventory reports. 💪

See the difference with a StoreHub POS. Sign up for a FREE demo today.

Caption 2

📣 Want your customers to keep coming back to your restaurants? We have the solution for you. 📣

Take orders, count inventory, and generate sales reports all automatically from  ₱63/day 😵

Avoid human errors and make your life as a business owner stress-free with StoreHub’s BIR Accredited POS.

You can now say goodbye to wrong orders, manual errors, and inaccurate sales and inventory reports. 💪

See the difference with a StoreHub POS. Sign up for a FREE demo today.

Headline 1

#1 BIR Accredited POS

Headline 2

Get our BIR Accredited POS for just ₱63/day

Headline 3

Top-Rated POS in the Philippines

Description

Trusted by 15,000+ Businesses

CTA

Sign Up",Eddon Hook 5
9,"Caption 1:
🚀 Imagine - bigger profits for your F&B or retail store this 2023. That's possible with StoreHub POS.

💪 Say goodbye to manual work and errors forever. Get full visibility of your sales, inventory, and employee attendance – even when you're far away from your store! 🌍

Don't miss out. Book a FREE demo of StoreHub now and take control of your success! 📈

Caption 2:
Mahirap na nga maging owner ng F&B business, so why make your life harder? :man_gesturing_no: Get StoreHub POS.

💪 Say goodbye to manual work and errors forever. Get full visibility of your sales, inventory, and employee attendance – even when you're far away from your store! 🌍

Imagine how much more profit you could get this 2023 from just reducing inefficiency. 📈

Don't wait. Book a FREE demo of StoreHub now and take control of your success!

Caption 3:
Are you about to open a restaurant :pizza:, cafe :coffee: or retail store :womans_clothes:? Make sure you're set up for success with StoreHub POS.

💪 Say goodbye to manual work and errors forever. Get full visibility of your sales, inventory, and employee attendance – even when you're far away from your store! 🌍

Don't make your life harder than it has to be. Book a FREE demo of StoreHub now and take control of your success!

Caption 4:
Do you own an F&B or retail store? Here's how you can get full visibility of your sales, inventory, and employee attendance – from anywhere! 🌍

Use StoreHub POS.

Less time wasted for you and your staff, and more time for the important things at your business.

Don't miss out. Book a FREE demo of StoreHub now and take control of your success! 📈",Demand Gen Comparison v2
10,"English 

The Preferred Choice of Metro Manila's restaurants & cafe, StoreHub POS System.

Taglish

Ang #1 choice ng lahat ng Metro Manila's restaurants & cafe, StoreHub POS System.",360 animation video
11,"Caption 1: StoreHub POS can power your F&B and retail business for just 63pesos/day. The Ultimate POS System, Simplified

Caption 2: Meron ka bang F&B and retail business? Use StoreHub POS, the system built just for YOU. 

Caption 3: Bakit ka pa bibili ng ibang POS brand when StoreHub has it all? 🤔💰

Hindi lang siya POS. Pati sales, inventory, and marketing meron din. Parang secret weapon na ng business mo! 🔑💼

Sign up for a demo of StoreHub today and start leveling up your business! 👨‍💼📈

Caption 4: Say goodbye to frustration and say hello to MORE SALES.

With StoreHub POS system and Back Office, lahat magagawa mo na. Sales, inventory, analytics, marketing - all in one place.

Sign up for a free demo of StoreHub today!",Built for video ads
12,"
Caption 1: 
Grabe ang traffic pag rainy season. 🤦‍♀️ It would be nice if you could just manage your business from anywhere, right? 👀

Access all your sales, employee shifts, and inventory, just from your phone or laptop with the StoreHub POS System. 🤩

Hindi mo na kailangan mastuck sa traffic just to check your stores. And may time ka na to focus on more important things for your business. 💰💰

Book a StoreHub demo today!

Caption 2:
We can’t make traffic go away, but we can help you manage your business from anywhere. 👀

Access all your sales and inventory data, employee shifts, and more, just from your phone or laptop with the StoreHub POS System. ✨

You can spend more time growing your business 💰 and not stuck on the road! 😎

Book a StoreHub demo today!

Caption 3: 
What if you can spend less time sitting in traffic  😪, and more time making strategic decisions for your business? 👀

You can do that with the StoreHub POS. Sales and inventory data, employee shifts, and more, are all accessible on at your fingers, on any device. 🤩

Manage your business from anywhere, and make every second of the day count! 💪

Book a StoreHub demo today!",Multi-store management (Eddon)
13,"Caption 1:

Say goodbye to unstable hardware and manual errors with logging orders and inventory. 😎

With StoreHub, you have everything you need to run your restaurant from just 1 platform. And with real-time data, you can get visibility on your business performance from anywhere.

Book a free demo for your business today. ✨

Caption 2:
Manage sales, inventory, marketing - all in one place. 😎 With StoreHub, you have everything you need to run your restaurant from just 1 platform. 

No more stress from human errors and inaccurate records!

And with real-time data, you can get visibility on your business performance from anywhere.

Book a free demo for your business today. ✨

Caption 3:
📣 Want your customers to keep coming back to your restaurants? We have the solution for you. 📣

Taking orders, sales reporting, counting inventory… do you still do these manually at your store and run into a ton of issues? 😵

Make your life as a business owner stress-free with StoreHub’s BIR Accredited POS.

You can now say goodbye to wrong orders, manual errors, and inaccurate sales and inventory reports. 💪

See the difference with a StoreHub POS. Sign up for a FREE demo today.",USP Restaurant
14,"Caption 1:
“From our commissary, dispatch, all the way to our stores, we have a macro point of view of all movements everywhere.” ✨

Want to manage 5+ physical stores easily, just like Kurimu? Then use StoreHub as your POS! 🤩

You don’t have to visit every store just to check on your sales and operations. Now you can just monitor every store’s performance from any device, anywhere. 💪

Save time and make operations smoother with StoreHub POS. Sign up for a free demo today! 

Caption 2:
Want to expand to 5+ physical stores easily, just like Kurimu? Then use StoreHub as your POS system! 🤩

You don’t have to visit every store just to check on your sales and operations. Now you can just monitor every store’s performance from any device, anywhere. 💪

Save time on manual processes and make operations smoother with StoreHub POS. Sign up for a free demo today!",Kurimu Testimonial
15,"Caption 1:

Ganito ka rin ba ka-stressed sa restaurant business mo? 😩
It doesn't have to be that way anymore.
Because as a business owner, you should be focusing on expanding your business instead of doing day-to-day tasks manually. 🙅
So if you want to...
🍔 Automatically 𝐭𝐫𝐚𝐜𝐤 𝐚𝐧𝐝 𝐦𝐚𝐧𝐚𝐠𝐞 𝐲𝐨𝐮𝐫 𝐢𝐧𝐯𝐞𝐧𝐭𝐨𝐫𝐲 for multiple stores 
📍 Manage your business 𝐚𝐧𝐲𝐭𝐢𝐦𝐞, 𝐚𝐧𝐲𝐰𝐡𝐞𝐫𝐞 (no more being stuck in traffic 🚗)
💻 Access 𝐫𝐞𝐚𝐥-𝐭𝐢𝐦𝐞 𝐬𝐚𝐥𝐞𝐬 𝐫𝐞𝐩𝐨𝐫𝐭𝐬
🧾 Easily get your 𝐁𝐈𝐑 𝐏𝐞𝐫𝐦𝐢𝐭 𝐓𝐨 𝐔𝐬𝐞 (𝐏𝐓𝐔) and issue 𝐎𝐟𝐟𝐢𝐜𝐢𝐚𝐥 𝐑𝐞𝐜𝐞𝐢𝐩𝐭𝐬 to avoid getting any fines
🙌 Enjoy 𝟑𝟎+ 𝐟𝐞𝐚𝐭𝐮𝐫𝐞𝐬 to make your life easier

Book a FREE demo today to see how StoreHub POS can do all of that for you! 

Caption 2:
Getting super stressed managing your restaurant business? 😩

As a business owner, you should be focusing on expanding your business instead of doing day-to-day tasks manually. 🙅
So if you want to...
🍔 Automatically 𝐭𝐫𝐚𝐜𝐤 𝐚𝐧𝐝 𝐦𝐚𝐧𝐚𝐠𝐞 𝐲𝐨𝐮𝐫 𝐢𝐧𝐯𝐞𝐧𝐭𝐨𝐫𝐲 for multiple stores 
📍 Manage your business 𝐚𝐧𝐲𝐭𝐢𝐦𝐞, 𝐚𝐧𝐲𝐰𝐡𝐞𝐫𝐞 (no more being stuck in traffic 🚗)
💻 Access 𝐫𝐞𝐚𝐥-𝐭𝐢𝐦𝐞 𝐬𝐚𝐥𝐞𝐬 𝐫𝐞𝐩𝐨𝐫𝐭𝐬
🧾 Easily get your 𝐁𝐈𝐑 𝐏𝐞𝐫𝐦𝐢𝐭 𝐓𝐨 𝐔𝐬𝐞 (𝐏𝐓𝐔) and issue 𝐎𝐟𝐟𝐢𝐜𝐢𝐚𝐥 𝐑𝐞𝐜𝐞𝐢𝐩𝐭𝐬 to avoid getting any fines
🙌 Enjoy 𝟑𝟎+ 𝐟𝐞𝐚𝐭𝐮𝐫𝐞𝐬 to make your life easier

Book a FREE demo today to see how StoreHub POS can do all of that for you! ",Eddon Stress
16,"Are you still manually writing your BIR receipts by hand? ✍️
Imagine all the time, effort, and MONEY you can save if you didn’t have to.
Don’t worry! StoreHub’s all-in-one, BIR-accredited POS system can help make that happen. 💪 You can get BIR Official Receipts printed automatically so you can run your business while staying stress-free.
Wanna learn more? Sign up to book a FREE demo!",BIR Ad #2 Receipts
17,"Caption 1:
Say goodbye to unstable hardware and endless hours auditing your retail store inventory. 😎

With StoreHub, you have everything you need to run your stores from just 1 platform. And with real-time data, you can get visibility on your business performance from anywhere.

Book a free demo for your business today. ✨


Caption 2:
Manage sales, inventory, marketing - all in one place. 😎 With StoreHub, you have everything you need to run your retail store from just 1 platform. 

No more stress from sales and inventory discrepancies.

And with real-time data, you can get visibility on your business performance from anywhere.

Book a free demo for your business today. ✨


Caption 3:
📣 You might be losing profits from inaccurate inventory tracking! 📣

Writing receipts, sales reporting, counting inventory… do you still do these manually at your store and run into a ton of issues? 😵

Make your life as a business owner stress-free with StoreHub’s BIR Accredited POS. And watch your business grow! 💰

See the difference with a StoreHub POS. Sign up for a FREE demo today.

Caption 4:
📣 Is your current POS too slow and holding back your retail business? Does it take a long time to punch in each item at the cash register? 📣

Make your life as a business owner stress-free with StoreHub’s BIR Accredited POS. Track your sales and inventory in real-time, across multiple stores. 

And watch your business grow! 💰

See the difference with a StoreHub POS. Sign up for a FREE demo today.",Retail USP
18,"Caption 1:

Say goodbye to manually logging orders and inventory. 😎 With StoreHub, you have everything you need to run your coffee shop from just 1 platform. 

And with real-time data, you can get visibility on your business performance from anywhere.

Make your cafe business a success with StoreHub! 

Book a free demo for your business today. ✨

Caption 2:
Manage sales, inventory, marketing - all in one place. 😎 With StoreHub, you have everything you need to run your coffee shop from just 1 platform. 

No more stress from human errors and inaccurate records!

And with real-time data, you can get visibility on your business performance from anywhere.

Book a free demo for your business today. ✨

Caption 3:
📣 Want your customers to keep coming back to your cafe? We have the solution for you. 📣

Taking orders, writing receipts, counting inventory… do you still do these manually at your store and it just takes sooo long? 😵

Make your life as a business owner stress-free with StoreHub’s BIR Accredited POS.

You can now say goodbye to wrong orders, manual errors, and inaccurate sales and inventory reports. 💪

See the difference with a StoreHub POS. Sign up for a FREE demo today.",Cafe USP
19,"Caption 1:
If you want a POS System that has everything you need to manage your F&B business 🍗🍚, then choose StoreHub. 💪 

It’s easy to get started and easy to roll out too. We’ll help you all the way. ❤️

Sign up for a demo today to learn more about how StoreHub works!

Caption 2:
Take control of your F&B business' success with StoreHub. 🍗🍚📈 Have complete visibility of your sales and inventory with a super easy to use POS system.   💪

With the right foundations in place, you can watch your business grow! And we'll help you all the way. ❤️

Sign up for a demo today to learn more about how StoreHub works!


Caption 3
  Do you also want to expand your restaurant easily, manage operations efficiently, and have peace of mind? 💰📈 Then use StoreHub POS - the #1 BIR accredited POS System for F&B businesses

Sign up for a demo today to learn more about how StoreHub works!",Harry Uy Google Review
20,"Caption 1:
Takot ka na bang ma-disappoint ulit? With StoreHub POS, you don't have to worry. We're fast, responsive, and the best choice for your F&B business! 🥐☕

Pati training, BIR registration, and 7 day support, we can handle. 💪 

So what are you waiting for? Sign up na to get a free demo of our POS system.

Caption 2: 
Changing to a new system seems difficult, but with StoreHub POS, you don't have to worry. We're fast, responsive, and the best choice for your F&B business! 🥐☕

You'll have your POS up and running with a full backoffice system is just one week. 💪

Time is money, right? 💰 So don't wait - sign up to get a free demo of our POS system.

Caption 3:
StoreHub is more than just a POS system, you can think of us as a reliable business partner for your restaurant too. ❤️ 

We care about your success as a business, so that's why we're fast, responsive 7 days a week, and the trusted POS for F&B and retail. 😎

Making the switch to StoreHub is easy, just sign up to get a free demo of our POS system!

",Cat Go Google Review
21,"Caption 1: 
How does Happilee Korean Kitchen manage 9+ locations, each with hundreds of customers per day?  👀
 
The secret: They've used StoreHub POS from the beginning. 🤩

With StoreHub, you’ll have full visibility of sales and inventory in real-time from your commissary and at all your stores. You can manage all your operations end-to-end, without even being there. 💪
 
StoreHub is the POS that won’t slow you down.
 
So don't wait - book a demo with us to learn more! 

Caption 2: 
From home business to 9+ locations in just 3 years, Happilee Korean Kitchen has trusted StoreHub POS from the very beginning. 💕
 
Want to grow fast and expand efficiently just like them? 🤩

Then use StoreHub, the POS that won’t slow you down.

Explore our features by booking a free demo today! 
",Happilee Testimonial
22,"Caption 1:
Baka nalulugi na ang F&B business mo just because hindi accurate ang inventory mo. 👀 Just think about it, are you confident that all your sales and inventory are accounted for?  😥

Manage your business with a proper system like StoreHub's BIR Accredited POS and get peace of mind. ✨

Get accurate, real-time data for sales and inventory that you can check anywhere and anytime. 

Make the right decisions to grow your business with the help of StoreHub POS. 💰 

Book a free demo today!

Caption 2:
Are you confident in your F&B inventory tracking? 😥 You might be losing out on profits just because you can't keep track of all the items going in and out of your business. 👀

Manage your business with a proper system like StoreHub's BIR Accredited POS and get peace of mind. ✨

Get accurate, real-time data for sales and inventory that you can check anywhere and anytime.

Make the right decisions to grow your business with the help of StoreHub POS. 💰 

Book a free demo today!

Caption 3:
Are you confident in your retail inventory tracking? 😥 You might be losing out on profits just because you can't keep track of all the items going in and out of your business. 👀

Manage your business with a proper system like StoreHub's BIR Accredited POS and get peace of mind. ✨

Get accurate, real-time data for sales and inventory that you can check anywhere and anytime.

Make the right decisions to grow your business with the help of StoreHub POS. 💰 

Book a free demo today!",Inventory Losses
23,"Caption 1:
Don't you just hate it when your life has to stop because of your F&B or retail business? 😥

StoreHub's POS system takes away all the stress of manual work so you can achieve the work-life balance that you need! ✨🧘🏼‍♀️ 

Our all-in-one POS allows you to:
👉🏼 Manage your business 𝐚𝐧𝐲𝐭𝐢𝐦𝐞, 𝐚𝐧𝐲𝐰𝐡𝐞𝐫𝐞, with just your mobile phone 
👉🏼 Easily 𝐬𝐲𝐧𝐜 multiple devices and printers 𝐭𝐨 𝐲𝐨𝐮𝐫 𝐏𝐎𝐒
👉🏼 Access 𝐚𝐮𝐭𝐨𝐦𝐚𝐭𝐞𝐝 and 𝐫𝐞𝐚𝐥-𝐭𝐢𝐦𝐞 𝐬𝐚𝐥𝐞𝐬 𝐫𝐞𝐩𝐨𝐫𝐭𝐬
Andito kami so you can focus on the things that matter to you the most. 😉

P/S: We're BIR-accredited too! 🤫

Caption 2:
Being an F&B business owner doesn't mean you have to sacrifice all your free time. 😫

StoreHub's POS system takes away all the stress of manual work so you can achieve the work-life balance that you need! ✨🧘🏼‍♀️ 

Our all-in-one POS allows you to:
👉🏼 Manage your business 𝐚𝐧𝐲𝐭𝐢𝐦𝐞, 𝐚𝐧𝐲𝐰𝐡𝐞𝐫𝐞, with just your mobile phone 
👉🏼 Easily 𝐬𝐲𝐧𝐜 multiple devices and printers 𝐭𝐨 𝐲𝐨𝐮𝐫 𝐏𝐎𝐒
👉🏼 Access 𝐚𝐮𝐭𝐨𝐦𝐚𝐭𝐞𝐝 and 𝐫𝐞𝐚𝐥-𝐭𝐢𝐦𝐞 𝐬𝐚𝐥𝐞𝐬 𝐫𝐞𝐩𝐨𝐫𝐭𝐬

We're here so you can focus on the things that matter to you the most. 😉

P/S: We're BIR-accredited too! 🤫",Don't Switch to StoreHub
24,"Caption 1:
This National Heroes Day, Empower Your Sales Heroes! 🇵🇭

Every meal served, every transaction made, it's all thanks to our incredible food service workers.   With StoreHub POS, you can make their work experience even better.   

Get the #1 Cloud-based POS at an affordable price! StoreHub is the fastest and  most user-friendly on the market - your team will thank you :) 

Book a free demo today!

 *T&Cs Apply    

Caption 2: 
🇵🇭 A Salute to the Heroes Behind the Sales! 🇵🇭
On National Heroes Day, let's recognize the efforts of those who keep our F&B businesses thriving. With StoreHub POS, offer them a user-friendly experience for just ₱1800/month.
 Get the #1 Cloud-based POS at an affordable price! StoreHub is the fastest and  most user-friendly on the market - your team will thank you :)

Book a free demo today!
 *T&Cs Apply   


Caption 3:
🇵🇭 Magbigay pugay sa ating F&B heroes! 🇵🇭 
Sa bawat sale, may kasamang sipag at tiyaga ng ating food service workers.   Gawing mas madali ang work nila with StoreHub POS.   It’s the most user-friendly and the fastest on the market. We guarantee your team will love it :)

 *T&Cs Apply

2024 - National Heroes Day

Caption 1 - with promo:

Today, as we come together to celebrate #NationalHeroesDay, let's pay tribute to our courageous heroes who made the ultimate sacrifice for our freedom.

Let their selflessness inspire us to strive for greatness and remember that each of us has the power to make a meaningful difference in the world.

In the spirit of their unwavering service, we're proud to offer exclusive discounts on our POS systems to elevate your business and contribute to a positive impact like our heroes. Happy National Heroes Day! 🇵🇭""

 *T&Cs Apply


Caption 2 - w/o promo:

Today, we commemorate the courage, dedication, and sacrifices of our national heroes who fought for our freedom and future. Their legacy continues to inspire us as we honor their exemplary contributions to our nation. Happy National Heroes Day! 🇵🇭""
",National Heroes Day
25,"Caption 1:

Sigurado ka bang BIR accredited ang POS mo? 🤔 
If not, you might be dealing with manual errors and fines that can go up to ₱𝟓𝟎,𝟎𝟎𝟎!
Sayang din yun diba? 
You deserve to operate your business worry-free. StoreHub’s all-in-one, BIR-accredited POS can do all the hard work for you.
✅ Get your POS BIR registered with the help of our awesome Onboarding Team
🤝Automatically print BIR Official receipts
📈 Easily get accurate Z-Reading reports for your stores

Book a free demo of StoreHub POS today! 


Caption 2:

Are you sure your current POS or cash register is BIR compliant? 🤔 
If not, you might be dealing with manual errors and fines that can go up to ₱𝟓𝟎,𝟎𝟎𝟎!
Sayang din yun diba? 
You deserve to operate your business worry-free. StoreHub’s all-in-one, BIR-accredited POS can do all the hard work for you.
✅ Get your POS BIR registered with the help of our awesome Onboarding Team
🤝Automatically print BIR Official receipts
📈 Easily get accurate Z-Reading reports for your stores

Book a free demo of StoreHub POS today! ",BIR Penalties
26,"Caption 1: 
Gusto mo ba maging successful na restaurant owner din?   💪 

Then dapat meron kang operational system na you can trust, even when you're not always at your store. 🌍 

Just listen to these top F&B entrepreneurs to learn more about how StoreHub has helped them 💕
 
Inspired ka na? Book a free demo of StoreHub today.

Caption 2:
What’s the secret to having a successful restaurant? 🤔

It’s having a reliable system to manage everything for you, wherever you are.   🌍

Just take it from these successful F&B entrepreneurs who trust StoreHub POS to grow their business! 💕

Want to be like them? Book a free demo of StoreHub today.

Caption 3:
Ano ba ang secret ng mga successful restaurant businesses? 🤔

It’s having a reliable system to manage everything for you, wherever you are.   🌍

Just take it from these successful F&B entrepreneurs who trust StoreHub POS to grow their business! 💕

Want to be like them? Book a free demo of StoreHub today.",Merchant Testimonial Video
27,"Looking for the most reliable POS system in the Philippines? 🧐

With StoreHub, everything about running your business and keeping your customers happy is hassle-free. 😎

Sign up for a free demo of StoreHub POS today.👇",Commune Testimonial
28,"Headline and image caption should be: “Choosing A POS System for your F&B Business?”
[Add ""A""]

New Captions: 
1. Don’t buy a POS System before reading this! 👀👇

Click here to compare details like pricing, hardware, and software for StoreHub and other local brands.
 
 
2. How does StoreHub POS compare with other POS brands? 👀👇 Get the full details here so you can make the best decision. Compare pricing, hardware, software features, and more!

3. Want to choose the best POS System for your F&B business? 👀👇 Click to see how StoreHub compares to other brands. Get the full details like pricing, hardware, software features, and more!
",Utak Comparison
29,"Caption 1: StoreHub POS can power your restaurant and cafe business for just 63pesos/day. The Ultimate POS System, Simplified

Caption 2: Looking for the most reliable POS system in the Philippines? 🧐

With StoreHub, everything about running your business and keeping your customers happy is hassle-free. 😎

Sign up for a free demo of StoreHub POS today.👇


Caption 3: Bakit ka pa bibili ng ibang POS brand when StoreHub has it all? 🤔💰

Hindi lang siya POS. Pati sales, inventory, and marketing meron din. Parang secret weapon na ng business mo! 🔑💼

Sign up for a demo of StoreHub today and start leveling up your business! 👨‍💼📈



Caption 4: Say goodbye to frustration and say hello to MORE SALES. 💰💰

With StoreHub POS system and Back Office, lahat magagawa mo na. Sales, inventory, analytics, marketing - all in one place.

Sign up for a free demo of StoreHub today!",Google Reviews Compilation
30,"Caption 1:

Gusto mo bang maging successful na restaurant or bar owner? 💪 

Then dapat meron kang operational system na you can trust, even when you're not always at your store. 🌍 

And that's StoreHub's BIR Accredited POS. Manage sales, inventory, and more. Kahit multiple printers gamit mo, kaya 'yan.

Inspired ka na? Book a free demo of StoreHub today.

Caption 2: 
Do you manage a restaurant, bar, or cafe? Don't miss out on having the perfect operational system for your store/s. ✨

And that's StoreHub's BIR Accredited POS. 

Manage sales and inventory from any device, anywhere. 🌍 

Sync multiple printers and registers, and run seamless operations.

Make the best decision for your business. 💪 Book a free demo of StoreHub today. 

Caption 3:
What’s the secret to having a successful restaurant, bar or cafe business? 🤔

It’s having a reliable operational system to manage everything for you, wherever you are.   🌍

15,000+ businesses trust StoreHub to grow their sales and get peace of mind.

Want to be like them? Book a free demo of StoreHub today.",Michael Testimonial
31,"For Cafe:

Attention all cafe owners! 📣 

Are you tired of managing multiple systems and struggling to grow your business? Look no further than Storehub!

💡 Our all-in-one POS system comes packed with over 30 features and is trusted by over 15,000 businesses.

🤝 Take your business to the next level with Storehub. 💪

Sign up now for a free demo and see the difference for yourself! 🚀 

For Restaurants:
Attention all restaurant owners! 📣 

Are you tired of managing multiple systems and struggling to grow your business? Look no further than Storehub!

💡 Our all-in-one POS system comes packed with over 30 features and is trusted by over 15,000 businesses.

🤝 Take your business to the next level with Storehub. 💪

Sign up now for a free demo and see the difference for yourself! 🚀 

Additional copy for both:
The Preferred Choice of Metro Manila's restaurants, bars, and cafes - StoreHub POS System. 💪
Ang pinaka-recommended na POS for Metro Manila's restaurants, bars, and cafes - StoreHub POS System. 💪",POS 360 Testimonial
32,"Caption 1:
What's the secret to growing your F&B and retail business to 5+ stores, but without the stress? 🤔💰

It's StoreHub POS. With our system, you can monitor transactions easily, from anywhere on any device! 

You won't have to deal with manual sales and inventory auditing ever again. 

What are you waiting for? Sign up for a demo so you can get started on business growth today! 💪

Caption 2:
Bakit ka pa bibili ng ibang POS brand when StoreHub has it all? 🤩

Hindi lang siya POS. Pati sales, inventory, and marketing meron din. Parang secret weapon na ng business mo! 💰💰

Sign up for a demo of StoreHub today and start leveling up your business!",Grow from 1 to 5+ outlets
33,"Caption 1:
Kakayanin ba ng current system mo ang shopping season? 🤔💰 Sulitin ang 'Ber Months with StoreHub. 🎄✨

Manage transactions and promotions easily with our POS na perfect for fast-paced retail and F&B businesses. ✔

Automate your inventory tracking so you don't go out of stock at the wrong time. ✔

Don't wait - Sign up for a demo of StoreHub POS today!

Caption 2:
Huwag malugi sa 'Ber Months! Get a POS system na kayang-kaya ang holiday rush! 💰💰

Manage transactions and promotions easily with our POS na perfect for fast-paced retail and F&B businesses. ✔

Automate your inventory tracking so you don't go out of stock at the wrong time. ✔

Don't wait - Sign up for a demo of StoreHub POS today!

Caption 3:
It's that time of the year again! 🧐🎄 Make the most of the holiday rush with StoreHub POS. 

Manage transactions and promotions easily with a system that's built for fast-paced retail and F&B businesses. ✔

Automate your inventory tracking so you don't go out of stock at the wrong time. ✔

Don't wait - Sign up for a demo of StoreHub POS today!",Ber Months
34,"Caption 1:
Ready na ba ang F&B or retail business mo for the Ber months? 🎄 

'Wag magpahuli! In this video, we’ve rounded up the top 3 tips you need to do so you can increase your sales through the holiday rush.

Caption 2:
Meron ka bang F&B or retail business?! Dapat ngayon palang nagreready ka na sa holiday shopping season! 🎄

If you want to really boost your sales, watch this video.


Caption 3:
Do you have an F&B or retail business and want to boost your sales this holiday season? 🎄

Make sure you watch this and make preparations before it's too late! ",Ber Months Preparation (S0)
35,"Caption 1:

From just ₱63/day get an all-in-one POS to manage your restaurant and personal life.

As a busy working mom and business owner, running a coffee shop can be a challenge. But with the help of StoreHub's cloud-based POS, managing F&B businesses at Brewers-Haven has never been easier for Loraine Consunji.

She can do the following anytime and anywhere:
☕️Track inventory
📈View real-time sales reports
👤 Manage staff attendance

Want to be as business and tech-savvy as her?

Book a free demo today and see how our POS can change the way you run your business.


Caption 2: 
""It's also our financial system. StoreHub has been very useful in giving those analytics and reports.""

Loraine Consunji shares how StoreHub made it easier for her monitor and manage F&B stores at Brewers-Haven. With our cloud-based POS, you can do the following:

☕️Track inventory
📈 Get real-time sales reports
👤 Manage staff attendance
💻 Remote access

Grow your F&B business in the coming months with StoreHub POS. Book a free demo today!",Brewers-Haven
36,"Caption 1: 

Sa mahal ng bilihin ngayon, make sure you don't waste your restaurant's key ingredients! 😰🍚🧅

With StoreHub's inventory tracking, you can...
✅ You can keep track of the ingredients for your dishes
✅ Automatically know if you're low in stock
✅ Save money by preventing overpurchasing

Find out more about how StoreHub POS can help you run a more efficient business. Book a free demo today! 


Caption 2:
How do you cope with food inflation as a restaurant owner? 😰🍚🧅

You need to make sure all your key ingredients are tracked accurately and real-time. 

You can do that with StoreHub's POS system. 💪

With StoreHub's inventory tracking, you can...
✅ You can keep track of the ingredients for your dishes
✅ Automatically know if you're low in stock
✅ Save money by preventing overpurchasing

Find out more about how StoreHub POS can help you run a more efficient business. Book a free demo today! ",Composite Inventory
37,"Caption 1: 
Why is StoreHub POS the system of choice for restaurant owners? 🤔

StoreHub gives restaurant owners peace of mind and all the data they need, even when they're not always at their store. 🌍 

Just listen to these top F&B entrepreneurs to learn more about how StoreHub has helped them 💕
 
Inspired ka na? Book a free demo of StoreHub today.

Caption 2:
What’s the secret to having a successful restaurant? 🤔

It’s having a reliable system to manage everything for you, wherever you are.   🌍

Just take it from these successful F&B entrepreneurs who trust StoreHub POS to grow their business! 💕

Want to be like them? Book a free demo of StoreHub today.

Caption 3:
Ano ba ang secret ng mga successful restaurant businesses? 🤔

It’s having a reliable system to manage everything for you, wherever you are.   🌍

Just take it from these successful F&B entrepreneurs who trust StoreHub POS to grow their business! 💕

Want to be like them? Book a free demo of StoreHub today.",Merchant Testimonial Video V2
38,"Caption 1: 

Managing a retail store with hundreds of SKUs is now super easy with StoreHub POS. ✨

Now you can...

✔ Automate inventory management
✔ Get alerts when stocks are low
✔ Process customer transactions quickly (no lag!)
✔ Check your store's inventory and sales data on your phone
✔ Manage employee shifts... and more!

Modernize your retail store operations with StoreHub. Book a demo today. 💪


Caption 2:
If you're managing a retail store with hundreds of SKUs, StoreHub is the POS system for you. 👌

Now you can...

✔ Automate inventory management
✔ Get alerts when stocks are low
✔ Process customer transactions quickly (no lag!)
✔ Check your store's inventory and sales data on your phone
✔ Manage employee shifts... and more!

Modernize your retail store operations with StoreHub. Book a demo today. 💪


Caption 3: 
Tired of slow, manual process and poor inventory tracking at your retail store? Then check out StoreHub POS! 👀

Now you can...

✔ Automate inventory management
✔ Get alerts when stocks are low
✔ Process customer transactions quickly (no lag!)
✔ Check your store's inventory and sales data on your phone
✔ Manage employee shifts... and more!

Modernize your retail store operations with StoreHub. Book a demo today. 💪",Recommended for Retail Testimonial
39,"**Ad Headline should include 'StoreHub is a BIR Accredited POS' since we don't have BIR logo on this video

Caption 1
Is your F&B or retail store ready for the holidays? Make the switch to StoreHub. Your life will be much easier. ✨

You’ll be able to…
✔Monitor sales and store performance, even remotely
✔ Easily sync multiple devices and printers to your POS
✔ Have automated and real-time inventory reporting

Now you can focus on growing your business without the hassle of errors and manual work. 💪

Interested? Book a demo today to explore all our features!

Caption 2
Do you own an F&B or retail store and still use pen and paper? Make the switch to StoreHub. Your life will be much easier. ✨

You’ll be able to have the perks of a modern POS like...
✔ Composite inventory
✔ Barcode scanning
✔ Real-time stock updates
✔ Remote sales monitoring
✔ Multiple device and printer syncing

All on one platform! 💪✨

Now you can focus on growing your business without the hassle of errors and manual work. 

Interested? Book a demo today to explore all our features!

Caption 3
Hate getting stuck in traffic just to check on your store? 😣  Make your life as an F&B or retail business owner much easier with StoreHub POS. 💪✨

You’ll be able to...
✔ Monitor sales and store performance, even remotely
✔ Easily sync multiple devices and printers to your POS
✔ Have automated and real-time inventory reporting

Eliminate time wasted on manual work and focus on the things that matter. 😇

Interested? Book a demo today to explore all our features!

Caption 4
Hate delaying your travel plans because you need to manually audit your store? 😫 Make your life as an F&B or retail business owner much easier with StoreHub POS.
You’ll be able to...
✔ Monitor sales and store performance, even remotely
✔ Easily sync multiple devices and printers to your POS
✔ Have automated and real-time inventory reporting

Eliminate time wasted on manual work and focus on the things that matter. 😇

Interested? Book a demo today to explore all our features!",Don't Switch to StoreHub Video V1
40,"Caption 1:
It's that time of the year again! 🧐🎄 Make the most of the holiday rush at your F&B or retail store with StoreHub POS. 

Handle increased demand easily. ✔

Manage your stores from anywhere and see sales data from any device. ✔

Update your inventory with new items in just a few seconds. ✔

Automate your inventory tracking so you don't go out of stock at the wrong time. ✔

Don't wait - Sign up for a demo of StoreHub POS today!


Caption 2:
Sobrang stressed ka ba about your business kasi end of year na? With StoreHub, you can have hassle-free operations at your store and focus on sales! ✨

Handle increased demand easily. ✔

Manage your stores from anywhere and see sales data from any device. ✔

Update your inventory with new items in just a few seconds. ✔

Automate your inventory tracking so you don't go out of stock at the wrong time. ✔

Don't wait - Sign up for a demo of StoreHub POS today!


Caption 3:
Need to go out of town during the holiday season but you still need to manage your store? 😥 You can get peace of mind about your store operations with StoreHub. ✨

With StoreHub, you can...

Manage your stores from anywhere and see sales data from any device. ✔

Update your inventory with new items in just a few seconds. ✔

Automate your inventory tracking so you don't go out of stock at the wrong time. ✔

Handle increased demand easily with a POS that's built for fast-paced retail and F&B businesses. ✔

Don't wait - Sign up for a demo of StoreHub POS today!",End of Year Stress
41,"Caption 1: Grabe ang traffic pag holiday season 🤦‍♀️ It would be nice if you could just manage your business from anywhere, right? 👀 

Access all your sales, employee shifts, and inventory, from your phone with the StoreHub POS System. 🤩 

Hindi mo na kailangan mastuck sa traffic just to check your stores. And may time ka na to focus on more important things for your business. 💰💰 

Book a StoreHub demo today! 


Caption 2: We can’t make traffic go away, but we can help you manage your business from anywhere. 👀 

Access all your sales and inventory data, employee shifts, and more, from your phone with the StoreHub POS System. ✨ 

You can spend more time growing your business 💰 and not stuck on the road! 😎 

Book a StoreHub demo today! 


Caption 3: What if you can spend less time sitting in traffic 😪, and more time making strategic decisions for your business? 👀 

You can do that with the StoreHub POS! 

Sales and inventory data, employee shifts, and more, are all accessible from anywhere, on any device. 🤩 

Manage your business from anywhere, and make every second of the day count! 💪 

Book a StoreHub demo today!",Eddon Multi-Store Management V2 
42,"Caption 1:
Seeing strange, spooky things happening at your restaurant? 👻  
Say goodbye to lost inventory, disappearing cash, and mysterious sales data with StoreHub's cloud-based POS. 🧙‍♀️
🦇 Don't let business horrors haunt you. Get StoreHub for a stress-free experience. 🎩
👉 Sign up for a StoreHub demo today! 🎃  🕸️ 

Caption 2:
Are problems haunting your restaurant business? 🧟
🍔 If you're a restaurant owner facing mysteries like lost inventory, missing cash, or strange sales reports, it's time to get StoreHub! 💰
🦇 This Halloween, treat yourself to the #1 cloud-based POS system. 
👉 Get a StoreHub demo today! 🎃

Caption 3:
May mga kababalaghan ba sa F&B biz mo? Wala ‘yan with StoreHub POS.  📦 
Say goodbye to lost inventory, disappearing cash, and mysterious sales data with StoreHub's cloud-based POS. 🧙‍♀️
🦇 Don't let business horrors haunt you. Get StoreHub for a stress-free experience. 🎩
👉 Get a StoreHub demo today! 🎃 

Caption 4:
🕸️ May katakot-takot ba na problems ba sa F&B biz mo? 🧟 Wala ‘yan with StoreHub POS.  📦 
Say goodbye to lost inventory, disappearing cash, and mysterious sales data with StoreHub's cloud-based POS. 🧙‍♀️
🦇 Don't let business horrors haunt you. Get StoreHub for a stress-free experience. 🎩
👉 Get a StoreHub demo today! 🎃 ",Halloween
43,"Caption 1:
🔥 Attention all restaurant owners!

 Turn your restaurant into a profit machine! 📈
🔹 BIR Accredited POS System 📋
🔹 Monitor Sales Anytime, Anywhere 📊
🔹 Simple Setup for All Staff ⚙️

Ready to boost your restaurant's efficiency?   📌 Sign up for a StoreHub POS demo today!


Caption 2:
🗨️ ""Anyone can get on it, learn it for 5 minutes, and it's straight to the point."" - Lui Clavano of Wagyu Studio

🔥 Discover Why Wagyu Studio Trusts StoreHub POS!

✅ BIR Accreditation
📊 Remote Monitoring & Analytics
⏱️ Easy Implementation
 Ready to boost your restaurant's efficiency?   📌 Sign up for a free StoreHub POS demo today!


Caption 3:
🎙️ ""Even when we're not here, we can monitor sales and item performance seamlessly with StoreHub."" - LA Clavano of Wagyu Studio
🔹 BIR Accreditation for Compliance 📋
🔹 Real-time Remote Monitoring & Analytics 📊
🔹 Easy-to-Implement Solution ⚙️

🚀 Revolutionize Your Restaurant Operations with StoreHub POS! Sign up for a free demo today!


Caption 4:
💡 Discover Why Wagyu Studio Chose StoreHub POS! 🍽️
🔹 BIR Accreditation ✅
🔹 Remote Monitoring & Analytics 📊
🔹 Easy Implementation ⏱️

🗣️ Hear it from the owners themselves in this video!  

Inspired now?  

🚀 Revolutionize Your Restaurant Operations with StoreHub POS. Sign up for a free demo today!",Wagyu Studio Testimonial
44,"Caption 1: 

🔥 Attention all restaurant owners! What's the secret to staying profitable even with inflation? 

With StoreHub's inventory tracking, you can...
✅ You can keep track of the ingredients for your dishes
✅ Automatically know if you're low in stock
✅ Save money by preventing overpurchasing

Find out more about how StoreHub POS can help you run a more efficient business. Book a free demo today! 


Caption 2:
How do you cope with food inflation as a restaurant owner? 😰🍚🧅

You need to make sure all your key ingredients are tracked accurately and real-time. 

You can do that with StoreHub's POS system. 💪

With StoreHub's inventory tracking, you can...
✅ You can keep track of the ingredients for your dishes
✅ Automatically know if you're low in stock
✅ Save money by preventing overpurchasing

Find out more about how StoreHub POS can help you run a more efficient business. Book a free demo today! ",Composite Inventory V3
45,"Headlines: All-in-One POS Limited Time Offer
🚨 Last Chance! This Offer Ends Soon 🚨
#1 BIR Accredited Cloud POS
20,000PHP OFF
The Ultimate Restaurant POS


Caption 1:
🔥 Restaurant owners, here's a limited time offer for you! 🔥

Give yourself and your business an early Christmas gift. 🎁

Now you can manage your restaurant remotely, empower staff members, and get peace of mind. 🌟

StoreHub All-in-One POS is the full system that turns your F&B business into a profit powerhouse! 

Don't miss out! 🚀 Sign up for a demo now!


Caption 2:
🔥 Restaurant owners, here's a limited time offer for you! 🔥

Imagine being able to manage your restaurant remotely, empower staff members, and have peace of mind. 🌟

StoreHub All-in-One POS can do that, and more, for your F&B business! 🔑💼

Elevate your game with this unbeatable offer. 🚀 Sign up for a demo today!


Caption 3:
⏰ Time's Ticking: Unlock the Ultimate F&B Solution Now!

Bakit ka pa bibili ng ibang POS brand when StoreHub has it all? 🤔💰

Hindi lang siya POS. Pati sales, inventory, and marketing meron din. Parang secret weapon na ng business mo! 🔑💼

Elevate your game with this unbeatable offer. 🚀 Sign up for a demo today!


Caption 4:
⏰ Time's Ticking: Unlock the Ultimate F&B Solution Now!

Imagine being able to manage your restaurant remotely, empower staff members, and have peace of mind. 🌟

StoreHub All-in-One POS can do that, and more, for your F&B business! 🔑💼

Elevate your game with this unbeatable offer. 🚀 Sign up for a demo today!
",Q4 Promo
46,"Taglish version 1: 

🔊 Mga restaurant owners! Curious ka ba paano mag-manage ng restaurant kahit di ka na nagbabantay everyday? 👀

With StoreHub POS, you can: 
✅ Access your sales and inventory from anywhere
✅ Manage employee attendance
✅ Monitor cash register use
✅ Manage orders from Foodpanda (no manual punching in required!)

I-level na ang business mo! Sign up for a free StoreHub POS demo today! 

Taglish version 2:
🔊 Mga restaurant owners! Curious ka ba paano mag-manage ng restaurant kahit di ka pumupunta doon every day? 👀

✅ Ma-access ang sales at inventory kahit saan
✅ I-track ang attendance ng employees mo
✅ Bantayan ang paggamit ng cash register
✅ I-manage ang orders galing sa Foodpanda (walang need mag-manual input!)

I-level na ang business mo! Sign up for a free StoreHub POS demo today! ",Manage Restaurant Effectively V2
47,"StoreHub vs Legacy POS Blog Post
https://www.storehub.com/ph/blog/storehub-vs-legacy-pos-system/

Creative: StoreHub vs Legacy POS

Headline: StoreHub vs Cash Register
Storehub vs Legacy POS
Cloud Based vs Cash Register
Cloud Based vs Legacy POS

Caption 1:
Restaurant owners: ano ba ang difference between a traditional POS and a cloud-based POS like StoreHub?   Do you know which one is cheaper? 🤔 
 Read this article to find out, and to help you choose the right system for your business! 🚀
 
Caption 2:
Mas mura ba ang StoreHub POS compared sa regular na cash register? Ano nga ba ang difference? 🤔
Read this article to learn more! 💡

Caption 3:
Restaurant owners: are you still using a traditional cash register or POS?  What’s the benefit of using a cloud-based solution like StoreHub POS?  🤔   

Read this article to learn more, and find out which one saves you more money! 
",Legacy POS Comparison
48,"StoreHub vs Utak POS Blog Post
https://www.storehub.com/ph/blog/storehub-vs-utak/

Creative: StoreHub vs Utak

Headline: Choose the Best POS for You
The Ultimate POS Comparison

1. Don’t buy a POS System before reading this! 👀👇

Click here to compare details like pricing, hardware, and software for StoreHub and other local brands.
 
2. How does StoreHub POS compare with other POS brands? 👀👇 Get the full details here so you can make the best decision. Compare pricing, hardware, software features, and more!

3. Want to choose the best POS System for your F&B business? 👀👇 Click to see how StoreHub compares to other brands. Get the full details like pricing, hardware, software features, and more!
",UTAK Comparison
49,"Headline: Kaya ba ng free POS ang restaurant mo? 🤔
Free vs Advanced POS Software 🤔
Free POS vs StoreHub: Make the right choice
Brand L POS vs StoreHub POS

Caption:
1. 📣 Restaurant owners! Should you use a free, basic POS or a POS with more advanced features? 🤔 Read this first to avoid costly mistakes! 👀

Get the full feature comparison here between StoreHub and other POS solutions so you can make the best decision. Compare pricing, hardware, software features, and more!

2. Can a free POS software handle your busy restaurant or cafe business? 🤔  Read this first to avoid costly mistakes! 👀

Get the full feature comparison here between StoreHub and other POS solutions so you can make the best decision. Compare pricing, hardware, software features, and more!

3. Thinking of using a free POS software for your restaurant? 👀 Read this first! 

Get the full feature comparison here between StoreHub and other POS solutions so you can make the best decision. Compare pricing, hardware, software features, and more!

4. 📣 Restaurant owners! Do you know there are a hidden costs with free POS software? 👀 Read this first to see if it's the best choice for your restaurant business!

Compare pricing, hardware, software features, and more!",Loyverse Comparison
50,"Caption 1: StoreHub POS can power your restaurant and cafe business starting from just 63pesos/day. The Ultimate POS System, Simplified

Caption 2: Looking for the most reliable POS system in the Philippines? 🧐

With StoreHub, everything about running your business and keeping your customers happy is hassle-free. 😎

Sign up for a free demo of StoreHub POS today.👇


Caption 3: Bakit ka pa bibili ng ibang POS brand when StoreHub has it all? 🤔💰

Hindi lang siya POS. Pati sales, inventory, and marketing meron din. Parang secret weapon na ng business mo! 🔑💼

Sign up for a demo of StoreHub today and start leveling up your business! 👨‍💼📈



Caption 4: Say goodbye to frustration and say hello to MORE SALES. 💰💰

With StoreHub POS system and Back Office, lahat magagawa mo na. Sales, inventory, analytics, marketing - all in one place.

Sign up for a free demo of StoreHub today!",VP Video Copy
51,"
Caption 1: 
Grabe na lang ang traffic araw-araw. 🤦‍♀️ It would be nice if you could just manage your business from anywhere, right? 👀

Access all your sales, employee shifts, and inventory, just from your phone or laptop with the StoreHub POS System. 🤩

Hindi mo na kailangan mastuck sa traffic just to check your stores. And may time ka na to focus on more important things for your business. 💰💰

Book a StoreHub demo today!

Caption 2:
Pasko (at traffic) nanaman muli! 🎄😮‍💨

We can’t make traffic go away, but we can help you manage your business from anywhere. 👀

Access all your sales and inventory data, employee shifts, and more, just from your phone or laptop with the StoreHub POS System. ✨

You can spend more time on the important things ❤️ this Christmas season and not stuck on the road! 😎

Book a StoreHub demo today!",Skip the traffic copy
52,"Caption 1:
🌟 Restaurant owners, gift yourself the joy of family time this festive season! 🎁

 With StoreHub's Cloud POS, you can step away from the daily grind and into the warmth of family gatherings. 🏠👨‍👩‍👧‍👦 

Check sales, track inventory, and monitor staff performance right from your phone. 📊📲. You’re always up to date, even without being at your store.  

✨ Spend less time on manual work and more time on the important things 🎉🌟

Book your StoreHub POS demo today!


Caption 2:
Attention, Filipino restaurant owners! 🌟 This holiday season, take control of your time.  

With StoreHub's Cloud POS, manage your F&B business from anywhere. 🌍👩‍💼

No more missing family dinners or important milestones. Check sales, track inventory, and monitor staff performance right from your phone. 📊📲 

🎅🏼 Make this Christmas about important connections. StoreHub gives you the freedom to be a business owner and a family person. 🎄❤️ 

Sign up for a demo now and unwrap a world of possibilities! 🚀🎁


Caption 3:
No more missing family dinners or important milestones. With StoreHub's Cloud POS, manage your F&B business from anywhere. 🌍👩‍💼

  Check sales, track inventory, and monitor staff performance right from your phone. 📊📲

🎅🏼 Make this Christmas about important connections. StoreHub gives you the freedom to be a business owner and a family person. 🎄❤️ 

Sign up for a demo now and unwrap a world of possibilities! 🚀🎁

",Christmas - Dream Outcome + Capability
53,"Caption 1: Are you a restaurant owner looking for a POS system? Here are 3 things you need to know first so you don't make the wrong, expensive decision! 👀

Caption 2: Restaurant owner ka ba na looking for a POS system? Bago gumastos, watch this video muna 👀 so you can make the right decision, and hindi sayang ang budget mo!",3 things you need to know
54,"Caption 1: 
Why is StoreHub POS the system of choice for restaurant owners? 🤔

StoreHub gives restaurant owners peace of mind and all the data they need, even when they're not always at their store. 🌍 

Just listen to these top F&B entrepreneurs to learn more about how StoreHub has helped them 💕
 
Inspired ka na? Book a free demo of StoreHub today.

Caption 2:
What’s the secret to having a successful restaurant? 🤔

It’s having a reliable system to manage everything for you, wherever you are.   🌍

Just take it from these successful F&B entrepreneurs who trust StoreHub POS to grow their business! 💕

Want to be like them? Book a free demo of StoreHub today.

Caption 3:
Ano ba ang secret ng mga successful restaurant businesses? 🤔

It’s having a reliable system to manage everything for you, wherever you are.   🌍

Just take it from these successful F&B entrepreneurs who trust StoreHub POS to grow their business! 💕

Want to be like them? Book a free demo of StoreHub today.

Caption 4:
15,000+ business owners in the Philippines and across Southeast Asia choose StoreHub POS. 

Why? 🤔

StoreHub is the all-in-one POS system that you can trust to manage everything for you, wherever you are. 🌍

Just take it from these successful F&B entrepreneurs who trust StoreHub POS to grow their business! 💕
",Merchant Mashup MY PH
55,"Caption 1:
For 63 pesos per day lang, you can get the best POS System in the Philippines para sa mga cafes ug restaurants. The complete POS System, made simple na. 💪✨ 

Caption 2:
📣 Attention all restaurant owners!
Nangita ka ba sa most reliable nga POS system sa Pilipinas? 🧐
Sa StoreHub, ang pagdagan sa imong business ug pagpasaya sa imong mga kustomer, walay hasol. 😎
Mag-sign up na para sa libre nga demo sa StoreHub POS karon.


Caption 3:
📣 Attention all restaurant owners!
Nganong mopalit pa man ug lain nga POS brand kung ang StoreHub kompleto na? 🤔💰
Dili lang POS ni. Apil na ang sales, inventory, ug marketing. Sama ra sa secret weapon sa imong negosyo! 🔑💼
i-level up na imong business 👨‍💼📈! Mag-sign up na para sa demo sa StoreHub!


Caption 4:
📣 Attention all restaurant owners!
Goodbye sa frustration ug hello sa MAS DAGHANG SALES. 💰💰
Sa StoreHub POS system ug Back Office, tanan mahimo na nimo. Sales, inventory, analytics, marketing - naa na tanan sa usa ka lugar.
Mag-sign up na para sa libre nga demo sa StoreHub!",Generic Cebuano ad copy
56,"Caption 1 
Ngano nga StoreHub POS ang top choice sa mga restaurant owners? 🤔
StoreHub gives peace of mind sa mga tag-iya sa restaurant ug tanan data nga kinahanglan, even kung dili sila kanunay sa ilang store. 🌍
Paminaw sa mga top F&B entrepreneurs to learn more unsaon pagtabang sa StoreHub sa ilaha 💕
Inspired na ka? Book a free demo of StoreHub today.

Caption 2
""What’s the secret sa pagka-successful sa imong restaurant? 🤔
It’s having a reliable system nga mag-manage sa tanan para nimo, wherever you are. 🌍
Just listen to these successful F&B entrepreneurs nga nag-trust sa StoreHub POS to grow their business! 💕
Want to be like them? Book a free demo of StoreHub today.""

Caption 3
Unsa'y secret sa mga successful restaurant businesses? 🤔
It’s having a reliable system nga mag-manage sa tanan para nimo, wherever ka man. 🌍
Just listen to these successful F&B entrepreneurs nga nag-trust sa StoreHub POS for their business growth! 💕
Want to be like them? Book a free demo of StoreHub today.

Caption 4 Translation
15,000+ business owners sa Philippines ug across Southeast Asia choose StoreHub POS.
Why kaha? 🤔
StoreHub is the all-in-one POS system nga pwede nimo saligan to manage everything for you, bisan asa ka pa. 🌍
Just listen to these successful F&B entrepreneurs nga nag-trust sa StoreHub POS to grow their business! 💕",Cebuano Merchant videos copy
57,"1: Want to Know Your Restaurant's Sales While on the Go? 🚶‍♂️💼

Keep track of your restaurant's performance from anywhere with StoreHub POS!

Our easy-to-use Manager App lets you see real-time sales, inventory, and cash register data.

Get peace of mind without being on-site.

With StoreHub, managing your restaurant is easy and stress-free.

Take control from your phone today. 📱✨

Get a StoreHub demo today!



2. How's Your Restaurant Doing Right Now? 🤔🏪 Find out instantly with StoreHub POS!

Our Manager App brings your restaurant's data to your fingertips.

Track sales, monitor products, and see cashier activities - all in real-time.

Managing your restaurant effectively has never been easier.

Discover the ease of StoreHub.

Get started with a demo today!



3. [Taglish copy T1 only]
🔊 Mga restaurant owners! Curious ka ba paano mag-manage ng restaurant kahit di ka na nagbabantay everyday? 👀

With StoreHub POS, you can: 
✅ Access your sales and inventory from anywhere
✅ Manage employee attendance
✅ Monitor cash register use
✅ Manage orders from Foodpanda (no manual punching in required!)

I-level na ang business mo! Sign up for a free StoreHub POS demo today! 



4.  [Taglish copy T1 only] 

🔊 Restaurant Owners! Need a Break but Worried About Your Business? 🏖️🚀

Hindi ka na mapapa-""sanaol"" with StoreHub POS!

Keep an eye on your restaurant's sales and operations, right from your phone. 📱✨

Our Manager App gives you real-time updates, for your peace of mind.

Stay in the loop, wherever you are, with StoreHub.

Simplify your restaurant management today.

Schedule a demo today!




5. [Cebuano copy T2/T3 Only]
🔥 Restaurant Owners! Gusto ba Nimong Ma-check ang Sales sa Imong Restawran Bisag On-the-Go ka? 🚶‍♂️💼

Track sa imong restaurant's performance bisan asa with StoreHub POS!

Ang among easy-to-use nga Manager App, makita nimo ang live sales, inventory, ug cash register data.

Chill ka lang, dili kinahanglan nga naa ka pirme on-site.

With StoreHub, chill ra ang pag-manage sa imong restawran.

Take control gamit ang imong phone today. 📱✨

Try our StoreHub demo na!",Manage Restaurant Effectively V3
58,"1: Have Multiple Restaurants and Can't Be Everywhere at Once? 🤔🌍

Check out StoreHub's All-in-One POS! 

Our BackOffice system lets you manage ALL your restaurants in 1 place. 

👀 Monitor sales data, inventory, attendance, from any device, anytime you want. 

It's like being in every place at once, but way easier. Keep everything running smooth without the stressful travel time.

With StoreHub, expanding your restaurant business is hassle-free. So book a demo today!


2. Overwhelmed by running multiple restaurants? Are your sales records getting chaotic? 🌟🏃‍♂️

Our BackOffice system lets you manage ALL your restaurants in 1 place. 

👀 Monitor sales data, inventory, attendance, from any device, anytime you want. 

It's like being in every place at once, but way easier. Keep everything running smooth without the stressful travel time.

With StoreHub, expanding your restaurant business is hassle-free. So book a demo today!


3. 🔥 Attention all restaurant owners!

Manage multiple stores without the stress, and watch your profits grow with StoreHub POS! 📈
🔹 BIR Accredited POS System 📋
🔹 Monitor Sales Anytime, Anywhere 📊
🔹 Simple Setup for All Staff ⚙️

Ready to grow your restaurant business? 📌 Sign up for a StoreHub POS demo today!",Best for multiple stores
59,"Cebuano (T2 only): 

Overwhelmed ba ka sa pag-manage sa mga restaurants? Nag-gubot ba imong sales records? 🌟🏃‍♂️

Ang among BackOffice system lets you manage ALL imong restaurants in 1 place lang.

👀 Monitor imong sales data, inventory, attendance, from any device, anytime you want.

It's like being in every place at once, pero mas easy ra. Keep everything running smooth without the stressful travel time.

With StoreHub, ang pag-expand sa imong restaurant business is hassle-free. So, book a demo today!""**


Tagalog (T1 only):
Pagod na sa pag-manage ng multiple restaurants? Sobrang gulo na ba ng records nyo? 😥

Our BackOffice system lets you manage ALL your restaurants in 1 place. 

👀 Monitor sales data, inventory, attendance, from any device, anytime you want. 

It's like being in every place at once, but way easier. Keep everything running smooth without the stressful travel time.

With StoreHub, expanding your restaurant business is hassle-free. So book a demo today!","Sugar and I (Taglish, Cebuano)"
60,"1:
Restaurant Owners, Show Your Business Some Love This Valentine's Day with StoreHub POS. 🌹 

StoreHub All-in-One makes the everyday hustle for you and your team easier and more efficient.  

From streamlined sales processing to effortless inventory reporting and management, let StoreHub be the heart of your business. ❤️

 Give the gift that keeps on giving! Sign up for a free demo of StoreHub POS today.   

2: 
Hey Restaurant Owners! ❤️ This Valentine's, let your team feel na valued sila. ✨

Get rid of tedious manual work with StoreHub POS and make every workday smoother and more efficient. 

  From quick and easy sales handling to automated inventory reporting, make StoreHub the heart of your business. 💕
 
Give the gift that keeps on giving! Sign up for a free demo of StoreHub POS today. 

3: 
 Hey Restaurant Owners! Love is in the air! 💕 So make sure your business operations is at its best. ✨  

With StoreHub's POS system, you can focus more on creating those perfect Valentine's moments for your customers. 

  From fast operations to keeping your inventory stocked with your customers’ favorites, StoreHub has you covered. Not just on Valentine’s Day, but from now on 🌹 Who said #walangforever? 

Let StoreHub be the heart of your business. Sign up for a free demo of StoreHub POS today.  
    ",Valentine's Day
61,"1: 🔈 Restaurant owners, are your customers complaining about slow service? 😫 
It's time to make the switch to a fast, all-in-one POS system that can do all the hard work for YOU. 

With StoreHub, you can:
💻 Easily take orders no matter how complicated they are
👌 Sync orders with a kitchen printer
🧾 Print Official Receipts (OR) because we're BIR Accredited
☁️ Enjoy cloud-based features that let you manage your business, wherever you are!
🤩 Access real-time data and sales in just one platform

Sign up to book your FREE demo today!

2: 🔈 Restaurant owners. Don't keep your customers waiting! 😫 

(Unless you like bad reviews!)

It's time to make the switch to a fast, all-in-one POS system that can do all the hard work for YOU. 

With StoreHub, you can:
💻 Easily take orders no matter how complicated they are
👌 Sync orders with a kitchen printer
🧾 Print Official Receipts (OR) because we're BIR Accredited
☁️ Enjoy cloud-based features that let you manage your business, wherever you are!
🤩 Access real-time data and sales in just one platform

Sign up to book your FREE demo today!",Angry Customers
62,"1:  🔈 Restaurant owners, is your business ready for BIR's tax mapping? 🧐

Non-compliance can lead to huge fines up to Php50,000 and operational headaches. Don’t risk it—switch to StoreHub POS! 

Our BIR-accredited POS system is designed for your peace of mind.
✅ Enjoy hassle-free BIR registration with our expert Onboarding Team.
🤝Ensure compliance with automatic Official Receipt (OR) printing.
📈 Generate accurate Z-Reading reports, making tax time a breeze.

Compliance has never been this easy.

Book your free StoreHub demo today!


2: 🔈 Restaurant owners! Do you want peace of mind when it comes to running your business? 

Get StoreHub's BIR Accredited POS. With StoreHub, you can...
✅ Enjoy hassle-free BIR registration with our expert Onboarding Team.
🤝Ensure compliance with automatic Official Receipt (OR) printing.
📈 Generate accurate Z-Reading reports, making tax time a breeze.

Compliance has never been this easy.

Book your free StoreHub demo today!


3: 🔈 Restaurant owners! Are you sure your current POS or cash register is BIR compliant? 🧐

Non-compliance can lead to huge fines up to Php50,000 and operational headaches. Don’t risk it—switch to StoreHub POS! 

Get StoreHub's BIR Accredited POS. With StoreHub, you can...
✅ Enjoy hassle-free BIR registration with our expert Onboarding Team.
🤝Ensure compliance with automatic Official Receipt (OR) printing.
📈 Generate accurate Z-Reading reports, making tax time a breeze.

Compliance has never been this easy.

Book your free StoreHub demo today!
",Worried about Tax Mapping
63,"1:
Attention restaurant owners! Looking for a POS that's as sleek and stylish as your store or cafe? Meet your perfect match - 𝐭𝐡𝐞 𝐒𝐭𝐨𝐫𝐞𝐇𝐮𝐛 𝐢𝐌𝐢𝐧 𝐅𝐚𝐥𝐜𝐨𝐧 𝟏 𝐏𝐎𝐒! 🤩

The POS system also comes with 𝐨𝐯𝐞𝐫 𝟑𝟎 𝐚𝐦𝐚𝐳𝐢𝐧𝐠 𝐟𝐞𝐚𝐭𝐮𝐫𝐞𝐬 that will make your business operations as smooth as ever! 

From processing orders super fast to skyrocketing sales and monitoring your staff's performance – StoreHub POS can do it all! 👏🏻

Here's what makes iMin Falcon 1 the BEST choice:

👍🏻 Space-saving design for your counter
💳 Responsive contactless payments
✅ Always connected with Bluetooth, 4G, and Wi-Fi
🧾 Built-in receipt printer for smooth transactions
⚡ Effortless connectivity with other devices

Interested? Sign up for a demo today!

2: Attention restaurant owners! Looking for the best POS system available? Meet your perfect match - 𝐭𝐡𝐞 𝐒𝐭𝐨𝐫𝐞𝐇𝐮𝐛 𝐢𝐌𝐢𝐧 𝐅𝐚𝐥𝐜𝐨𝐧 𝟏 𝐏𝐎𝐒! 🤩

The POS system also comes with 𝐨𝐯𝐞𝐫 𝟑𝟎 𝐚𝐦𝐚𝐳𝐢𝐧𝐠 𝐟𝐞𝐚𝐭𝐮𝐫𝐞𝐬 that will make your business operations as smooth as ever! 

From processing orders super fast to skyrocketing sales and monitoring your staff's performance – StoreHub POS can do it all! 👏🏻

Here's what makes iMin Falcon 1 the BEST choice:

👍🏻 Space-saving design for your counter
💳 Responsive contactless payments
✅ Always connected with Bluetooth, 4G, and Wi-Fi
🧾 Built-in receipt printer for smooth transactions
⚡ Effortless connectivity with other devices

Interested? Sign up for a demo today!
",Falcon Unboxing
64,"1: ""When we started the POS, we were able to eliminate 5% to 7% loss.""

Just like Jona, the owner of Happilee Korean Kitchen, you can make your business more efficient with StoreHub POS! 🤩

With StoreHub, you'll get:
✅ Accurate sales and inventory reports
✅ Reduced inventory wastage
✅ Less human errors
✅ Better profit margins
✅ Easy multi-store management
... and more!

What are you waiting for? Sign up for a free StoreHub demo today!

2: 📢 Restaurant owners! Did you know that human errors can be costing you at least 5% of your bottom line?! 😱

Just like Jona, the owner of Happilee Korean Kitchen, you can make your business more efficient with StoreHub POS! 🤩

With StoreHub, you'll get:
✅ Accurate sales and inventory reports
✅ Reduced inventory wastage
✅ Less human errors
✅ Better profit margins
✅ Easy multi-store management
... and more!

What are you waiting for? Sign up for a free StoreHub demo today! ",Happilee Testimonial #1
65,"1: It's already 2024 and you're still using pen and paper?! 😱

Switch to StoreHub POS and transform your business!

With StoreHub, you can...
✅  Automate inventory management
✅ Track sales in real-time
✅  Print Official Receipts (ORs)

Plus, you can enjoy benefits like saying goodbye to human errors, and more profits to your bottom line. 🤩

Upgrade now! Sign up for a free StoreHub demo today!

2. 📢 Restaurant owners! Did you know that human errors can be costing you at least 5% of your bottom line?! 😱

Switch to StoreHub POS and transform your business!

With StoreHub, you can...
✅  Automate inventory management
✅  Track sales in real-time
✅  Print Official Receipts (ORs)

Plus, you can enjoy benefits like saying goodbye to human errors, and more profits to your bottom line. 🤩

Upgrade now! Sign up for a free StoreHub demo today!",Pen and Paper
66,"1:
📣 Hey Restaurant Owners! Want to boost your profits by reducing operational costs? Use StoreHub POS!

Jona Lee of Happilee Korean Kitchen 🍜 reduced costs by 7% at her business with StoreHub. 

  Imagine simplifying your inventory 📊 and managing your restaurant’s sales and inventory from anywhere 🌍.   

Ready for the same success? 💰  Book your StoreHub demo today!


2:
📣 Hey Restaurant Owners! 2024 is the year to transform your business and reduce your costs. 💰 And StoreHub POS can help!

Say goodbye to managing sales and inventory on logbooks and Excel tracking. 📊

Manage your profit and loss properly with automated reports. 📊

Discover how easy it is to manage your business from anywhere! 📲🌍

Interested? Get a StoreHub demo today!


3:
📣 Are you a restaurant owner who wants more cost savings for your business? 💰 Do you want manage your business even while on-the-go? 📲🌍  

Jona Lee of Happilee Korean Kitchen took control of her costs with StoreHub POS. 

And, she achieved a 5 to 7% profit boost with StoreHub's advanced inventory system.💡   

Do you want the same results? 

Get StoreHub POS and take control of your business too! Book a StoreHub demo today.",Happilee Static Testimonial
67,"1:
🔥 Need a Restaurant POS Right Now? StoreHub is here with a BIR Accredited POS System, with 30+ features, and setup in just 7 days. Say goodbye to messy operations and manual tracking.

✅ Fast Setup: Up in 7 days. 
👌 Kitchen Sync: No order missed. 
🧑 Employee Management: Easy time-in with a selfie.
🧾 BIR Accredited: Print receipts worry-free. 
☁️ Cloud-Based: Access sales and inventory data anywhere, even on your phone.

🚀 Sign up today for a free demo!


2:
🔥 Restaurant owners, tired of wasting hours on inventory tracking? It’s time for a change. 

Choose StoreHub POS. Get 30+ features to automate sales and inventory operations, with setup in just 7 days. Say goodbye to messy operations and manual tracking.

✅ Fast Setup: Up in 7 days. 
👌 Kitchen Sync: No order missed. 
🧑 Employee Management: Easy time-in with a selfie.
🧾 BIR Accredited: Print receipts worry-free. 
☁️ Cloud-Based: Access sales and inventory data anywhere, even on your phone.

🚀 Sign up today for a free demo!


3:
🔥 Restaurant owners, is your current POS or cash register not working for you anymore?   With StoreHub, you can get a BIR Accredited, all-in-one system in 7 days. Say goodbye to slow systems, messy operations and manual tracking.

✅ Fast Setup: Up in 7 days. 
👌 Kitchen Sync: No order missed. 
🧑 Employee Management: Easy time-in with a selfie.
🧾 BIR Accredited: Print receipts worry-free.
☁️ Cloud-Based: Access sales and inventory data anywhere, even on your phone.

🚀 Sign up today for a free demo!",POS in 7 Days
68,"1: Hey restaurant owner! 👋 We noticed you left without completing your free demo request... That's crazy. 😱 

Don't miss out on getting a personalized POS consultation. Simply click Send Message and we'll assist you with booking your free demo. ❤️

2: Hey café owner! 👋 We noticed you left without completing your free demo request... That's crazy. 😱 

Don't miss out on getting a personalized POS consultation. Simply click Send Message and we'll assist you with booking your free demo. ❤️",Send Message Ad
69,"1:Hey restaurant owners!  Easter means new beginnings! 🌷 Upgrade your restaurant or operations with StoreHub POS with this special offer. ☀️

✅ Save 10+ hours a week on manual sales and inventory tracking.

✅ Grow your business efficiently, from 1 to 5+ stores. 

✅ Get visibility on your business performance on your phone, wherever you are!

Book your free demo today to get started with your #EasterUpgrade! 🐥

2: 🌼 Hey restaurant owners! This Easter, it's time to get rid of the old ways and get a fresh start. See more success this 2024 with StoreHub POS!

✅ Save 10+ hours a week on manual sales and inventory tracking.

✅ Grow your business efficiently, from 1 to 5+ stores. 

✅ Get visibility on your business performance on your phone, wherever you are!

Book your free demo today to get started with your #EasterUpgrade! 🐥

3:  Calling all cafe and restaurant owners! 🐣 This Easter, hatch a plan for success with StoreHub POS! Don't miss this special offer. ☀️

✅ Slash 10+ hours off your manual sales and inventory tracking per week.

✅ Grow easily, whether you're at 1 store or aiming to have more.

✅ Monitor your business's sales and inventory from anywhere, just by checking your phone.

Get your #EasterUpgrade with a free demo. Start your new beginning today! 🌱",Easter Ads
70,"[can adjust ""Sign Up"" to any button CTA we are using]

1: Hey restaurant owner! 👋 We noticed you left without completing your free StoreHub POS demo request... That's crazy. 😱 

Don't miss out on getting a personalized POS consultation. Simply click ""Sign Up"" and we'll assist you with booking your free demo. ❤️

2: Hey café owner! 👋 We noticed you left without completing your free demo request... That's crazy. 😱 

Don't miss out on getting a personalized POS consultation. Simply click ""Sign Up"" and we'll assist you with booking your free demo. ❤️",Carousel Ad
71,"1: Attention all cafe and bar owners! 📣 

Are you tired of managing multiple systems and struggling to grow your business? Look no further than Storehub! 💡 

Our all-in-one POS system comes packed with over 30 features and is trusted by over 15,000 businesses. 🤝 

Take your business to the next level with Storehub. 💪 Sign up now for a free demo and see the difference for yourself! 🚀 

Attention all restaurant owners! 📣 




2: Are you tired of managing multiple systems and struggling to grow your business? Look no further than Storehub! 💡 

Our all-in-one POS system comes packed with over 30 features and is trusted by over 15,000 businesses. 🤝 

Take your business to the next level with Storehub. 💪 

Sign up now for a free demo and see the difference for yourself! 🚀 



3: StoreHub POS can power your restaurant and cafe business starting from just 63pesos/day. The Ultimate POS System, Simplified

Restaurant owners! 📣  Looking for the most reliable POS system in the Philippines? 🧐

With StoreHub POS, everything about running your business and keeping your customers happy is hassle-free. 😎

Sign up for a free demo of StoreHub POS today.👇



4:: Bakit ka pa bibili ng ibang POS brand when StoreHub has it all? 🤔💰

Hindi lang siya POS. Pati sales, inventory, and marketing meron din. Parang secret weapon na ng business mo! 🔑💼

Sign up for a demo of StoreHub today and start leveling up your business! 👨‍💼📈



5: Say goodbye to frustration and say hello to MORE SALES. 💰💰

With StoreHub POS system and Back Office, lahat magagawa mo na. Sales, inventory, analytics, marketing - all in one place.

Sign up for a free demo of StoreHub today!",Sleek POS 360 Ad
72,"1: Restaurant owners! Looking for the best POS para sa restaurant mo? And BIR Accredited pa? 👀 

Whether you're looking for a dual-screen POS that can make ordering easier or a tablet-based POS that's sleek and compact, StoreHub's got you covered.😉

And, we're offering a FREE Demo just for you! All you have to do sign up to book your spot. 🙌

2: Restaurant owners, upgrade your restaurant's ordering and payment systems with StoreHub! Choose from our sleek dual-screen or tablet POS hardware. 🌟

And, we're offering a FREE POS Demo just for you! All you have to do sign up to book your spot. 🙌

3: Restaurant owners! Are you looking for the most reliable, BIR Accredited POS system for your restaurant? 👀 

Whether you're looking for a dual-screen POS that can make ordering easier or a tablet-based POS that's sleek and compact, StoreHub's got you covered.😉

And, we're offering a FREE Demo just for you! All you have to do sign up to book your spot. 🙌",Choose Your Fighter (Restaurant)
73,"1: Café owners! Looking for the best POS para sa coffee shop mo? And BIR Accredited pa? 👀

Whether you're looking for a dual-screen POS that can make ordering easier or a tablet-based POS that's sleek and compact, StoreHub's got you covered.😉

And, we're offering a FREE Demo just for you! All you have to do is sign up to book your spot. 🙌

2: Café owners, upgrade your coffee shop's ordering and payment systems with StoreHub! Choose from our sleek dual-screen or tablet POS hardware. 🌟

And, we're offering a FREE POS Demo just for you! All you have to do is sign up to book your spot. 🙌

3: Café owners! Are you looking for the most reliable, BIR Accredited POS system for your coffee shop? 👀

Whether you're looking for a dual-screen POS that can make ordering easier or a tablet-based POS that's sleek and compact, StoreHub's got you covered.😉

And, we're offering a FREE Demo just for you! All you have to do is sign up to book your spot. 🙌
",Choose Your Fighter (Cafe)
74,"Ad Copy 1:
🤔 Enough na ba ang mga free na POS and spreadsheet for your restaurant?

🌟 If you really want to run a legit restaurant business, then learn from Jona Lee of Happilee Korean Kitchen and get a proper BIR Accredited POS System like StoreHub.

Enjoy benefits like:
✅ BIR Accredited (Prints Official Receipts)
☁️ Cloud-based
📱 Sales and inventory data you can check on your phone
💵 And most of all, an affordable price!

🚀 Don’t miss out on your business growth. Sign up for your free StoreHub demo today.


Ad Copy 2:
🚨 Restaurant owners! Before you choose a POS System, watch this first before you make the wrong decision!

💡 If you really want to run a legit restaurant business, then learn from Jona Lee of Happilee Korean Kitchen and get a proper BIR Accredited POS System like StoreHub.

Enjoy benefits like:
* ✅ BIR Accredited (Prints Official Receipts)
* ☁️ Cloud-based
* 📱 Sales and inventory data you can check on your phone
* 💡 And most of all, value for money!

🚀 Don’t miss out on your business growth. Sign up for your free StoreHub demo today.


Ad Copy 3:
🚫 Alam mo ba na with some free POS apps out there, magkaka-issues ka lang later on?

🔍 If you really want to run a legit restaurant business, then learn from Jona Lee of Happilee Korean Kitchen and get a proper BIR Accredited POS System like StoreHub.

Enjoy benefits like:
* ✅ BIR Accredited (Prints Official Receipts)
* ☁️ Cloud-based
* 📱 Sales and inventory data you can check on your phone
* 💵 And most of all, an affordable price!

📈 Don’t miss out on your business growth. Sign up for your free StoreHub demo today.


Ad Copy 4:
❓ Restaurant owners. Are you managing your restaurant on spreadsheets and free POS apps? You might be limiting your business, and have more problems in the future!

👩‍🍳 If you really want to run a legit restaurant business, then learn from Jona Lee of Happilee Korean Kitchen and get a proper BIR Accredited POS System like StoreHub.

Enjoy benefits like:
* ✅ BIR Accredited (Prints Official Receipts)
* ☁️ Cloud-based
* 📱 Sales and inventory data you can check on your phone
* 💵 And most of all, an affordable price!

🌟 Don’t miss out on your business growth. Sign up for your free StoreHub demo today.


",Happilee VP Video 2 (Problem with Free POS)
75,"1:  🔈 Retail store owners, is your business ready for BIR's tax mapping? 🧐

Non-compliance can lead to huge fines up to Php50,000 and operational headaches. Don’t risk it—switch to StoreHub POS! 

Our BIR-accredited POS system is designed for your peace of mind.
✅ Enjoy hassle-free BIR registration with our expert Onboarding Team.
🤝Ensure compliance with automatic Official Receipt (OR) printing.
📈 Generate accurate Z-Reading reports, making tax time a breeze.

Compliance has never been this easy.

Book your free StoreHub demo today!


2: 🔈 Retail store owners! Do you want peace of mind when it comes to running your business? 

Get StoreHub's BIR Accredited POS. With StoreHub, you can...
✅ Enjoy hassle-free BIR registration with our expert Onboarding Team.
🤝Ensure compliance with automatic Official Receipt (OR) printing.
📈 Generate accurate Z-Reading reports, making tax time a breeze.

Compliance has never been this easy.

Book your free StoreHub demo today!


3: 🔈 Retail store owners! Are you sure your current POS or cash register is BIR compliant? 🧐

Non-compliance can lead to huge fines up to Php50,000 and operational headaches. Don’t risk it—switch to StoreHub POS! 

Get StoreHub's BIR Accredited POS. With StoreHub, you can...
✅ Enjoy hassle-free BIR registration with our expert Onboarding Team.
🤝Ensure compliance with automatic Official Receipt (OR) printing.
📈 Generate accurate Z-Reading reports, making tax time a breeze.

Compliance has never been this easy.

Book your free StoreHub demo today!",Worried about Tax Mapping (Retail)
76,Hear from our happy customers! Find out why Philippines' F&B businesses choose StoreHub.,Hear from our happy customers! 
77,"🔈Calling all Cafe and Restaurant Owners! 

Get ready for the rainy season with StoreHub's POS and keep your business growing rain 🌧️ or shine☀️. 

Make your operations weatherproof with the following benefits:

💡 Complete Inventory Management
☕ Easy Menu Optimization
📈 Real-time Analytics & Reports
🏆 and BIR ACCREDITED!

Ready to make a splash? Sign up for your free demo.

#StoreHubPOS #WeatherProofGrowth ",Upcoming rainy season
78,"Is your POS holding you back? 🚫 Upgrade now to stay ahead! 

Get a system that's BIR Accredited, offers detailed sales reports, and provides full visibility and remote access. 

Simplify your operations with seamless integration.

Make the smart move and upgrade to StoreHub today!",5 Signs You Need To Upgrade Your POS (video)
79,"Upgrade Your POS Now or Fall Behind! 🚫 Don't Let Your POS Hold You Back!

Switch to a BIR Accredited POS with comprehensive sales reports, complete visibility, and remote access. 

And enjoy seamless integration.

Make the smart move and upgrade today!",5 Signs You Need To Upgrade Your POS (static)
80,"Experience the ultimate point-of-sale solution customized for your food and beverage business.

Get it now for as low as Php63/day and see how our POS system can benefit your business.business.",Switched our POS with StoreHub and we’re so happy we did!
81,"Looking for a reliable POS partner to help your F&B business succeed?

Our POS system is designed to support your success.

Sign up now for a free StoreHub POS Demo and take the first step towards achieving your business goals.",Best Accredited POS For FnB Business
82,"Are you looking for a reliable POS partner to drive the success of your retail business? 

Our POS system is tailored to achieve your success.

Book your free demo now to see how we can help you succeed.",Best Accredited POS For Retail Business
83,"Caption 1:

Why Choose StoreHub POS?

One of our satisfied ""Lifestyle Shop"" shares his top three reasons: Fast Checkout, enhanced Transparency and Customer Experience, and our user-friendly Cashback Reward system. 

StoreHub POS makes it easy to manage your business while keep your customers coming back. 

Don't miss out—schedule a demo and see the benefits for yourself!


Caption 2:

Why Choose StoreHub POS? Here's Why! 

Fast Checkout, Transparency, and exceptional Customer Experience with Cashback Rewards are just a few reasons why our merchants love StoreHub POS. 

Tailored for busy small and medium business owners in the retail and restaurant sectors, StoreHub POS is the ultimate business solution. 

See for yourself—book a demo today!


Caption 3:

Discover why business owners love StoreHub POS: 

Fast checkouts that save time, transparency that builds trust, and a customer experience that keeps them coming back. 

Plus, our Cashback rewards feature makes loyalty simple. 

Perfect for busy Lifestyle Shop owners. 

See it in action—schedule your demo today!""


Headline 1: StoreHub: Your Partner POS Solution
Headline 2: Speed, Clarity, Rewards = StoreHub POS
Headline 3: Maximize Efficiency with StoreHub","Thecolorbar podcast VP1:
3 reasons why to choose StoreHub POS"
84,"Caption 1:

Running a business is challenging, but getting support shouldn't be. 

With StoreHub, you'll experience seamless onboarding and exceptional customer care. 

Discover why so many FnB, Retail, and Services' owners trust us. 

Try a free demo today and see the StoreHub difference!


Caption 2: 

At StoreHub, we understand the importance of reliable support. 

Our onboarding process is smooth and straightforward, and our customer care team is always ready to help, no matter the time. 

Join the community of lifestyle shop owners who rely on us for their POS needs. 

And see the difference with a free demo today!


Caption 3:

Your business deserves the best support, and that's exactly what StoreHub provides—a dedicated team to help you from start-up to success.

Join the community of business owners who rely on us for their POS.

Feel confident and satisfied with StoreHub. Book a demo now.

Headline 1: Try StoreHub: Easy setup, 24/7 support.
Headline 2: Most Reliable POS in the Philippines
Headline 3: Easy onboarding, 24/7 support. Demo now!","Thecolorbar podcast VP2: Easy onboarding even better support with Storehub POS
"
85,"Draft Caption 1: Call out

Busy Retail & Restaurant Owners, This is for You! 🌟 

StoreHub’s Cashback program is the perfect Loyalty Program for your business. Easy to implement and fully integrated, it’s designed to boost customer loyalty and increase repeat visits. 

Want to see it in action? Book a demo today and discover how simple it is to reward your customers! 🎁

Draft Caption 2: Introducing Cashback

Introducing StoreHub Cashback – The Ultimate Loyalty Program for Your Business! 

Simplify your customer rewards with our fully integrated system. Perfect for busy retail and restaurant owners, StoreHub Cashback is easy to implement and highly effective. 

Want to see the benefits for yourself? Book a demo now and start rewarding your customers! 🏪",Thecolorbar podcast VP3: Cashback
86,"Caption 1:

Are you frustrated with your POS system letting you down during peak hours? What if there was a solution that guarantees reliable support whenever you need it?

With StoreHub's after-sales service, you'll always be supported. 

Ready to test and prove yourself? Click here to discover more.


Caption 2:

Technical issues during the busiest times? It’s more common than you think. But it doesn’t have to be that way.

StoreHub’s customer service is built for business owners who need quick and valuable solutions.

Get the top-notch support your business deserves with StoreHub. Don't miss out—experience it now.


Caption 3:

Your POS system isn't just a tool—it's the backbone of your business. Shouldn't your support system be just as reliable?

StoreHub's after-sales team ensures you're covered when it matters most.

Discover the POS that's always there for you. StoreHub has your back.",Thecolorbar podcast VP 4: Multi-store Management
87,"Caption 1:

Caption 2:

Caption 3:


Headline:
Headline:
Headline:",Thecolorbar VP 5: Why StoreHub is worth every penny
88,,Candid Coffee VP 1
89,"Caption 1:
Is your restaurant paperwork stealing your time and draining your energy? You're not alone.

Running a restaurant is no easy feat – every minute counts. Our loyal merchant at Candid Coffee felt the strain, spending hours every week on paperwork and data logging. That was before he switched to StoreHub.
Now, he’s freed up 8 hours a week by cutting out manual data logging. With our system, those hours were freed up instantly. He’s now using that time to focus on creating new dishes, training staff, and delivering a better customer experience. 

Book a FREE demo to see how a simple switch can transform YOUR business.

Caption 2:
When you’re in the restaurant business, admin tasks can creep up on you. For one of our merchants, data logging and paperwork were eating into 8 hours of his week – time that could have been better spent elsewhere. That’s when he turned to our POS system. By automating the process, he cut down on manual work and rediscovered his passion for the front of the house. He’s now able to dedicate his energy to growing the business, while the system handles the tedious tasks.

Book a FREE demo to see how a simple switch can transform YOUR business.

Caption 3:
How one restaurant owner gained a full day back each week.

For one restaurant owner, the shift to using our POS system was a game-changer. Before, he was spending an entire day each week on admin – logging data, processing receipts, tracking sales. It was draining. Once he adopted our POS system, he immediately shaved 8 hours off his week.

That’s a full day back to focus on expanding his menu, creating better customer experiences, and managing his team more effectively.

Book a FREE demo to see how a simple switch can transform YOUR business.

Caption 4: 

Tired of spending hours sorting through inventory and managing paperwork? Your time is precious, but juggling sales, inventory, and finances is draining.

Storehub simplifies it all. From tracking inventory to processing payments seamlessly, it’s a one-stop solution designed to make managing your business easy.

Watch how Candid Coffee took control of their operations with Storehub. Learn how Storehub helped them save time, streamline tasks, and focus on what truly matters — growing their business.

Book a free demo and see how Storehub can transform your business.

Headline:
Headline:
Headline:",Candid Coffee VP 2 - Inventory and paperwork
90,"Caption 1:
Managing operations across multiple restaurant locations can be overwhelming. 

For one of our favorite cafe owners, managing multiple locations was a complex task. Data collection was inconsistent, and inventory management was a headache. Enter our POS system – now, he tracks everything in real-time, from sales to stock levels, all on one platform.

Reporting across locations has never been simpler, and with the addition of our online store and delivery app, his reach has expanded dramatically.

He’s delivering to more customers faster, without breaking a sweat. His success shows what’s possible when technology works for you, not against you.

Book a FREE demo to see how a simple switch can transform YOUR business.

Caption 2:
One of our merchants was running into the same problem many multi-location restaurants face – the chaos of managing inventory, reporting, and data collection across different sites. Then he switched to our POS system. Now, everything is connected in one simple interface. From tracking inventory at each location to generating reports.

Book a FREE demo to see how a simple switch can transform YOUR business.

Caption 3:
Managing operations for several restaurant locations is tough – especially when you’re dealing with scattered data and inconsistent reporting. One of our loyal customers was feeling that pressure until he started using our POS system. Now, he’s streamlined everything – from data collection to inventory management, all in one place.

Book a FREE demo to see how a simple switch can transform YOUR business.

Caption 4:

Need help managing multiple stores and keeping track of everything manually?

Storehub's automated POS system is designed to help you manage sales and inventory and report across all your locations effortlessly.

See how Candid Coffee uses Storehub to streamline its operations and simplify multi-store management with our intuitive features.

Gain total control of your business without the manual hassle. Book a free demo today and discover how Storehub can transform your operations.

Headline:
Headline:
Headline:",Candid Coffee VP 3 - Multiple Store
91,,Candid Coffee VP 4
92,,
93,"Caption 1:

Running a business is tough. Your POS support shouldn’t make it harder. 🕒

Imagine having reliable support whenever you need it.

With StoreHub’s after-sales service, you always get that help - from busy times to urgent issues, we keep your business running smoothly. 

Find out how StoreHub can help your business today.

Caption 2:

Your business cannot afford downtime, and with StoreHub, you will not have to.

Our reliable after-sales support is always available to ensure your POS runs smoothly, allowing you to focus on what matters most.

Learn more about how StoreHub can benefit your business today.
",BTC_TWEND_VP#4
94,,
95,"Caption #1 - English:

Are you running a busy café and struggling to keep track of inventory or manage orders during the morning rush?

With StoreHub’s POS, streamline every part of your cafe’s operations—from fast and easy transactions to accurate inventory management.

Plus, you get real-time reports that help you make quick, data-driven decisions, ensuring efficient business operations and satisfied customers.

Sign up for a demo today to see how StoreHub can fuel your cafe’s growth!

Caption #2 - Taglish

Busy ang cafe mo at nahihirapan ka mag-manage ng inventory at orders, lalo na sa morning rush? 

Mag StoreHub POS ka na! Mas magiging smooth ang operations ng cafe mo—from easy and fast transactions to accurate inventory management. 

May real-time reports ka pa for quick, data-driven decisions para laging maayos ang business at satisfied ang mga customers mo.

Sign up for a demo today at para ma discover how StoreHub can level up your cafe!

Caption #3 - Taglish v2

Struggling ka ba to keep track of inventory or manage orders during the morning rush sa café mo?

Mag-switch ka na to StoreHub’s POS! Ensure smooth day-to-day operations—from fast transactions to accurate inventory management.

May real-time reports ka pa to help you make quick, data-driven decisions, para laging satisfied ang customers mo!

Interested? Sign up for a FREE demo today!",POS-Cafe
96,,
97,"Caption #1 - English:

Are you tired of managing inventory and tracking orders by hand, especially when your restaurant is packed?

StoreHub’s POS can help you handle every detail effortlessly—inventory, orders, and payments are all simplified.

Access real-time analytics that let you stay on top of sales trends and optimize your menu, even during peak hours.

Get a demo and see how StoreHub can improve your restaurant operations!

Caption #2: - Taglish:

Pagod ka na ba sa manual na pag-manage ng inventory at orders ng restaurant mo?

Sa StoreHub POS, mas madali ang pag manage ng operations mo—inventory, orders, at payments, lahat pina simple at pinadali.

May real-time reports pa para lagi kang informed sa sales performance mo at ma-optimize ang menu mo, lalo na kapag peak hours.

Interesado ka na ba? Magpa-demo para makita kung paano makatutulong ang StoreHub sa restaurant business mo.

Caption #3: - Taglish v2:

Pagod ka na bang mag-manage ng inventory at orders MANUALLY sa restaurant mo?

With StoreHub’s POS, you don't need to anymore! Manage everything—from inventory to orders and payments—in one platform, making operations easier and faster than ever.

Plus, may real-time reports ka pa to keep you informed about your sales, your staffs, and para ma-optimize mo ang menu mo, especially during peak hours.

Gusto mo bang malaman kung paano? Mag-book na ng FREE demo for your restaurant today!",POS-Restaurant
98,,
99,"Caption #1 - English:

Are you running a retail store but struggling to keep track of stock and make quick sales reports?

With StoreHub’s POS, you can stay organized with inventory, get real-time sales data, and provide seamless transactions.

Access analytics that helps you make smart decisions for restocking and promotions, ensuring you’re always in control.

Book a demo today and discover how StoreHub can simplify your retail business!

Caption #2 - Taglish

May retail store ka, pero nahihirapan kang i-track ang stocks at gumawa ng mabilis na sales reports?

Sa StoreHub POS, organized ka sa inventory, may real-time sales data ka, at smooth ang transactions mo.

May analytics ka pa para sa smart decisions sa restocking at promotions—laging on top ka sa business mo.

Book a demo today at discover how StoreHub can simplify your retail operations!",POS-Retail
100,"English Version - Variation 1
Headline:
""Manage Your Stores from Anywhere, Anytime! 📱🌐""

Caption:
Running multiple locations?
Yardstick Coffee can relate—thanks to StoreHub’s cloud POS, they’re always in control.

With real-time reporting and remote access, Yardstick tracks every sale, every second, no matter where they are.

Imagine the power to make smart, fast decisions, wherever you are!
👉 Book a FREE demo today and see the StoreHub difference.

Taglish Version - Variation 1
Headline:
""Nasa kamay mo ang bawat branch, kahit malayo ka! 📱🌐""

Caption:
Pag-manage ng maraming branches?
Para kay Yardstick Coffee, mas madali ito dahil sa StoreHub’s cloud-based POS.

Real-time ang sales data at remote access ang sistema, kaya updated sila kahit saan.
Imagine ang business na kontrolado mo, anytime, anywhere.

👉 Book a FREE demo ngayon at makita ang power ng StoreHub!

English Version - Variation 2
Headline:
""Smart Decisions, Anytime, Anywhere! 📲""

Caption:
Running a business with multiple stores can be tough. But Yardstick Coffee found the solution with StoreHub’s cloud-based POS.

Now, they get real-time insights on everything from sales to inventory, no matter where they are.
Making fast, data-driven decisions is easier than ever. 📈✨

Want that same advantage?
👉 Book a FREE demo today to see how StoreHub empowers your business!

Taglish Version - Variation 2
Headline:
""Mabilis na desisyon, kahit saan! 📲""

Caption:
Alam naming challenging mag-manage ng maraming branches.
Pero si Yardstick Coffee, nakahanap ng sagot sa StoreHub cloud POS!

Real-time insights sa lahat—sales, inventory, at updates.
Mabilis na pagdesisyon, kahit nasaan ka. 📈✨

Gusto mo bang mapadali ang business mo?
👉 Book a FREE demo ngayon at alamin paano tumulong ang StoreHub sa’yo!",Yardstick Coffee - VP 1 - Real-time Reporting + Cloud-Based Backend
101,"English Version - Variation 1
Headline:
""Ready to Expand? We’ve Got Your Back! 🏢""

Caption:
Opening a new store in a mall?
StoreHub’s POS is already accredited with most malls across the Philippines!

For Yardstick Coffee, that means less time on paperwork and more time growing their business.
Quick approvals. Faster openings. Easier expansion. 🏬✨

👉 Simplify your mall opening process with StoreHub—Book a FREE demo today!

English Version - Variation 2
Headline:
""Get Mall-Ready in Less Time with StoreHub! 🏢💼""

Caption:
Expanding to a mall location?
StoreHub’s POS is pre-accredited with most malls in the Philippines, so you can skip the extra steps and start selling.

Yardstick Coffee has saved both time and money with StoreHub’s seamless integration.
Open on time, every time! ⏰

👉 Want a faster, smoother opening process? Book a FREE demo!

English Version - Variation 3
Headline:
""Get Mall-Ready in Less Time with StoreHub! 🏢""

Caption:
Are you opening a new store in a mall?

StoreHub's POS is already accredited with most malls in the Philippines, so you can skip the extra steps and start selling.

Yardstick Coffee has saved both time and money with StoreHub's seamless integration. Open on time, every time! ⏰

👉 Simplify your mall opening process with StoreHub—Book a FREE demo today!

Taglish Version - Variation 1
Headline:
""Gustong mag-open ng branch sa mall? Nandito kami! 🏢""

Caption:
Para kay Yardstick Coffee, ang pag-open ng mall branch ay mas madali sa tulong ng StoreHub.

Dahil pre-accredited na ang StoreHub POS sa halos lahat ng malls,
Mas mabilis mag-operate, mas kaunti ang hassle.

👉 I-book ang FREE demo mo para malaman kung paano mag-expand ng madali! 📈

Taglish Version - Variation 2
Headline:
""Expand sa mall nang mas mabilis with StoreHub! 🏬💡""

Caption:
Gustong magbukas ng bagong branch?
StoreHub POS is pre-accredited sa karamihan ng malls sa Pilipinas!

Para kay Yardstick Coffee, that means less oras sa paperwork, at more time para makabenta agad.
Tamang partner para sa hassle-free mall expansion!

👉 Book a FREE demo ngayon para malaman pa!",Yardstick Coffee - VP 2 - Mall Accreditation for Seamless Operation
102,"English Version - Variation 1
Headline:
""Fast Service, Happy Customers. ☕🚀""

Caption:
Managing a multi-store business has its challenges. ☕🚀

For Yardstick Coffee, swift action and accurate data make all the difference.

With StoreHub's powerful data collection and reporting, Yardstick Coffee can access transaction details instantly, allowing them to resolve customer issues before they can turn into complaints. 😊

English Version - Variation 2
Headline:
""Turn Customer Issues into Opportunities to Shine! 🌟""

Caption:
Yardstick Coffee knows customer service is key.
Thanks to StoreHub, they can respond to any customer query fast with precise data, turning potential complaints into positive experiences.

With quick access to every transaction, Yardstick creates smooth, memorable experiences for every guest. ☕✨

And you can too!
👉 Book a FREE demo today to see how StoreHub can help boost your customer service!

English Version - Variation 3
Headline:
""Service Excellence, Powered by Smart Tech! 💡""

Caption:
Every interaction matters at Yardstick Coffee.
With StoreHub, they access transaction details instantly, handling customer issues on the spot.

This turns an issue into an opportunity to impress, creating loyal customers along the way.

👉 Book a FREE demo and discover how StoreHub can elevate your service!

",Yardstick Coffee - VP 3 - Customer Experience
103,"English Version - Variation 1
Headline:
""Quick Responses = Happy Customers ☕✨""

Caption:
Can’t track daily sales and customer data easily? That was Yardstick Coffee’s challenge too.

But with StoreHub’s cloud-based POS, they can now access real-time customer data anytime.
One quick look at past transactions lets them turn potential complaints into positive experiences. 📈

Gain the edge with fast responses and data that powers your every decision.

👉 Book a FREE demo now to see how StoreHub can simplify your service! 😊

English Version - Variation 2
Headline:
""Turn Complaints into Wins with Instant Data Access! 🌟""

Caption:
Yardstick Coffee wanted to respond faster to customer needs.
With StoreHub, they accessed data instantly and resolved a recent customer complaint on the spot. 💨

Thanks to real-time reports, Yardstick can make day-to-day decisions that keep customers happy and business smooth.

👉 Book a FREE demo today to see how StoreHub can do the same for you! 🚀

English Version - Variation 3
Headline:
""Customer Service on Point with Cloud-Based Data 📊💨""

Caption:
For Yardstick Coffee, instant data access means they can handle customer issues fast—transforming complaints into wins.

StoreHub gives them the tools to be data-driven, responsive, and customer-focused every day.

👉 Book a FREE demo to see how StoreHub can enhance your service too!

",Yardstick Coffee - VP 4 - Losing Critical Data
104,"English Version - Variation 1
Headline:
""Outdated POS slowing you down? Upgrade today! 🚀""

Caption:
Yardstick Coffee used to deal with slow, outdated POS systems—manual data entry, inefficiency, and frustrated customers.

Now, with StoreHub, onboarding is faster and easier for their team. No more retraining required! 🙌

Most merchants get started in just 7 days with minimal training required.

👉 Upgrade to the #1 POS system in the Philippines! ☕

English Version - Variation 2
Headline:
""Ditch the ‘Dinosaur Cashier’ 🦖—Upgrade to StoreHub!""

Caption:
Printing receipts too slow? Manually entering data? Yardstick Coffee knows the struggle.

That’s why they switched to StoreHub! With an easy-to-learn system, their team was up and running across stores in no time. No more inefficiencies. 💨

Join the businesses that onboard in just 7 days.

👉 Switch to StoreHub today—the #1 POS system in the Philippines!

English Version - Variation 3
Headline:
""Upgrade Your POS in Just 7 Days! ⏱️""

Caption:
Yardstick Coffee’s old POS was holding them back—slow, outdated, and frustrating. But with StoreHub, they’ve leveled up their operations.

The best part? Minimal retraining for staff, even across multiple locations.

Your upgrade starts here. 👉 Book a FREE demo now and see the difference!

English Version - Variation 4
Headline:
""Ditch the ‘Dinosaur Cashier’ 🦖—Upgrade to StoreHub!""

Caption:
Printing receipts too slow? Manually entering data? Yardstick Coffee knows the struggle.

That’s why they switched to StoreHub! With an easy-to-learn system, their team was up and running across stores in no time. No more inefficiencies. 💨

The best part? Minimal retraining required for staff, even across multiple locations.

👉 Switch to StoreHub today—the #1 POS system in the Philippines!",Yardstick Coffee - VP 5 - Learning Curve
105,,BIR Audit Ahead
106,"Headline: 📉 Tired of slow sales and inefficiencies holding your business back?

Body Copy: Every minute you spend on outdated systems is costing you customers, revenue, and time. If your restaurant is still struggling with manual processes, slow transactions, or scattered data, you're losing sales before you even know it.

Running a successful FnB business shouldn’t feel like a constant uphill battle. Yet, without the right tools, you’re stuck juggling:
❌ Slow transactions that frustrate customers
❌ Inventory headaches that lead to stockouts or overstock
❌ Lost customer data that makes it hard to bring them back
❌ Inefficient operations that drain your time and energy

And what happens when these problems stack up? Your competitors—who are leveraging automation and smarter tools—are getting ahead while you're left playing catch-up.

That’s why over 17,000 businesses trust StoreHub, the all-in-one POS and business automation platform designed to help F&B and retail owners boost sales, improve efficiency, and retain more customers effortlessly.

🚀 With StoreHub, you get:
✅ Lightning-fast transactions – Reduce wait times and keep customers happy
✅ Smart inventory management – Never run out of best-sellers or overstock slow-moving items
✅ Automated customer engagement – Run targeted SMS campaigns to bring customers back
✅ Seamless online & offline integration – Manage everything in one place

💡 Real Business Owners, Real Results:
With StoreHub, we automated our operations and increased sales by 35%—without adding extra work for our team!",Detailed - All-in-one VP
107,,"[PH] - Static - all-in-one - D3 - php63 - 6points - Grey.png
https://storehub.sg.larksuite.com/record/PyoCr2MVceHv1bceti5lGt5Zgqb"
108,,"[PH] - Static - all-in-one - D3 - FnB Logos - 6points - white.png
https://storehub.sg.larksuite.com/record/WTc1rtaEFeskLPcCLn7lQHKNgvg"