H4,Ad Creatives Library - Performance Team,,,
,EN,CN,MS,Creative link
1,"Caption 1

15,000+ F&B and Retail merchants trust us with our POS System, so why don’t you?

StoreHub’s POS has been around for 10 years empowering 15,000+ businesses 
in 3 different countries to easily run their restaurant operations and increase their 
table turnover. ✨

Book a FREE demo today and find out how StoreHub can help your business!👇

Caption 2

📣 Restaurant owners! 📣 If you're looking for the best POS System that is 
trusted by most businesses then you've landed at the correct place. 😍
StoreHub's POS System empowers 15,000+ businesses in 3 different
countries to easily run their restaurant operations and increase their 
table turnover. ✨

Be a part of this community by booking a FREE demo today!👇


Caption 3

📣📣 Attention all business owners! Are you tired of dealing with slow and 
unresponsive customer support when you need help with your POS System? 
Look no further than Storehub's POS System!

StoreHub's POS System empowers 15,000+ businesses in 3 different
countries to easily run their restaurant operations and increase their 
table turnover. ✨

Be a part of this community by booking a FREE demo today!👇

Headline 1: Up to 80% for POS System
Headline 2: #1 POS for Restaurants & Retail

Description: Trusted by 15,000+ businesses

","Caption 1

超过15,000家餐饮和零售商信任我们的POS系统，那为什么不选择我们呢？

StoreHub的POS系统已经有10年历史，为3个不同的国家超过15,000家企业提供支持，轻松运营餐厅业务，提高餐桌周转率。✨

今天就预约免费试用，了解StoreHub如何帮助您的企业！👇

Caption 2

📣餐厅业主！📣如果您正在寻找大多数企业信任的最佳POS系统，那么您来对地方了。😍
StoreHub的POS系统为3个不同国家超过15,000家企业提供支持，轻松运营餐厅业务，提高餐桌周转率。✨

通过今天预约免费试用成为我们的一员吧！👇

Caption 3

📣📣 注意所有企业主！当您需要帮助处理POS系统时，是否已厌倦了缓慢且不负责任的客服？不妨试试Storehub的POS系统吧！

StoreHub的POS系统让三个不同国家的15,000多家企业能够轻松运营餐厅业务并增加餐桌周转率。✨

通过今天预订免费试用成为这个我们的一部分吧！👇

Headline 1：POS系统高达80％的折扣
Headline 2：餐厅和零售业的首选POS系统

Description：受到15,000多家企业的信赖。","Caption 1

Lebih daripada 15,000 restoran, butik, serbeneka dan kedai runcit mempercayai sistem POS kami di StoreHub, anda bila lagi?

POS StoreHub telah beroperasi selama 10 tahun membantu lebih daripada 15,000 perniaga di 3 negara asia dalam menguruskan operasi restoran mereka dengan mudah dan meningkatkan jumlah meja yang digunakan. ✨

Book demo PERCUMA anda hari ini dan ketahui bagaimana StoreHub boleh membantu perniagaan anda!👇

Caption 2

📣 Owner restoran! 📣 Jika anda mencari sistem POS terbaik dan paling dipercayai oleh pelbagai perniagaan, POS Storehub adalah jawapannya. 😍 Sistem POS StoreHub dipercayai oleh lebih daripada 15,000 perniagaan di 3 negara berbeza dalam menguruskan dan memudahkan operasi restoran serta meningkatkan sales yang digunakan. ✨

Nak cuba POS Storehub? Book sekarang untuk demo PERCUMA hari ini!👇


Caption 3

📣📣 Perhatian kepada semua owner kedai butik, kedai baju dan kedai runcit! Anda sudah bosan dengan perkhidmatan pelanggan yang lembap dan tidak responsif ketika memerlukan bantuan dengan sistem POS anda? Jangan risau, StoreHub's POS System sedia membantu anda!

Sistem POS StoreHub dipercayai oleh lebih daripada 15,000 perniagaan di 3 negara berbeza dalam memudahkan pengurusan operasi perniagaan mereka serta meningkatkan sales bulanan ✨

Jadilah sebahagian daripada komuniti POS Storehub dan majukan perniagaan anda. Daftar untuk demo PERCUMA hari ini!👇

Headline 1: Sehingga 80% untuk Sistem POS.
Headline 2: #1 POS Untuk Restoran & Kedai

Description: Dipercayai oleh lebih daripada 15,000 perniagaan",-
2,"[S2+S3 80% off]

Caption 1

📢 Restaurant Owners! 📢 Say goodbye to long lines, manual errors, and slow service. Introducing StoreHub, the ultimate POS system designed for your restaurant. 🤩

Psst... Only for a LIMITED TIME, StoreHub POS System is 𝐮𝐩 𝐭𝐨 𝟖𝟎% 𝐨𝐟𝐟, with the price of POS hardware starting from 𝐑𝐌𝟑𝟗𝟗*!

✅ Order & pay via QR code - Fast & easy!
✅ Cashback System & Loyalty Program
✅ Automatic SMS
✅ Stock management system
✅ Track daily, weekly, monthly & yearly sales easily
✅ Run your own food delivery service
✅ 30+ functions and more!

So why wait? Sign up now, get a FREE demo with us, and experience the difference.👇

Caption 2

📢 Calling all Retail Owners! 📢 Get ready to handle the shopping madness with StoreHub's POS. What's StoreHub POS? 

It's the only system you need to manage your business from A to Z. Just one system to track your sales, track your stock, enable loyalty, and get more returning customers with automated SMS.

This is just a summary of all that StoreHub's POS can do, so book a demo today and see how it can make your operations 10x easy for you! 👇

Caption 3

🗣 Restaurant owners! Are you looking for a reliable POS system that can handle peak hours 𝐓𝐇𝐑𝐈𝐂𝐄 a day?? 

Get yourself StoreHub's POS from just 𝐑𝐌𝟑𝟗𝟗* onwards, and get to enjoy benefits like: 

🏃🏼 Super fast service for your customers
✅ Track daily, weekly, monthly & yearly sales easily
💸 Get more sales from dine-in and takeaways
👫 Have more customers return with cashback
😍 7-day customer support

Book a FREE demo today and find out how StoreHub POS's System can grow your business! 👇

Headline 1: Up to 80% for POS System
Headline 2: #1 POS for Restaurants & Retail

Description: Trusted by 15,000+ businesses

","Caption 1

📢 餐厅老板们！📢 对排长龙、人为错误和低效率说拜拜。介绍 StoreHub，专为您的餐厅设计的终极 POS 系统。🤩

偷偷告诉你们...现在我们有限时优惠，StoreHub POS 系统可享受高达 80% 的折扣，POS 系统价格只从 RM399* 起哦！

✅ 通过 QR 点餐和支付 - 快速简便！
✅ 返现系统和忠诚计划
✅ 自动短信
✅ 库存管理系统
✅ 轻松跟踪每日、每周、每月和每年的销售额
✅ 运行自己的送餐服务
✅ 30 多项功能等等！

那还等什么？立即注册，与我们一起获得免费试用，给你们一个前所未有的体验。👇

Caption 2

📢 所有零售业主们！📢 准备好应对购物高峰期了吗？使用 StoreHub POS 系统吧！什么是 StoreHub POS？

这是您唯一需要的系统，从 A 到 Z 管理您的业务。只需一个系统，即可跟踪您的销售、库存、客户忠诚度，并通过自动短信吸引更多回头客。

这只是 StoreHub POS 可以做到的其中几点，因此立即预订试用，看看它如何为您简化操作 10 倍！👇

Caption 3

🗣 餐厅老板们！您正在寻找一种可靠且可处理一天三次的高峰时段 POS 系统吗？

仅从 RM399* 起，即可获得 StoreHub POS，享受以下好处：

🏃🏼 为您的客户提供超快的服务
✅ 轻松跟踪每日、每周、每月和每年的销售额
💸 从堂食和外卖中获得更多销售额
👫 通过返现吸引更多顾客回头
😍 7 天在线服务

立即预订免费试用，了解 StoreHub POS 系统如何推动您的业务增长！👇

Headline 1：高达 80% 的 POS 系统折扣
Headline 2：餐厅和零售业的首选POS

Description：受 15,000+ 家企业信赖","[S2+S3 80% off]

Caption 1

📢 📢 Restaurant owners kat luar sana! Korang dah tak payah nak kalut or risau kalau dapat order yang banyak, barisan order yang panjang, rasa leceh ambik order secara manual atau servis yang lambat. 🐌

KENAPA? 🤯 Sebab semua masalah perniagaan korang tu boleh settle dengan sistem POS StoreHub yang canggih dan efisyen. Ia direka khas untuk uruskan restoran anda. 👍🏻

Psst... Sekarang StoreHub tengah buat promo kawwww kawww! 🔥 Boleh dapat DISKAUN SEBANYAK 𝟖𝟎% untuk sistem POS StoreHub & 𝐑𝐌𝟑𝟗𝟗* untuk perkakasan POS. MASA TERHAD tauu, so better korang grab promo ni sekarang sebelum terlambat. 

Ciri-ciri terbaik sistem POS StoreHub: 👇🏻👇🏻

✅ Pesan & bayar melalui kod QR - Cepat & senang!
✅ Sistem Cashback & Program Loyalti
✅ SMS Automatik
✅ Sistem pengurusan inventori
✅ Jejaki jualan harian, mingguan, bulanan & tahunan dengan mudah
✅ Jalankan perkhidmatan penghantaran makanan tersendiri
✅ 30+ fungsi dan lain-lain!

Tunggu apa lagi? Daftar sekarang dan dapatkan demo PERCUMA bersama kami so that korang dapat rasai perbezaannya hari ini.👇

Caption 2

📢 Hai semua pemilik kedai! 📢 Bersedia untuk menangani kegilaan membeli-belah dengan POS StoreHub. Apa itu POS StoreHub? 🧐

Ini adalah satu-satunya sistem yang anda perlukan untuk menguruskan perniagaan anda dari A hingga Z. Hanya satu sistem untuk menjejaki jualan anda, menguruskan stok, membolehkan program kesetiaan, dan mendapatkan lebih banyak pelanggan yang kembali dengan SMS automatik.

Ini hanyalah ringkasan tentang apa yang boleh dilakukan oleh POS StoreHub, jadi tempah satu demo hari ini dan nikmati bagaimana ia boleh menjadikan operasi kedai 10 kali lebih mudah untuk anda! 👇

Caption 3

🗣 Pemilik restoran! Adakah anda sedang mencari sistem POS yang boleh dipercayai yang boleh mengendalikan waktu puncak TIGA kali sehari??

Dapatkan POS StoreHub anda dengan harga serendah RM399, dan nikmati kelebihan seperti:

🏃🏼 Perkhidmatan yang sangat pantas untuk pelanggan anda
✅ Menjejaki jualan harian, mingguan, bulanan & tahunan dengan mudah
💸 Dapatkan lebih banyak jualan dari dine-in dan bungkusan
👫 Membolehkan lebih banyak pelanggan kembali dengan cashback
😍 Sokongan pelanggan selama 7 hari

Tempah demo PERCUMA hari ini! 👇

Headline 1: Sehingga 80% untuk Sistem POS.
Headline 2: #1 POS Untuk Restoran & Kedai

Description: Dipercayai oleh lebih daripada 15,000 perniagaan
",-
3,"[S1 80% off]

Caption 1

📢 Restaurant Owners! 📢 Say goodbye to long lines, manual errors, and slow service. Introducing StoreHub, the ultimate POS system designed for your restaurant. 🤩

✅ Order & pay via QR code - Fast & easy!
✅ Cashback System & Loyalty Program
✅ Automatic SMS
✅ Stock management system
✅ Track daily, weekly, monthly & yearly sales easily
✅ Run your own food delivery service
✅ 30+ functions and more!

Psst... Only for a LIMITED TIME, StoreHub POS System is 𝐮𝐩 𝐭𝐨 𝟖𝟎% 𝐨𝐟𝐟, with the price of POS hardware starting from 𝐑𝐌𝟑𝟗𝟗*!

So why wait? Sign up now, get a FREE demo with us, and experience the difference.👇

Caption 2

📢 Calling all Retail Owners! 📢 Get ready to handle the shopping madness with StoreHub's POS. What's StoreHub POS? 

It's the only system you need to manage your business from A to Z. Just one system to track your sales, track your stock, enable loyalty, and get more returning customers with automated SMS.

This is just a summary of all that StoreHub's POS can do, so book a demo today and see how it can make your operations 10x easy for you!

Caption 3

🗣 Restaurant owners! Are you looking for a reliable POS system that can handle peak hours THRICE a day?? 

Get yourself StoreHub's POS and get to enjoy benefits like: 

🏃🏼 Super fast service for your customers
✅ Track daily, weekly, monthly & yearly sales easily
💸 Get more sales from dine-in and takeaways
👫 Have more customers return with cashback
😍 7-day customer support

Book a FREE demo today and find out how StoreHub POS's System can grow your business! 👇

Headline 1: POS Built For Restaurants + Retail
Headline 2: #1 POS System

Description: Trusted by 15,000+ businesses

",-,"[S1 80% off]

Caption 1

📢 📢 Owner retoran kat luar sana! Korang dah tak payah nak kalut atau risau kalau dapat order yang banyak, barisan order yang panjang, rasa leceh ambik order secara manual atau servis yang lambat. 🐌

KENAPA? 🤯 Sebab semua masalah perniagaan korang tu boleh settle dengan sistem POS StoreHub yang canggih dan efisyen. Ia direka khas untuk menguruskan restoran anda. 👍🏻

Ciri-ciri terbaik sistem POS StoreHub: 👇🏻👇🏻

✅ Pesan & bayar melalui kod QR - Cepat & senang!
✅ Sistem Cashback & Program Loyalti
✅ SMS Automatik
✅ Sistem pengurusan inventori
✅ Jejaki jualan harian, mingguan, bulanan & tahunan dengan mudah
✅ Jalankan perkhidmatan penghantaran makanan tersendiri
✅ 30+ fungsi dan lain-lain!

Psst... Sekarang StoreHub tengah buat promo kawwww kawww! 🔥 Boleh dapat DISKAUN SEBANYAK 𝟖𝟎% untuk sistem POS StoreHub & 𝐑𝐌𝟑𝟗𝟗* untuk perkakasan POS. MASA TERHAD tauu, jangan terlepas peluang nak grab promo ni sekarang. 

Tunggu apa lagi? Daftar sekarang dan dapatkan demo PERCUMA bersama kami. Dah cuba baru korang tahu perbezaannya hari ini.👇

Caption 2

📢 Hai semua pemilik kedai! 📢 Bersedia untuk menangani kegilaan membeli-belah dengan POS StoreHub. Apa itu POS StoreHub? 🧐

Ini adalah satu-satunya sistem yang anda perlukan untuk menguruskan perniagaan anda dari A hingga Z. Hanya satu sistem untuk menjejaki sales anda, menguruskan stok, lengkap dengan program customer loyalty, dan mendapatkan lebih banyak pelanggan yang kembali dengan SMS automatik.

Ini hanyalah ringkasan tentang apa yang boleh dilakukan oleh POS StoreHub, jadi tempah satu demo hari ini dan nikmati bagaimana ia boleh menjadikan operasi kedai 10 kali lebih mudah untuk anda! 👇

Caption 3

🗣 Pemilik restoran! Adakah anda sedang mencari sistem POS yang boleh dipercayai yang boleh mengendalikan waktu puncak TIGA kali sehari??

Dapatkan POS StoreHub dan nikmati kelebihan seperti:

🏃🏼 Perkhidmatan yang sangat pantas untuk pelanggan anda
✅ Menjejaki jualan harian, mingguan, bulanan & tahunan dengan mudah
💸 Dapatkan lebih banyak jualan dari dine-in dan bungkusan
👫 Membolehkan lebih banyak pelanggan kembali dengan cashback
😍 Sokongan pelanggan selama 7 hari

Tempah demo PERCUMA hari ini! 👇

Headline 1: Sistem POS Dibina Untuk Restoran + Kedai
Headline 2: #1 Sistem POS

Description: Dipercayai oleh lebih daripada 15,000 perniagaan",-
4,"[S0 Grub]

Caption 1

Mr. Ahong, Owner of Grub, easily manages his busy Steak restaurant. How is this possible? 

With StoreHub's POS System easily set up QR ordering and provide a seamless dining experience for your customers. 
❌ No more wrong orders 🥳 Fewer waiters needed ✅ Reduce costs and increase sales!

Click below to learn more about StoreHub's POS System which comes along with 30+ features! 👇

Caption 2

📣 Restaurant owners! 📣 Stop trying to take orders manually. It leads to unnecessary human errors leading to poor customer service and getting bad Google reviews for your restaurant. 😰

StoreHub's POS System is the perfect fit for your restaurant to handle your operations and provide a seamless dining experience for your customers. ❤️

Click below to learn how StoreHub's POS System can improve your restaurant.👇

Caption 3

📣 Restaurant owners 📣 Running a restaurant is HARD. Here's a solution which can help you manage your customers and kitchen smoothly. 

With StoreHub's POS System easily set up QR ordering and provide a seamless dining experience for your customers. 
❌ No more wrong orders 🥳 Less waiters needed ✅ Reduce costs and increase sales!

Click below to learn more about StoreHub's POS System which comes along with 30+ features! 👇",-,-,-
5,"Caption 1:

📣 Restaurant owners! 📣 Here's a solution for you to cut down on your overhead costs and increase your profits.

StoreHub POS comes with 30+ cool features including: 

✅ Better in-store operation
😍 Less manual work
❤️ Serve customers faster 
👍 Manage inventory
⏱️ Monitor your staff's working time
📊 Track sales reports (real-time)
🤝 Loyalty program
💕 Collect customer data
📲 Automated SMS marketing
⭐️ Manage Google reviews
🙋 7-day customer support

..and the list goes on. 

Book a FREE demo today and grow your business with StoreHub.👇

Caption 2: 

📣 Restaurant owners! 📣 Are you spending more money and time in hiring waiters? 🙅‍♀️🙅‍♂️ Stop that and invest in StoreHub's POS System. 

With StoreHub's POS System easily set up QR ordering and provide a seamless dining experience for your customers. On top of this, you can save on overhead costs to hire additional staff to take orders. 🤑

Book a FREE demo today and grow your business with StoreHub.👇

Caption 3: 

📣 Restaurant owners! 📣 Stop wasting time and money in hiring waiters and invest in StoreHub's POS System. 

With StoreHub's POS System easily set up QR ordering and provide a seamless dining experience for your customers. On top of this, you can save on overhead costs to hire additional staff to take orders. 🤑

Book a FREE demo today and grow your business with StoreHub.👇

Headline 1: POS Built For Restaurants
Headline 2: #1 POS System For Restaurants

Description 1: Trusted by 15,000+ businesses
Description 2: Backed by 7 day support",-,-,-
6,"Caption 1:

📣 Retail owners! 📣 You can be ANYWHERE, ANYTIME, and still run your multi-store business. Thanks to StoreHub's POS System which allows you to ✅ view real-time sales, 😍 manage your employees, and 👍 be up to date with stocks all in one POS System!

Book a FREE demo today and test out how StoreHub's POS can grow your business.👇

Caption 2: 

📣 Retail owners! 📣 It's impossible to be present in all places at the same time, BUT with StoreHub's POS System, you can at least manage your multi-store business from anywhere at any time.

You get to ✅ view real-time sales, 😍 manage your employees, and 👍 be up to date with stocks all in one POS System!

So hurry now and book a FREE demo today to test how StoreHub's POS can grow your business.👇

Caption 3:

📣 Retail business owners! 📣 Are you tired of managing multiple stores one by one? 

Get StoreHub's all-in-one POS System that allows you to ✅ view real-time sales, 😍 manage your employees, and 👍 be up to date with stocks all in one POS System

Book a FREE demo today and test out how StoreHub's POS can grow your business.👇

Headline 1: #1 POS For Retail Businesses
Headline 2: All-In-One POS System 👉

Description: Trusted by 15,000 businesses",-,"Caption 1: 
📣 Hai owner-owner kedai! 📣 Nak tahu cara paling senang mengurus operasi kedai anda dimana sahaja pada bila-bila waktu? Dengan Sistem POS StoreHub anda boleh pantau sales secara online, kemaskini stok kedai-kedai anda dan uruskan operasi pekerja anda semuanya dalam satu sistem POS!

Daftar untuk demo PERCUMA sekarang dan cuba sendiri. Ketahui bagaimana Sistem POS StoreHub boleh mengembangkan perniagaan anda. 👇

Caption 2: 

📣 Hai owner-owner butik! 📣 Susahnya nak uruskan operasi kedai butik bila ada lebih dari 2-3 cawangan betul tak?  TETAPI dengan Sistem POS StoreHub, anda boleh menguruskan perniagaan semua kedai anda dan banyak lagi dari mana-mana pada bila-bila masa.

✅ Pantau jualan secara langsung!
👍 Kemaskini stok dari semua cawangan dalam satu Sistem POS!
😍 Uruskan operasi pekerja anda!

Jadi, jangan tunggu lagi, dapatkan demo PERCUMA sekarang dan nikmati cara Sistem POS StoreHub telah mengembangkan 15,000+ perniagaan di asia. 👇

Caption 3:

📣 Hai semua usahawan kedai runcit! 📣 Anda bosan menguruskan pelbagai kedai secara berasingan? 

Dapatkanlah Sistem POS all-in-one StoreHub yang membolehkan anda ✅ melihat jualan secara langsung, 😍 menguruskan pekerja anda, dan 👍 sentiasa mengemaskini stok semuanya dalam satu Sistem POS.

Tempah demo PERCUMA hari ini dan cuba sendiri bagaimana Sistem POS StoreHub dapat mengembangkan perniagaan anda. 👇

Headline 1: #1 POS Untuk Kedai
Headline 2: Sistem POS All-In-One 👉

Description: Dipercayai oleh lebih daripada 15,000 perniagaan",Eddon Ad 1_MALAY.mp4
7,"Caption 1:

📣 Restaurant owners! 📣 Running a restaurant is HARD, and it gets HARDER when your staff falls sick. 😓 But don't let this situation stress you out anymore!
 
Get StoreHub's all-in-one POS System and easily manage your restaurant.

✅ Manage orders with QR
📈 Monitor sales
📦 Track inventory

...all-in-one place!

Book a FREE demo today and test out StoreHub's POS for your restaurant.👇

Caption 2: 

📣 Restaurant owners! 📣 No staff for the day? We have a solution for you! 

Get StoreHub's all-in-one POS System and easily manage your restaurant.

✅ Manage orders with QR
📈 Monitor sales
📦 Track inventory

...all-in-one place!

Book a FREE demo today and test out StoreHub's POS for your restaurant.👇

Caption 3:

📣 Attention all Restaurant Owners! 📣 Worried about how to manage your restaurant when your staff falls sick?

Don't worry anymore! With StoreHub's all-in-one POS System, you can easily manage your restaurant.

✅ Manage orders with QR
📈 Monitor sales
📦 Track inventory

...all-in-one place!

Book a FREE demo today and test out StoreHub's POS for your restaurant.👇

Headline 1: #1 POS For Restaurants
Headline 2: POS System To Handle Staff Shortage

Description: Trusted by 15,000 businesses",-,"Caption 1:

📣 Hai owner restoran! 📣 BUKAN SENANG nak bukak restoran, LAGI TAK SENANG hati apabila pekerja anda jatuh sakit. 😓 Jangan risau, korang tak perlu lalui situasi macam ni lagi!

Dapatkan Sistem POS serba-lengkap dari StoreHub dan uruskan restoran anda dengan  mudah.

✅ QR order dan uruskan dari satu sistem
📈 Pantau jualan
📦 Cek inventori

...semuanya dalam satu sistem!

Tempah demo PERCUMA hari ini dan cubalah Sistem POS StoreHub untuk restoran anda.👇

Caption 2: 

📣 Hai pemilik restoran! 📣 Tak cukup pekerja di restoran? Poket tak cukup besar nak tambah pekerja baru? Kami ada penyelesaian untuk anda!

Gunakan Sistem POS serba lengkap dari StoreHub dan uruskan operasi restoran anda dengan mudah.

✅ Uruskan semua tugas dari pengurusan pesanan
📈 Pantau jualan
📦 Cek inventori

...semua dalam satu tempat!

Tempah demo PERCUMA hari ini dan cubalah Sistem POS StoreHub untuk restoran anda.👇

Caption 3:

📣 Hai owner restoran! 📣 Risau tentang bagaimana menguruskan restoran anda apabila kakitangan anda jatuh sakit?

Jangan risau lagi! Dengan Sistem POS serba lengkap dari StoreHub, anda boleh menguruskan restoran anda dengan mudah.

✅ Uruskan semua tugas dari pengurusan pesanan
📈 Pantau jualan
📦 Lacak inventori

...semua dalam satu tempat!

Tempah demo PERCUMA hari ini dan uji coba Sistem POS StoreHub untuk restoran anda.👇


Headline 1: #1 POS Untuk Restoran
Headline 2: Jalankan Restoran Anda Tanpa Kakitangan!


Description: Dipercayai oleh lebih daripada 15,000 perniagaan",Eddon AD_2_MALAY.mp4
8,"Caption 1: 

📢 Restaurant & Retail Owners! 📢 2024 is all about working SMART! All you need is 𝐑𝐌𝟔.𝟖𝟎/𝐝𝐚y!

Effortlessly manage sales, and inventory, get real-time data and reports, lightning-fast transactions, and more with StoreHub's all in one POS System that comes with 10+ features.

✅ Better in-store operation
😍 Less manual work
❤️ Serve customers faster 
👍 Manage inventory
⏱️ Monitor your staff's working time
📊 Track sales reports (real-time)
🤝 Loyalty program
💕 Collect customer data
📲 Automated SMS marketing
⭐️ Manage Google reviews
🙋 7-day customer support with StoreHub's easy-to-use software

Sign up to get a 𝐅𝐑𝐄𝐄 demo and check out how StoreHub's POS can grow your business.👇


Caption 2: 

📢 Restaurant & Retail Owners! 📢  Here is the POS System you NEED in your shop today. 

Whether it be a restaurant or a grocery store StoreHub's POS System is customised to suit all your business needs.

At such an unbeatable price of just 𝐑𝐌𝟔.𝟖𝟎/𝐝𝐚𝐲, you won't find a better deal anywhere else! So don't wait long and book a FREE demo today👇 

Caption 3:

📢 Restaurant & Retail Owners! 📢 Looking for a POS System that can manage your operations in one place? Starting from just 𝐑𝐌𝟔.𝟖𝟎/𝐝𝐚𝐲 StoreHub's POS System is tailor-made to suit your specific business needs whether you're running a restaurant or a grocery store. 

So don't wait long and book a FREE demo today👇 


Headline 1: POS System Built For Restaurants & Retail
Headline 2: POS System From RM6.80/day 

Description: Trusted by 15,000+ businesses","Caption 1: 

💎为你的餐厅选择最佳的运营方案！


你还在使用不合适的 POS 系统？为何不考虑一个更智能、更优惠的多功能 POS 系统呢？


仅需 RM6.80，让 StoreHub POS 系统更好地帮助你！


✅ 扫码点餐与支付 —— 操作便捷！
✅ 现金回馈系统及顾客忠诚计划
✅ 自动发送营销短信
✅ 全面的库存管理
✅ 轻松获取每天、每周、每月和每年的销售报告
✅ 轻松运营外卖服务
✅ 超过30项功能等你来探索！


👉 想要实现业务的飞跃？现在就注册，免费体验 StoreHub POS 系统，并锁定你的成功之路！📈

Caption 2: 

📣 Attention 所有企业主。

烦请员工? 担心没有足够的利润来支付开支？头疼想怎么促销来吸引回头客? 担心您没有足够的顾客时供应过剩? 😖

别担心！一天只需 RM6.80, 就能拥有一个全能小帮手！

StoreHub POS 满足您对一个POS设备的所有的想象！

✅扫码点餐系统 ➡️ 简化点餐流程来提高餐桌周转率
✅厨房显示系统 ➡️ 简化沟通流程来提升备餐效率
✅会员系统 ➡️ 回馈你客户,通过cashback让他们成为回头客
✅简单直观的界面 ➡️ 让员工快速上手提升餐厅运作效率
✅支持多种 eWallet ➡️ 方便你的客户

现在马上注册以获取免费演示吧！👇


Headline 1: 适用于餐厅和零售店的POS系统
Headline 2:  只需RM6.80一天就够了!

Description: 受到15,000多家企业的信赖。
","Caption 1: 

📢 Pemilik Restoran & Runcit! 📢 2024 adalah semua tentang bekerja CERDAS! Yang anda perlukan adalah 𝐑𝐌𝟔.𝟖𝟎/𝐡𝐚𝐫𝐢!

📢 Hai Owner Restoran & Butik! 📢 Tahun 2024 ni kerjalah dengan BIJAK bersama StoreHub! Hanya RM6.80 sehari je!

Sistem POS StoreHub dilengkapi dengan 10+ ciri-ciri aplikasi yang boleh uruskan jualan, stok, transaksi, dan banyak lagi.

✅ Operasi kedai lebih baik
😍 Kurang kerja manual
❤️ Servis pelanggan lebih cepat
👍 Uruskan stok
⏱️ Pantau pekerja
📊 Chek laporan jualan
🤝 Program kesetiaan pelanggan
💕 Kumpulkan data pelanggan
📲 Automasi SMS marketing
⭐️ Uruskan Google Review
🙋 Perkhidmatan Pelanggan StoreHub 7 hari seminggu. 

Daftar untuk demo PERCUMA dan ketahui cara POS StoreHub boleh tingkatkan perniagaan anda.👇


Caption 2: 

📢 Hai pemilik restoran, butik & kedai runcit! 📢 Korang perlukan POS System StoreHub untuk kedai korang sekarang.

StoreHub boleh disesuaikan untuk memenuhi semua keperluan perniagaan korang, tak kesah lah bisness restoran atau kedai runcit.

Dengan harga yang tak boleh nak lawan, RM6.80/hari je, korang tak akan jumpa tawaran yang lebih baik! Jadi jangan tunggu lama dan tempah demo PERCUMA hari ini👇

Caption 3: 

📢 Owner Restoran, Butik & Kedai Runcit! 📢 Korang mencari Sistem POS yang boleh menguruskan operasi anda di satu tempat? Hanya dari 𝐑𝐌𝟔.𝟖𝟎/𝐡𝐚𝐫𝐢, Sistem POS StoreHub direka khas untuk memenuhi keperluan perniagaan anda sama ada anda menjalankan restoran, butik atau kedai runcit.

Jadi jangan tunggu lama dan tempah demo PERCUMA hari ini👇

Headline 1: #1 POS Untuk Restoran & Kedai
Headline 2: Sistem POS untuk 𝐑𝐌𝟔.𝟖𝟎/𝐡𝐚𝐫𝐢


Description: Dipercayai oleh lebih daripada 15,000 perniagaan",MS-Storehub Is Built For...
9,"Caption 1:

👋 Restaurant owners! You need a POS System that can manage your 
restaurant operations smoothly and also something that is easy-to-use 
and easy to set up. 

Introducing StoreHub's POS System, an all-in-one POS System that does 
all the hard work for you while you can focus more on increasing your sales. 🥰

Book a FREE demo today and test it out yourself!👇

Caption 2:

📣 Restaurant owners! 📣 If you're looking for the best POS System that is 
trusted by most businesses then you've landed at the correct place. 😍
StoreHub's POS System empowers 15,000+ businesses in 3 different
countries to easily run their restaurant operations and increase their 
table turnover. ✨

Be a part of this community by booking a FREE demo today!👇

Caption 3: 

🤗 Restaurant owners! Are you tired of dealing with clunky POS Systems that are so hard to set up and get your operations running? 🥵

Introducing StoreHub's POS System which is ✅ easy-to-use, ✅ quick to setup, ❌ doesn't need much staff training, and only takes 𝟕 𝐃𝐀𝐘𝐒 to get started!

Hurry up and book a FREE demo today!👇

Headline 1: POS System With Easy Setup
Headline 2: POS - Get Started in 7 Days
Headline 3: Get An All-In-One POS

Description: ✅ Easy Set-Up ❌ Staff training",-,-,-
10,"Caption 1

📢 Calling all Restaurant Owners! 📢 Say goodbye to long lines, manual errors, and slow service. Introducing StoreHub, the ultimate POS system designed for your restaurant. 🤩

Psst... Only for a LIMITED TIME, StoreHub POS System is 𝐮𝐩 𝐭𝐨 𝟖𝟎% 𝐨𝐟𝐟, with the price of POS hardware starting from 𝐑𝐌𝟑𝟗𝟗*!

✅ Manage multiple branches 
✅ Manage your daily operations in a single device
✅ Reduce overhead costs with QR order and pay
✅ Never go out of stock with our stock management feature
✅ Find out which items are best-selling with instant sales reports
✅ 30+ functions and more!

So why wait? Sign up now, get a FREE demo with us, and experience the difference.👇

Caption 2

📢 Calling all Restaurant Owners! 📢 Say goodbye to long lines, manual errors, and slow service. Introducing StoreHub, the ultimate POS system designed for your restaurant. 🤩

Psst... Only for a LIMITED TIME, StoreHub POS System is 𝐮𝐩 𝐭𝐨 𝟖𝟎% 𝐨𝐟𝐟, with the price of POS hardware starting from 𝐑𝐌𝟑𝟗𝟗*!

✅ Cloud-based POS System
✅ Staff management system
✅ Order & pay via QR code - Fast & easy!
✅ Stock management system
✅ Track daily, weekly, monthly & yearly sales easily
✅ 30+ functions and more!

So why wait? Sign up now, get a FREE demo with us, and experience the difference.👇

Caption 3

🗣 Attention All Restaurant owners! Are you looking for a reliable POS system that can handle peak hours 𝐓𝐇𝐑𝐈𝐂𝐄 a day?? 

Only for a LIMITED TIME, StoreHub POS System is 𝐮𝐩 𝐭𝐨 𝟖𝟎% 𝐨𝐟𝐟 and get to enjoy benefits like: 

🏃🏼 Super fast service for your customers
✅ Track daily, weekly, monthly & yearly sales easily
💸 Get more sales from dine-in and takeaways
👫 Have more customers return with cashback
😍 7-day customer support

Book a FREE demo today and find out how StoreHub POS's System can grow your business! 👇

Headline 1: Up to 80% for POS System
Headline 2: #1 POS for Restaurants & Retail

Description: Trusted by 15,000+ businesses","Caption 1

📢 餐厅老板们！📢 想要跟门市前长长的队伍、人为错误和低效率说掰掰？介绍你 StoreHub，一套专为了您的餐厅而设计的终极 POS 系统。🤩

偷偷告诉你们... 现在推出了限时优惠，高达80%的折扣就可拿下StoreHub POS系统，价格只从RM399* 起哦！

✅ 通过 QR 点餐和付款 - 快速简便！
✅ 设有Cashback系统和Loyalty Program 
✅ 自动SMS功能
✅ 库存管理系统
✅ 轻松track每天、每周、每个月，甚至每年的Sales
✅ 运行自己的外送服务
✅ 30 多项功能等等！

还等什么？立即注册并预约FREE Demo，给你们一个前所未有的体验。👇

Caption 2



Caption 3

🗣 餐厅老板们！您在找着一个可靠、且可处理1天3次高峰时段的POS系统吗？

只要最低RM399*，你就可以获得StoreHub POS，并享有以下的种种好处：

🏃🏼 为您的客户提供超快的服务
✅ 轻松track每日、每周、每月和每年的销售额
💸 从Dine-In和Delivery中获得更高的销售额
👫 通过Cashback吸引更多顾客回头
😍 7天在线服务

立即预约Free Demo，了解 StoreHub POS系统如何让您的业务Up Up吧！👇

Headline 1：高达 80% 的 POS 系统折扣
Headline 2：餐厅和零售业的首选POS

Description：受 15,000+ 家企业信赖","Caption 1: 
📢 Owner Restoran! 📢 Tak nak barisan panjang depan counter?, nak kurangkan kesalahan manual dan hentikan servis lembap? Cubalah StoreHub, sistem POS terbaik untuk restoran anda. 🤩

Psst... Promo Tempoh Terhad, dapatkan Sistem POS StoreHub dengan diskaun 𝟖𝟎%*, harga perkakas POS bermula dari 𝐑𝐌𝟑𝟗𝟗*!

Ciri-Ciri Sistem POS StoreHub:
✅ Uruskan semua cawangan anda
✅ Urus semua operasi perniagaan harian 
✅ Kurangkan kos dengan pesanan QR dan bayar
✅ Uruskan kiraan stok semua cawangan
✅ Ketahui produk terbaik dengan laporan sales
✅ 30+ fungsi dan banyak lagi!

Jadi, tunggu apa lagi? Daftar sekarang, dan cuba secara PERCUMA bersama kami!👇

Caption 2:
📢 Owner Restoran! 📢 Tak nak barisan panjang depan counter?, nak kurangkan kesalahan manual dan hentikan servis lembap? Cubalah StoreHub, sistem POS terbaik untuk restoran anda. 🤩

Psst... Promo Tempoh Terhad, dapatkan Sistem POS StoreHub dengan diskaun 𝟖𝟎%*, harga perkakas POS bermula dari 𝐑𝐌𝟑𝟗𝟗*!

✅ Sistem POS Cloud-based
✅ Pengurusan pekerja
✅ Pesan & bayar melalui kod QR - Pantas & mudah!
✅ Pengurusan stok
✅ Semak report sales harian, mingguan, bulanan & tahunan dengan mudah
✅ 30+ fungsi dan banyak lagi!

Jadi, tunggu apa lagi? Daftar sekarang, dan cuba secara PERCUMA bersama kami!👇

Caption 3: 

🗣 Pemilik restoran! Adakah anda sedang mencari sistem POS yang boleh dipercayai yang boleh mengendalikan waktu puncak TIGA kali sehari??

Dapatkan POS StoreHub anda dengan harga serendah 𝐑𝐌𝟑𝟗𝟗*, dan nikmati kelebihan seperti:

🏃🏼 Perkhidmatan yang sangat pantas untuk pelanggan anda
✅ Menjejaki jualan harian, mingguan, bulanan & tahunan dengan mudah
💸 Dapatkan lebih banyak jualan dari dine-in dan bungkusan
👫 Membolehkan lebih banyak pelanggan kembali dengan cashback
😍 Sokongan pelanggan selama 7 hari

Jadi, tunggu apa lagi? Daftar sekarang, dan cuba secara PERCUMA bersama kami!👇

Headline 1: Diskaun Sehingga 80% Untuk Sistem POS
Headline 2: 1 POS, 30+ ciri-ciri

Description: Dipercayai oleh lebih daripada 15,000 perniagaan",-
11,"Caption 1:  Choosing a good POS system is just the beginning. Get unparalleled post-sales attention for your restaurant with StoreHub's POS System.

Not only do you get a powerful POS System with 30+ features but also an account manager specifically assigned to you to ensure you have a seamless experience with our POS System. 💼🔧

Be successful like Chef Ahong (Owner of Grub Restaurant) and book a FREE demo today! 👇


Caption 2: 📢📢 Restaurant owners, don't let post-sales struggles hold you back in choosing the correct POS System.

Not only do you get a powerful POS System with 30+ features, but also an account manager specifically assigned to you to ensure you have a seamless experience with our POS System. 💼🔧

Book a FREE demo today and get all the support you need! 📆💪


Caption 3: Are you choosing a POS provider that just sells you only a POS System? Restaurant owners, don't make this mistake! 🙅‍♀️❌

At StoreHub, we care about our customer's post-sales experience. With an account manager specifically assigned to you, we are there to troubleshoot and also consult you on how you can improve your business. 💼🔧

Book a FREE demo today and start growing your business! 📆🚀


Headline 1: Up To 80% Off For POS System 👉
Headline 2: More Than Just A POS System 👉

Description 1: Trusted by 15,000+ businesses
Description 2: 7-day customer support",-,-,Video
12,"Caption 1:

📣 Restaurant owners, here's 1 solution for you to turn your first-time diners into frequent diners. 👇

Get the StoreHub POS that comes with 30+ cool features including: 

✅ Better in-store operation
😍 Less manual work
❤️ Serve customers faster 
👍 Manage inventory
⏱️ Monitor your staff's working time
📊 Track sales reports (real-time)
🤝 Loyalty program
💕 Collect customer data
📲 Automated SMS marketing
⭐️ Manage Google reviews
🙋 7-day customer support

..and the list goes on. 

Book a FREE demo today and grow your business with StoreHub.👇

Caption 2: 

Are you trying so hard to get your customers to keep coming back to your restaurant but nothing works? Here's 1 solution to solve that. 👇

With StoreHub's POS System easily set up automated SMS Marketing, so you can constantly reach out to your customers without much effort. 

Work SMART and book a FREE demo today with StoreHub.👇

Caption 3: 

Managing your restaurant AND customer retention is no longer a mission impossible.👇

Automate SMS Marketing easily with StoreHub's POS System and connect with your customers effortlessly.

More customers served 🙋 = More revenue 💸

Book a FREE demo now and grow your business with StoreHub.👇

Headline 1: POS Built For Restaurants
Headline 2: #1 POS System For Restaurants

Description 1: Trusted by 15,000+ businesses",-,-,-
13,"Caption 1: 

📢 Restaurant & Retail business owners! 📢 Say goodbye to long lines, manual errors, and slow service. Introducing StoreHub, the ultimate POS system designed for your restaurant. 🤩

Psst... Only for a LIMITED TIME, StoreHub POS System is 𝐮𝐩 𝐭𝐨 𝟖𝟎% 𝐨𝐟𝐟 + 𝟐 𝐦𝐨𝐧𝐭𝐡𝐬 𝐅𝐑𝐄𝐄 𝐬𝐮𝐛𝐬𝐜𝐫𝐢𝐩𝐭𝐢𝐨𝐧!

✅ Order & pay via QR code - Fast & easy!
✅ Cashback System & Loyalty Program
✅ Automatic SMS
✅ Stock management system
✅ Track daily, weekly, monthly & yearly sales easily
✅ Run your own food delivery service
✅ 30+ functions and more!

So why wait? Sign up now for a FREE demo with us, and experience the difference.👇

Caption 2: 

Tired of dealing with a laggy POS System for your restaurant? 🤬 Switch to StoreHub's POS System. ✅ No more lag, ✅ serve customers smoothly and ✅ increase table turnover. 

Book a FREE demo with us, and experience the difference.👇

Caption 3: 

📢 Business Owners! 📢 Don't settle for a subpar POS system that's causing you headaches and losing your customers. 😔 

Get an easy-to-use StoreHub POS System that handles all your daily operations and gets you more returning customers. 💸

Book a FREE demo with us, and experience the difference.👇

Headline 1: POS System Built For Restaurants + Retail Biz
Headline 2: #1 POS System For Restaurants + Retail Biz

Description: Trusted by 15,000+ businesses","📢 餐饮业和零售店老板们！📢 告别排长龙，手动错误和低效率的服务吧。隆重介绍 StoreHub，为您的餐厅量身打造的终极 POS 系统。🤩

偷偷告诉你们哦...优惠有限！StoreHub POS 系统现在折扣高达80% + 2个月免费订阅哦！

✅ 通过QR点餐和支付 - 快速又方便！
✅ Cashback和会员系统
✅ 自动化短信
✅ 库存管理系统
✅ 轻松跟踪每日、每周、每月和每年销售额
✅ 自营外卖服务
✅ 30+ 多个功能等等！

那还等什么呢？现在立即与我们预约免费试用，亲身体验不同之处。👇

Caption 2:

厌倦了处理不稳定的餐厅 POS 系统？🤬 切换到 StoreHub 的 POS 系统吧！✅ 不再卡顿，✅ 顺畅为客户服务，✅ 增加餐桌周转率。

快与我们预约免费试用，亲身体验不同之处。👇

Caption 3:

📢 商家们！📢 别再忍受让您头疼并失去顾客的低劣 POS 系统了。😔

选择易于使用的 StoreHub POS 系统，处理您的日常运营并带来更多回头客。💸

立即与我们预约免费试用，亲身体验不同之处。👇

Headline 1: 餐饮业和零售业的 POS 系统首选
Headline 2: 餐饮业和零售业的首选 POS 系统

Description: 受15,000+ 家企业信赖
","Caption 1:  
📢 Hai owner Restoran & Kedai Butik! 📢 Lupakan barisan panjang, kesilapan order manual, dan servis lembab dengan StoreHub! Sistem POS terbaik untuk korang. 🤩

Psst... nak DISKAUN 80%* + langganan sistem PERUMA 2 BULAN*?? Jangan lepaskan peluang promosi hanya untuk masa terhad

Sistem POS Storehub:
✅ Pesan & bayar guna kod QR - Pantas & senang je!
✅ Ada Sistem Cashback & Program Kesetiaan
✅ SMS automatik
✅ Sistem pengurusan stok
✅ Senang je nak pantau jualan harian, mingguan, bulanan & tahunan
✅ Boleh bukak perkhidmatan penghantaran makanan sendiri
✅ Ada 30+ fungsi dan banyak lagi!

So apa lagi? Jangan tunggu lama-lama! Daftar sekarang untuk demo PERCUMA dengan kita.👇

*Tertakluk kepada terma & syarat.

Caption 2: 

Penat dah layankan sistem POS yang kurang memuaskan dan menyebabkan masalah sehingga kehilangan pelanggan. 😔

Dapatkan bantuan dengan Sistem POS StoreHub!  ✅ Takde lagi sistem lag, ✅ Servis pelanggan dengan lancar, dan ✅ gunakan report untuk tingkatkan sales.

Daftar sekarang untuk demo PERCUMA & dapatakan Diskaun 80%* dan 2 Bulan Sistem Percuma*.👇

*Tertakluk kepada terma & syarat.

Caption 3: 

📢 Hai Bisness Owner! 📢 Untung dari bisness korang dah cecah RM10 ribu sebulan ke? Nak tahu RAHSIA untuk tingkatkan keuntungan 💸?

Gunakan Sistem POS StoreHub yang mudah diguna serta menguruskan semua operasi harian bisness anda dan membantu anda tingkatkan sales harian.  

Daftar untuk demo PERCUMA dan nikmati perbezaannya.👇

Headline 1: POS Khas untuk Restoran & Butik
Headline 2: Sistem POS #1 untuk Restoran & Butik

Description: Dipercyai oleh 15,000+ bisness",Hardware + Software
14,"Caption 1: ⚠️ Restaurant owners. ⚠️ You could be losing customers just because you got their order wrong. 😱

Introducing StoreHub's seamless QR order and pay feature in 3 simple steps - 1️⃣ Scan, 2️⃣ Order 3️⃣ Pay

So you get to: 
✅ Avoid getting your customers' orders wrong
⚡️ Serve your customers faster
💰 Reduce your labour costs (because you need less waiters)

Book a FREE demo and get started today!

Caption 2: 

Are you losing your customers simply because you're getting their food orders wrong? 😱

Introducing StoreHub's seamless QR order and pay feature in 3 simple steps - 1️⃣ Scan, 2️⃣ Order 3️⃣ Pay

So you get to: 
✅ Avoid getting your customers' orders wrong
⚡️ Serve your customers faster
💰 Reduce your labour costs (because you need less wait staff)

Book a FREE demo and get started today!

Caption 3: Welcome to the new era of ordering in restaurants & cafés today! 🙀

StoreHub's POS system comes with this cool feature where you can order and pay in 3 simple steps. 

Book a FREE demo today and learn how much you can save costs with our QR Order and Pay feature!

Headline 1: POS System For Restaurants
Headline 2: Tip To ⬇️ Your Restaurant Overheads

Description: Trusted by 15,000+ businesses",-,"Caption 1: ⚠️ Owner Restoran. ⚠️  Korang mesti pernah hilang pelanggan sebab tersalah ambil pesanan mereka. 😱

Pernah dengar ""QR pesanan dan bayar"" dari StoreHub? Dapatkan pesanan pelanggan anda dengan tepat dalam tiga langkah mudah. - 1️⃣ Imbas, 2️⃣ Pesan, 3️⃣ Bayar

✅ Mengelakkan pesanan pelanggan anda salah
⚡️ Melayani pelanggan anda dengan lebih cepat
💰 Mengurangkan kos tenaga kerja anda (kerana anda memerlukan kurang pelayan)

Daftar sekarang untuk demo PERCUMA dan mulakan hari ini!

Caption 2:  Susahnya nak pastikan semua pesanan pelanggan direkod dengan tepat bila ramai? 😱

Pernah dengar ""QR pesanan dan bayar"" dari StoreHub? Dapatkan pesanan pelanggan anda dengan tepat dalam tiga langkah mudah. - 1️⃣ Imbas, 2️⃣ Pesan, 3️⃣ Bayar

Ciri-ciri QR pesan dan bayar:
✅ Mengelakkan pesanan pelanggan anda salah
⚡️ Melayani pelanggan anda dengan lebih cepat
💰 Mengurangkan kos tenaga kerja anda (kerana anda memerlukan kurang kakitangan perkhidmatan)

Tempah demo PERCUMA dan mula sekarang!

Caption 3:  Zaman ambil pesanan dengan pen dan kertas sudah lapuk 🙀 Pernah dengan ""QR pesan dan bayar""?

Sistem POS StoreHub dilengkapi dengan ciri hebat ini di mana anda boleh pesan dan bayar dalam 3 langkah mudah.

Tempah demo PERCUMA hari ini dan ketahui berapa banyak kos yang dapat anda jimat dengan ciri QR Pesan dan Bayar kami!

Headline 1: Sistem POS Untuk Restoran
Headline 2: Tip Untuk ⬇️ Kos Operasi Restoran Anda

Description: Dipercyai oleh 15,000+ bisness",QR_Order Management_V3.mp4
15,"Caption 1: Running a retail business before StoreHub meant missing orders, losing revenue, running out of stock, or ordering too much stock. 🥵

Thanks to StoreHub, things are better now. A lot better. 🥰💁‍♀️

Book a FREE demo and get your business in order with StoreHub's POS System. 


Caption 2: Remember those stressful days when missing orders, lost revenue, and inventory nightmares gave you endless headaches? 😫

🌟 Say hello to a whole new world of efficiency and success! Thanks to StoreHub, your business has undergone a remarkable transformation! 🚀

Book a FREE demo and get your business in order with StoreHub's POS System. 


Headline 1: POS System Built For Retail Biz
Headline 2: Up To 80% Off For POS System

Description: Trusted by 15,000+ businesses",-,"Caption 1: 📢 📢 Owner Kedai Butik & Kedai Baju! Korang dah tak payah nak kalut or risau kalau kekurangan sale 💸 sebab stok habis, tersilap order pelanggan, atau terlalu banyak stok lama. 

KENAPA? 🤯 Sebab semua masalah perniagaan korang tu boleh settle dengan sistem POS StoreHub yang canggih dan efisyen.👍🏻

Mantapkan Bisness anda dengan POS StoreHub: 
✅ Pengurusan semua cawangan dalam 1 sistem
✅ Pengurusan inventori, stock dan operasi pekerja
✅ Cek laporan sale harian, mingguan, bulanan dengan mudah
✅ Tingkatkan sale dengan CashBack
✅ SMS automatik & Program Kesetiaan
✅ 30+ ciri-ciri aplikasi unuk kedai anda

Cuba secara PERCUMA! Daftar sekarang untuk demo sistem POS StoreHub.

Caption 2: Ingat lagi hari-hari stress bila tersilap pesanan, sales tak cukup, dan kehabis stok buat korang sebagai bisness owner kalut? 😫

🌟 Elakkan semua masalah tu dengan sistem POS StoreHub dan mantapkan perniagaan dengan transformasi yang luar biasa! 🚀

Lebih dari 15,000 bisness maju dengan sistem POS StoreHub, anda bila lagi? Daftar sekarang untuk DEMO PERCUMA!

Headline 1: Sistem POS Terbaik untuk Kedai Anda
Headline 2: Diskaun POS sehingga 80% 

Description: Dipercayai oleh 15,000+ bisness",Legacy vs Chaos
16,"Caption 1: Calling all retail business owners! 📣 Still stuck in the Stone Age of pen and paper? It's time to level up with StoreHub's Point of Sale (POS) System! 

StoreHub's POS System is 𝐨𝐧𝐞 𝐜𝐞𝐧𝐭𝐫𝐚𝐥 𝐨𝐩𝐞𝐫𝐚𝐭𝐢𝐧𝐠 𝐬𝐲𝐬𝐭𝐞𝐦 that lets you:

✅ Manage all your sales
🧡 Manage your stock
🌈 Manage your staff
🌟 Manage multiple branches

...ALL in ONE place.

Be smart and book a FREE demo today to experience StoreHub's POS System 👇

Caption 2: Keeping track of your store sales on pen and paper is tedious and not reliable. 🙅‍♂️ Transactions can go missing, the stock is all over the place and your business ends up losing money. 😰

Switch to StoreHub's POS System. It's 𝐨𝐧𝐞 𝐜𝐞𝐧𝐭𝐫𝐚𝐥 𝐨𝐩𝐞𝐫𝐚𝐭𝐢𝐧𝐠 𝐬𝐲𝐬𝐭𝐞𝐦 that lets you:

✅ Manage all your sales
🧡 Manage your stock
🌈 Manage your staff
🌟 Manage multiple branches

...ALL in ONE place.

Be smart and book a FREE demo today to experience StoreHub's POS System 👇

Caption 3: 📣 Business owners 📣 If you have your doubts about switching from pen and paper to a Point of Sale System then listen to Ivor Yip's (owner of 17Gallery) story of how useful and easy their transition was.

Don't delay this decision! Just book a FREE demo today and experience StoreHub's POS System. 👇


Headline 1: ❌ Pen & Paper ✅ StoreHub POS System 
Headline 2: Easy Setup With StoreHub POS System

Description: Trusted by 15,000+ businesses",-,-,-
17,"Caption 1: Difficult to get in touch with your retail POS provider? It's time to choose StoreHub's POS System. We ensure we respond to our customers within 3 minutes!

Not only do we have fast response times, but our POS System is specifically designed for retail owners to manage their business in one place. 🌟💼

Sign up today and you will receive a call within 3 mins to schedule your FREE demo. 👇


Caption 2: Are you confused about which POS System to choose for your retail business? Meet Mr. Ivor (Owner of 17Gallery) who trusts StoreHub's POS System to manage his sneaker gallery even when he's not in his store.

Sign up today and you will receive a call within 3 mins to schedule your FREE demo.  

Caption 3: 🛍️ Manage your retail business anytime, anywhere with StoreHub POS – the ultimate all-in-one solution! 🌟💼

💡 Simplify Operations from sales tracking to stock management

🌐 Access real-time data and control your store from anywhere – no more being tied to the counter!

🏆 Trusted by Retailers who rely on StoreHub for seamless management 

Sign up for a FREE demo and we'll get in touch with you within 3 mins.👇


Headline 1: POS Built For Retail Owners
Headline 2: Up To 80% Off For POS System

Description: Trusted by 15,000+ businesses",-,-,-
18,"Caption 1: Calling all retail business owners! 📣 Are you still keeping tracking sales with a pen and paper? It's time to level up with StoreHub's Point of Sale (POS) System! 

StoreHub's POS System is 𝐨𝐧𝐞 𝐜𝐞𝐧𝐭𝐫𝐚𝐥 𝐨𝐩𝐞𝐫𝐚𝐭𝐢𝐧𝐠 𝐬𝐲𝐬𝐭𝐞𝐦 that lets you:

✅ Manage all your sales
🧡 Manage your stock
🌈 Manage your staff
🌟 Manage multiple branches

...ALL in ONE place.

Be smart and book a FREE demo today to experience StoreHub's POS System👇


Caption 2: Here's why you need StoreHub's POS System for your retail business today. 

A POS System lets you manage all your operations from tracking sales to managing stock and your employees all-in-one place. 

Be like Mr. Ivor Yip (Owner of 17 Gallery) and build a strong foundation with StoreHub's POS System. Book your FREE demo today!👇  


Caption 3: Tired of old-school pen & paper or outdated POS systems? Upgrade your retail business now with StoreHub's POS System! 💼💡 

Manage sales, inventory, and customer data effortlessly all in one place! 💪

Be like Mr. Ivor Yip (Owner of 17 Gallery) and build a strong foundation with StoreHub's POS System. Book your FREE demo today!👇  


Headline 1: POS Built For Retail Owners
Headline 2: Up To 80% Off For POS System

Description: Trusted by 15,000+ businesses",-,-,-
19,"Caption 1: Here's how you can get more returning customers, make more sales and increase your profits. 🤑

Get StoreHub's POS System which comes with automated SMS marketing features so you can get customers to return with promos, birthday coupons and more.

Book a FREE demo today and start growing with StoreHub!

Caption 2: 📣 Retail owners 📣 here's the secret formula to get loyal customers and increase your profits. 

Caption 3: In today's tough economic climate 📉, with customers being more selective with their spending, it's important to build a solid foundation of loyal customers who keep coming back to you. 🤩

Make your business the ultimate choice when customers are ready to spend by offering promotions that make them feel like VIPs 👑, and keep them coming back to you by sending SMS reminders. 📱

Book a FREE demo today and start growing with StoreHub!


Headline 1: POS System With 30+ Features
Headline 2: Winning Formula For Retail Success

Description: Trusted by 15,000+ businesses",-," Caption 1:

Tahu tak rahsia nak dapat banyak pelanggan repeat order di cafe atau restoran anda? Nak lebih banyak sale dan tingkatkan keuntungan? 🤑

Rahsianya, gunakan ciri SMS automatik Sistem POS StoreHub, hantar SMS promosi terbaru, diskaun hari lahir dan banyak lagi supaya pelanggan kembali ke cafe atau restauran anda.

Daftar dan dapatkan demo PERCUMA hari ini!

Caption 2:

📣 Pemilik Kedai Retail 📣  gunakan formula rahsia ini untuk menggandakan keuntungan bisness anda dengan pelanggan yang setia.

Caption 3:

Dalam ekonomi yang sukar hari ini 📉 dengan pelanggan yang lebih selektif dalam perbelanjaan mereka, penting sangat untuk membina pelanggan yang setia. 🤩

Jadikan restoran atau cafe anda pilihan utama pelanggan dengan menghantar SMS peringatan📱 promosi atau menu terbaru anda untuk menimbulkan perasaan seperti VIP 👑.!

Dapatkan demo PERCUMA hari ini dan mula tingkatkan sale dengan StoreHub!

Headline 1:

Sistem POS untuk Restoran & Kafe

Headline 2:

Sistem POS untuk Kedai Retail

Headline 3:

Formula Menang untuk Kejayaan Runcit

Description:

Dipercayai oleh 15,000+ perniagaan",Engage ROI
20,"Caption 1: Now you can be present during important family moments while managing your retail business anytime and anywhere. 

With the StoreHub's Manager app, monitor your daily store sales and operations through your phone. 

Get to experience all this with our POS System and book a FREE demo today!
  
Caption 2: 📣 Retail business owners! 📣 Are you missing pivotal family moments because you're still stuck in your retail store closing for the day?

Get StoreHub's POS System and manage your daily sales and operations in 1 place! ❌ No Manual Work ✅ Automated and Faster

Additionally, it comes with the StoreHub Manager App that's linked to StoreHub's POS System so you can monitor your daily store sales and operations all through your phone. 𝐀𝐧𝐲𝐭𝐢𝐦𝐞. 𝐀𝐧𝐲𝐰𝐡𝐞𝐫𝐞.

Book a FREE demo today and experience this today!

Caption 3: As a working mother, Yvonne Kwan, Owner of Sixteen Sports, can keep an eye on her retail store while she's bringing her daughter to school. This is ONLY possible with StoreHub's POS System. 

Through the StoreHub Manager App (that's linked to StoreHub's POS System) you can monitor your daily store sales and operations all through your phone. 𝐀𝐧𝐲𝐭𝐢𝐦𝐞. 𝐀𝐧𝐲𝐰𝐡𝐞𝐫𝐞.

Book a FREE demo today and experience this today!

Headline 1: Manage Your Retail Biz At Home
Headline 2: 80% off For Retail POS System

Description: Trusted by 15,000+ businesses
","Caption 1: ⚠️老板们！请注意⚠️

您是不是不想错过孩子每个重要的成长阶段？

您可以在同一个时间，管理您的零售业务，并同时参与孩子里的每个重要时刻

通过StoreHub Manager APP，您可以通过手机监控来监督店铺的日常运营

立即体验我们的POS系统，并马上来预约免费演示吧！

Caption 2: ⚠️老板们！请注意⚠️
您是否因为需要时常呆在店里做closing到很夜，而错过陪伴孩子的时间吗？

选择StoreHub的POS系统，轻松管理您的日常运营！ ❌ 无需手动操作 ✅ 自动化更快捷 

此外，还附带

通过StoreHub Manager APP来进入StoreHub的POS系统，让您可以通过手机监控店铺里的日常运营。 𝐀𝐧𝐲𝐭𝐢𝐦𝐞. 𝐀𝐧𝐲𝐰𝐡𝐞𝐫𝐞

立即体验我们的POS系统，并马上来预约免费演示吧！

Caption 3: 作为一名职业母亲，Sixteen Sports 的老板关伊冯 (Yvonne Kwan) 可以在送女儿上学的同时监督她的生意。 她通过StoreHub 的 POS 系统来实现这一切。

通过StoreHub Manager APP来进入StoreHub的POS系统，您可以通过手机监控来监督店铺的日常运营。 𝐀𝐧𝐲𝐭𝐢𝐦𝐞。 𝐀𝐧𝐲𝐰𝐡𝐞𝐫𝐞。

立即体验我们的POS系统，并预约免费演示吧！

Headline 1: 在家管理您的零售业务 
Headline 2: 零售 POS 系统 80% 折扣 

Description: 受到 15,000 多家企业的信赖 ",-,Sixteen sports - Ad 1
21,"Caption 1: Accelerate your cafe's success just like Quartet TTDI! StoreHub's POS system has been their secret ingredient for 6 years, making every day smoother for Azian Akhbar (Owner of Quartet TTDI). 

You can 1️⃣ Track Sales 2️⃣ Manage Stock 3️⃣ Monitor multiple branches and more... 𝐀𝐋𝐋 𝐈𝐍 𝐎𝐍𝐄 𝐏𝐎𝐒 𝐒𝐲𝐬𝐭𝐞𝐦. 😱

Book a FREE demo and get started with our POS System today! ✨

Caption 2: Looking for an easy-to-use POS System? So easy that even your staff can learn in 10 mins? 😏

Book a FREE demo with StoreHub's POS System and experience its convenience today! ✨

Caption 3: At Quartet TTDI they turn tables into loyal customers with their trusty sidekick: StoreHub's POS System

Book a FREE demo and experience the 30+ features and benefits today! ✨
 

Headline 1: All-In-One POS System
Headline 2: 30+ Features In 1 POS System

Description: Trusted by 15,000+ businesses",-,"Caption 1:

Nak tahu cara kafe Quartet TTDI maju selama 6 tahun?! Sistem POS StoreHub adalah ramuan rahsia mereka, setiap hari pengurusan pekerja, stok dan sale menjadi lebih lancar untuk Azian Akhbar (Pemilik Quartet TTDI).

Anda boleh 1️⃣ Semak Sale 2️⃣ Uruskan Stok 3️⃣ Uruskan Semua Cawangan dengan satu sistem dan banyak lagi... SEMUA DALAM SATU SISTEM POS. 😱

Daftar untuk demo PERCUMA dan majukan bisness anda dengan sistem POS kami hari ini! ✨

Caption 2:

Masih mencari sistem POS yang mudah digunakan? Mudah sangat sehingga anda hanya perlu 10 minit untuk pelajarinya? 😏

Dapatkan DEMO PERCUMA sistem POS StoreHub dan alami kemudahannya hari ini! ✨

Caption 3:

📢 Owner Restoran & Kafe 📢  Quartet TTDI berjaya mengubah pelanggan harian menjadi pelanggan setia dengan perkhidmatan Sistem POS StoreHub. 

Buisness anda bila lagi? Dapatkan DEMO PERCUMA dan cubalah 30+ ciri dan manfaat Sistem POS StoreHub sekarang! ✨

Headline 1:

Sistem POS untuk Restoran & Kafe

Headline 2:

Formula Menang untuk Kejayaan Runcit

Description:

Dipercayai oleh 15,000+ perniagaan",-
22,"Caption 1: Are you overwhelmed with recording your restaurant sales on pen and paper? Say hi to StoreHub's POS System to automate this entire process for you. 

With StoreHub's POS System record all your sales in one place. This way nothing goes missing and NOBODY can cheat you!  

Book a FREE demo and experience 30+ features on StoreHub's POS System. 

Caption 2: Looking for a simple POS System for your café? So simple that even your staff can learn in 10 mins? 😏

Book a FREE demo with StoreHub's POS System and experience its convenience today! ✨

Caption 3: 📣 Business owners 📣 Get a POS System that not only provides a reliable system but also one with a responsive support team. 

Make the smart choice and book a FREE demo to experience StoreHub's POS System today!

Headline 1: POS System With 30+ Features
Headline 2: POS System Built For Cafés

Description: Try StoreHub for free*",-,"Caption 1: 
Aliran tunai bisness anda tak terkawal? Sistem POS StoreHub solusinya.

Semak aliran tunai dan jualan dengan terperinci, semuanya dalam 1 sistem yang mudah dengan bantuan team support StoreHub yang pantas.

Tunggu apa lagi? Daftar untuk DEMO PERCUMA sekarang!

Caption 2:
Masih mencari Sistem POS yang mudah diguna dan tak cekik darah untuk kafe anda? 😏 

Gunakan Sistem POS StoreHub yang mudah diguna dan dilengkapi dnegan 30+ ciri-ciri aplikasi yang bermanfaat untuk cafe anda. 

Cuba dan nikmati kemudahanya dengan DEMO PERCUMA, daftar sekarang!


Caption 3: 
📣 Owner Restoran dan Retail 📣 Susah sangat nak guna Sistem POS bila team supportnya tidak responsif, betul tak?

Jangan risau, Magna Cakes buktikan Sistem POS StoreHub sangat mudah digunakan untuk check cash flow, uruskan pekerja, stock dan dilengkapi dengan team support yang pantas dan responsif.

15,000 bisness menggunakan StoreHub, anda bila lagi? Daftar untuk DEMO PERCUMA anda hari ini! 


Headline 1: Sistem POS untuk Cafe
Headline 2: Sistem POS untuk Restoran

Description: Dipercayai oleh 15,000+ perniagaan",https://www.canva.com/design/DAFq8Td_Xrs/wR777yCa9PNpofftAepp3w/edit
23,-,"Caption 1: 想知道为什么这家羽球器材店在人烟稀少的地方都能吸引人潮和回头客吗？🤔

秘诀就是 – StoreHub's Cashback！🤩💰

设置一次，就能一劳永逸的回馈您的顾客，以Cashback鼓励他们再度光临！

您可以选择不相信我 🤭，但不妨预约一个免费演示，今天就亲身体验一下吧！


Caption 2: 想知道一个方法能够让您的零售生意销售翻倍吗？

只需在您的店铺中设置StoreHub的Cashback，为您的顾客在每一次的购物都获得奖励。

顾客将成为您的回头客，自动回到您的店铺，同时也会向家人和朋友推荐您的店铺。

您可以选择不相信我 🤭，但不妨预约一个免费演示，今天就亲身体验一下吧！


Caption 3: 📣 零售店主们 📣 使用StoreHub的Cashback让每次购物都变得有意义，让您得到更多的回头客吧！

预约一个免费演示，即刻体验吧！

Headline 1: 翻倍零售销售的秘密武器
Headline 2: 专为零售店铺设计的返现特色功能

Description: 已得到15000+家企业的信赖。",-,-
24,-,"Caption 1:

Caption 2:

Caption 3:

Headline 1:
Headline 2:

Description: ",-,-
25,"Caption 1: Don't you just hate it when your life has to stop because of your F&B or retail business? 😥

StoreHub's point-of-sale takes away all the stress of manual work so you can achieve the work-life balance that you need! ✨🧘🏼

Our all-in-one POS allows you to:
👉🏼 Manage your business 𝐚𝐧𝐲𝐭𝐢𝐦𝐞, 𝐚𝐧𝐲𝐰𝐡𝐞𝐫𝐞, with just your mobile phone
👉🏼 Easily 𝐬𝐲𝐧𝐜 multiple devices and printers 𝐭𝐨 𝐲𝐨𝐮𝐫 𝐏𝐎𝐒
👉🏼 Access 𝐚𝐮𝐭𝐨𝐦𝐚𝐭𝐞𝐝 and 𝐫𝐞𝐚𝐥-𝐭𝐢𝐦𝐞 𝐬𝐚𝐥𝐞𝐬 𝐫𝐞𝐩𝐨𝐫𝐭𝐬

We are here to help you focus on the things that matter to you the most. 😉

Click below to book a FREE demo today!

Caption 2:

Caption 3:

Headline 1:
Headline 2:

Description: ",-,-,-
26,"Caption 1

📢 Restaurant Owners! 📢 Say goodbye to long lines, manual errors, and slow service. Introducing StoreHub, the ultimate POS system designed for your restaurant. 🤩

Psst... Only for a LIMITED TIME, StoreHub POS System is 𝐮𝐩 𝐭𝐨 𝟓𝟓% 𝐨𝐟𝐟, with the price of POS hardware starting from 𝐑𝐌𝟖𝟓𝟓*!

✅ Order & pay via QR code - Fast & easy!
✅ Cashback System & Loyalty Program
✅ Automatic SMS
✅ Stock management system
✅ Track daily, weekly, monthly & yearly sales easily
✅ Run your own food delivery service
✅ 30+ functions and more!

So why wait? Sign up now, get a FREE demo with us, and experience the difference.👇

Caption 2

📢 Calling all Retail Owners! 📢 Get ready to handle the shopping madness with StoreHub's POS. What's StoreHub POS? 

It's the only system you need to manage your business from A to Z. Just one system to track your sales, track your stock, enable loyalty, and get more returning customers with automated SMS.

Book a FREE demo today and see how it can make your operations 10x easy for you! 👇


Headline 1: Up to 55% for POS System
Headline 2: #1 POS for Restaurants & Retail

Description: Trusted by 15,000+ businesses","Caption 1:

📢 餐饮业老板们！📢 现在就和排长龙、人为错误和低效率服务说拜拜吧！隆重介绍StoreHub为你的餐厅量身打造的智能 POS 系统 🤩

偷偷告诉你们...限时优惠活动正在进行中，现在购买 StoreHub POS 系统可享高达 55% 的折扣，价格从 RM855* 起哦！

✅ 扫码点餐和付款 —— 操作便捷！
✅ 现金回馈系统和顾客忠诚计划
✅ 自动发送营销短信
✅ 库存管理系统
✅ 轻松获取每天、每周、每月和每年的销售报告
✅ 轻松运营外卖服务
✅ 超过30项功能等你来探索！

别再等了！立即注册，享受免费试用，一起开启前所未有的体验👇

Caption 2

📢 所有零售业主们！📢 准备好应对购物高峰期了吗？使用 StoreHub POS 系统吧！什么是 StoreHub POS？

这是您唯一需要的系统，从 A 到 Z 管理您的业务。只需一个系统，即可跟踪您的销售、库存、客户忠诚度，并通过自动短信吸引更多回头客。

这只是 StoreHub POS 可以做到的其中几点，因此立即预订试用，看看它如何为您简化操作 10 倍！👇

Headline 1：高达 55% 的 POS 系统折扣
Headline 2：餐厅和零售业的首选POS

Description：受 15,000+ 家企业信赖
","Caption 1

📢 📢 Restaurant owners kat luar sana! Korang dah tak payah nak kalut or risau kalau dapat order yang banyak, barisan order yang panjang, rasa leceh ambik order secara manual atau servis yang lambat. 🐌

KENAPA? 🤯 Sebab semua masalah perniagaan korang tu boleh settle dengan sistem POS StoreHub yang canggih dan efisyen. Ia direka khas untuk uruskan restoran anda. 👍🏻

Psst... Sekarang StoreHub tengah buat promo kawwww kawww! 🔥 Boleh dapat DISKAUN SEBANYAK 𝟓𝟓% untuk sistem POS StoreHub & 𝐑𝐌𝟖𝟓𝟓* untuk perkakasan POS. MASA TERHAD tauu, so better korang grab promo ni sekarang sebelum terlambat. 

Ciri-ciri terbaik sistem POS StoreHub: 👇🏻👇🏻

✅ Pesan & bayar melalui kod QR - Cepat & senang!
✅ Sistem Cashback & Program Loyalti
✅ SMS Automatik
✅ Sistem pengurusan inventori
✅ Jejaki jualan harian, mingguan, bulanan & tahunan dengan mudah
✅ Jalankan perkhidmatan penghantaran makanan tersendiri
✅ 30+ fungsi dan lain-lain!

Tunggu apa lagi? Daftar sekarang dan dapatkan demo PERCUMA bersama kami so that korang dapat rasai perbezaannya hari ini.👇

Caption 2

📢 Hai semua pemilik kedai! 📢 Bersedia untuk menangani kegilaan membeli-belah dengan POS StoreHub. Apa itu POS StoreHub? 🧐

Ini adalah satu-satunya sistem yang anda perlukan untuk menguruskan perniagaan anda dari A hingga Z. Hanya satu sistem untuk menjejaki jualan anda, menguruskan stok, membolehkan program kesetiaan, dan mendapatkan lebih banyak pelanggan yang kembali dengan SMS automatik.

Ini hanyalah ringkasan tentang apa yang boleh dilakukan oleh POS StoreHub, jadi tempah satu demo hari ini dan nikmati bagaimana ia boleh menjadikan operasi kedai 10 kali lebih mudah untuk anda! 👇


Headline 1: Sehingga 55% untuk Sistem POS.
Headline 2: #1 POS Untuk Restoran & Kedai

Description: Dipercayai oleh lebih daripada 15,000 perniagaan",MS Promo - Blue
27,"Caption 1: 
💎 Make the best choices for your Restaurant! 

Why settle for mediocre POS system when you can pay a little more for better value and features?

For only for a RMXX, grow your business better with StoreHub POS System!

✅ Order & pay via QR code - Fast & easy!
✅ Cashback System & Loyalty Program
✅ Automatic SMS
✅ Stock management system
✅ Track daily, weekly, monthly & yearly sales easily
✅ Run your own food delivery service
✅ 30+ functions and more!

👉 Ready to turn your business around? Sign up now, get a FREE demo with StoreHub and secure your success!📈

Caption 2:
🛒 Struggling with lower orders and sales at your restaurant or café? 🍔☕ 

It's no secret that times are challenging now, making the best choices for your restaurant is never the cheapest solution!

Manage your business from A to Z with Storehub POS system to track your sales, track your stock, get more returning customers with automated SMS, enable loyalty programs and more.

Book a demo today and see how it can grow your sales easily for you! 👇

Caption 3:
📢 Your Retail Store needs this! If your looking for an easy-to-use POS System with over 30+ features? 
So easy that even your staff can learn in 10 mins? 😏

Improve your business decisions with StoreHub POS system:

1️⃣ Track Sales 
2️⃣ Manage Stock 
3️⃣ Monitor multiple branches 
4️⃣ Order & pay via QR code 
5️⃣ Cashback System & Loyalty Program
6️⃣ Automatic Customer SMS
....and many more!

Book a FREE demo and get started with our POS System today! ✨



","Caption 1:
💎为你的餐厅选择最佳的运营方案！

你还在使用不合适的 POS 系统？为何不考虑一个更智能、更优惠的多功能 POS 系统呢？

仅需 RMXX，让 StoreHub POS 系统更好地帮助你！

✅ 扫码点餐与支付 —— 操作便捷！
✅ 现金回馈系统和顾客忠诚计划
✅ 自动发送营销短信
✅ 全面的库存管理
✅ 轻松获取每天、每周、每月和每年的销售报告
✅ 轻松运营外卖服务
✅ 超过30项功能等你来探索！

👉 想要实现业务的飞跃？现在就注册，免费体验 StoreHub POS 系统，并锁定你的成功之路！📈

Caption 2:
 🛒  🛒 你是否在为餐厅或咖啡店的销量减少而烦恼呢？🍔☕

面对通货膨胀的挑战时，控制运营成本是必要的，但找到更合适的 POS 系统才是问题的关键！

让 StoreHub POS 系统来帮助你，从 A 到 Z 管理你的生意吧！包括销量追踪、库存管理、自动发送营销短信、顾客忠诚计划等等功能！

立刻预约免费试用，了解如何轻松提高你的销量！👇


Caption 3:
📢 这是零售业缺一不可的好帮手！你是否正在寻找一个容易上手又包含30多种功能的POS系统呢？

使用 StoreHub POS系统来优化你的商业决策：

1️⃣ 在手机或 POS 机上随时随地查看销量和数据分析
2️⃣ 库存管理
3️⃣ 多门店管理
4️⃣ 扫码点餐与支付
5️⃣ 现金回馈系统和顾客忠诚计划
6️⃣ 自动发送营销短信

....等等更多功能！

立即预约免费试用，今天就开始使用 StoreHub 的 POS 系统！✨


","Caption 1: 
Kenapa settle dengan sistem POS yang biasa-biasa je, kan? Kalau tambah RM2.8 sehari dah boleh dapat POS sistem canggih dari StoreHub!

Hanya RMXX sehari, restoran anda boleh jadi lagi mantap dengan Sistem POS StoreHub!

✅ Pesan & bayar guna kod QR 
✅ Sistem Cashback & Program loyalti
✅ SMS Auto
✅ Stok sentiasa terkawal
✅ Check jualan harian, mingguan, bulanan & tahunan senang je
✅ Boleh buat penghantaran makanan sendiri
✅ Ada lagi 30+ ciri seronok!

👉 Dah teruja nak ubah gaya bisnes? Daftar sekarang, dapatkan demo PERCUMA dengan StoreHub, pastikan bisnes korang #Awesome! 📈 

Caption 2:
🛒 Susah nak buat bisnes bila order dan sales di restoran atau kafe korang berkurangan, betul tak? 🍔☕

Kita semua tahu, masa sekarang memang mencabar, tapi membuat pilihan terbaik untuk bisnes korang bukan selalu pilihan yang paling murah!

Kendalikan bisnes korang dari A sampai Z dengan sistem POS StoreHub. Jadi, korang boleh pantau jualan, kawal stok, tarik balik pelanggan dengan SMS automatik, dan lagi banyak ciri menarik!

Jom! 👇 Booking demo sekarang dan saksikan bagaimana StoreHub boleh tingkatkan sale bisnes korang! ✨

Caption 3:
Owner Kedai Runcit anda perlukan ini! Kalau anda mencari Sistem POS yang senang digunakan dengan lebih daripada 30+ ciri?

Sangat senang sehingga wakil anda boleh belajar dalam masa 10 minit sahaja! 😏

Perbaiki keputusan perniagaan anda dengan sistem POS StoreHub:

1️⃣ Pantau Jualan
2️⃣ Urus Stok
3️⃣ Pantau cawangan-cawangan pelbagai
4️⃣ Pesan & bayar dengan kod QR
5️⃣ Sistem Cashback & Program Setia
6️⃣ SMS Pelanggan Automatik
....dan banyak lagi!

Tempah demonstrasi PERCUMA dan mula gunakan Sistem POS kami hari ini! ✨",-
28,"""Caption 1: 📣 Cafe Owners 📣 Here's how you can get more returning customers and make more sales. 🤑

Get StoreHub's POS System which comes with automated SMS marketing features so you can get customers to return with promos, birthday coupons and more.

Book a FREE demo today and start growing with StoreHub!

Caption 2:🍴 Restaurant Owners, Listen Up! 🍴 Ready to unlock the ultimate recipe for success? 🌟

📩 Drive Customer Loyalty and 💰 Boost Customer Revisits with Special Promotions through Automated SMS Marketing!

Introducing ENGAGE, automated SMS marketing feature wihtin StoreHub POS that drives more returning customers to your restaurant. 

Book a FREE demo today and start growing with StoreHub!



Headline 1: POS System With 30+ Features
Headline 2: Winning Formula For Retail Success

Description: Trusted by 15,000+ businesses",-,-,SNI Ads 1
29,"Caption 1: 📣 Cafe Owners 📣 Tired of customer data chaos? 😩 Not enough sales to open new outlets? 

Solve it with StoreHub POS! 🌟 Centralise your sales data, expand effortlessly, and access real-time insights anywhere, anytime.

Book a FREE demo today and start growing with StoreHub!

Caption 2: 🍴 Restaurant Owners, Listen Up! 🍴
😓 Frustrated by your chaotic Sales Records?

🌟 Explore the Game-Changing Potential with StoreHub POS!
🚀 Streamline Your Business with These Simple Steps:
✅ Step 1: Use StoreHub POS to centralise Sales Data
✅ Step 2: Confidently expand your business based on Sales Data 
✅ Step 3: Stay Informed, Anytime, Anywhere with the StoreHub App

Book a FREE Demo and say goodbye to scattered numbers and embrace streamlined success for your restaurant! ☕💼✨

Caption 3: 😱 Find out how we helped this cafe expand from 1 to 4 stores?",-,-,-
30,"Caption 1: 
😱 Are you having constant battles with POS issues for your cafe business?
StoreHub POS is your ticket to success! 🌟

Experience remarkable and quick support by StoreHub. Solve your problems within 3-5 minutes at any day of the week.

Get more than just an All-in-one POS system, Sign up for a FREE Demo now! 

Caption 2: ✨ Discover why successful restaurant owners uses StoreHub POS.

With StoreHub POS:
🙋 Get 7-day customer support
✅ Better in-store operation
👍 Manage inventory
📊 Track sales reports (real-time)
🤝 Loyalty program
📲 Automated SMS marketing

Join the StoreHub merchant community, Book a FREE Demo now!",-,-,-
31,-,-,-,"HOK VP1

Whats business like without a POS"
,-,-,"Caption 1: 📢 📢 Para restoran owners sekalian! Pernah dengar ""Sistem POS""? 🧐 
Atau anda masih gunakan kertas & pen untuk rekod order, jualan dan operasi harian? 

Sistem POS StoreHub ini sangat mudah nak guna - dapat tolong anda: 
 📊 Cek rekod jualan harian, mingguan, bulanan dengan mudah.
 🤳 Pesan & bayar guna kod QR - Pantas & senang je!
 🪑Mudah menukar meja dan order pelanggan.
 🛠️ Uruskan operasi harian. 
 📦 Sistem pengurusan stok
 😍 Sokongan pelanggan selama 7 hari
 💬 Fungsi Auto-SMS untuk dapatkan pelanggan kembali ke restoran anda! 🤩

👉 Dah teruja nak ubah gaya bisnes? Daftar sekarang untuk DEMO PERCUMA dan DISKAUN 55%* untuk masa terhad!



Caption 2:
🗣 Pemilik Kafe & Restoran, 🚨 MESTI TENGOK VIDEO NI!! ... kalau korang masih mencari sistem POS yang mudah, boleh dipercayai dan boleh meningkatkan sales anda. Sekarang adalah masa yang paling sesuai untuk korang tukar sistem ke POS StoreHub!✨

Ciri-ciri terbaik sistem POS StoreHub: 👇🏻👇🏻
✅ Pesan & bayar guna kod QR 
✅ Sistem Cashback & Program loyalti
✅ SMS Auto untuk meningkatkan jualan
✅ Cek rekod jualan harian, mingguan, bulanan dengan mudah.
✅ Jalankan perkhidmatan penghantaran makanan tersendiri.
✅ Sistem pengurusan stok/inventori.
✅ Perkhidmatan pelangganyang pantas dan aktif 7 hari seminggu.
✅ 1 sistem dengan 30+ fungsi untuk bisness anda.

Semua ini dari RM6.80/hari sahaja! Tunggu apa lagi! Daftar untuk DEMO POS PERCUMA kami hari ini.👇


Caption 3:

📣 Boss Boss Restoran & Kafe 📣  Sakit kepala dengan POS Sistem atau cashier yang korang ada sekarang? Gunakan sistem POS StoreHub untuk memudahkan operasi bisness, semak jualan hairian dan dapatkan lebih banyak pelanggan yang kembali ke restoran anda.

Risau susah nak guna sistem baru? Perkhidmatan pelanggan StoreHub pantas dan tersedia 7 hari seminggu. 

Daftar sekarang untuk PROMO esklusif dan demo PERCUMA bersama kami so that anda dapat rasai perbezaannya hari ini.👇


Headlines:
POS #1 untuk Restoran
Sistem POS untuk Restoran & Kafe
#1 POS Untuk Restoran & Kafe 👉
","HOK VP2

From Pen and Paper to POS"
,-,-,"Caption 1: Nak jadi bisness owner restoran, kafe atau butik yang berjaya? Paling penting, korang mesti ada Sistem POS yang boleh dipercayai untuk mengawal semua jualan supaya korang senang tidur nyenyak setiap malam. 😴

Cubalah StoreHub POS, kami jaminkan ini adalah sistem POS yang paling dipercayai di pasaran dengan 15,000+ pengguna dan dilengkapi dengan lebih dari 30 ciri-ciri yang akan membangunkan bisness anda. 💰

Semua ini dari RM6.80/hari sahaja! Tunggu apa lagi! Daftar untuk DEMO POS PERCUMA kami hari ini.👇

Caption 2: 📢 📢 Para restoran owners sekalian! Pernah dengar ""Sistem POS""? 🧐 Atau anda masih gunakan kertas & pen untuk rekod order, jualan dan operasi harian? 

Sistem POS StoreHub ini sangat mudah nak guna: 
 📊 Cek rekod jualan harian, mingguan, bulanan dengan mudah.
 🤳 Pesan & bayar guna kod QR - Pantas & senang je!
 🪑Mudah menukar meja dan order pelanggan.
 🛠️ Uruskan operasi harian. 
 📦 Sistem pengurusan stok
 😍 Sokongan pelanggan selama 7 hari
 💬 Fungsi Auto-SMS untuk dapatkan pelanggan kembali ke restoran anda! 🤩

👉 Dah teruja nak ubah gaya bisnes? Daftar sekarang untuk DEMO PERCUMA dan DISKAUN 55%* untuk masa terhad!

*Tertakluk kepada terma dan syarat.

Caption 3: ",Unboxing Video
,"Caption 1:   
📢 Restaurant Owners! 📢 Say goodbye to long lines, manual errors, and slow service. Introducing StoreHub, the ultimate POS system designed for your restaurant. 🤩

Psst... Only for a LIMITED TIME, StoreHub POS System is 𝐮𝐩 𝐭𝐨 55%* 𝐨𝐟𝐟!

✅ Order & pay via QR code - Fast & easy!
✅ Cashback System & Loyalty Program
✅ Automatic SMS
✅ Stock management system
✅ Track daily, weekly, monthly & yearly sales easily
✅ Run your own food delivery service
✅ 30+ functions and more!

So why wait? Sign up now, get a FREE demo with us, and experience the difference.👇

Caption 2:  
📢 Calling all Retail Owners! 📢 Get ready to handle the shopping madness with StoreHub's POS. What's StoreHub POS? 

It's the only system you need to manage your business from A to Z. Just one system to track your sales, track your stock, enable loyalty, and get more returning customers with automated SMS.

Book a demo today to enjoy discount up to 55%* off and see how it can make your operations 10x easy for you! 👇

Caption 3:  
🗣 Retail owners! Are you looking for a reliable POS system that can handle peak hours 𝐓𝐇𝐑𝐈𝐂𝐄 a day?? 

Get yourself StoreHub's POS at 55%* off and get to enjoy benefits like: 

🏃🏼 Super fast service for your customers
✅ Track daily, weekly, monthly & yearly sales easily
💸 Get more sales from dine-in and takeaways
👫 Have more customers return with cashback
😍 7-day customer support

Book a FREE demo today and find out how StoreHub POS's System can grow your business! 👇

Headline 1: 55% Off POS System
Headline 2: POS System for Retails
Headline 3: POS System Promo
Headline 4: #1 POS for Retail","Caption 1:   


Caption 2:  


Caption 3:  


Headline 1: 
Headline 2: 
Headline 3: 
Headline 4: ","Caption 1:   
🗣 Owner Restoran 🚨 kalau korang nak tahu rahsia menggandakan sales 💰 bulan Ramadan 🌙 ni . Sistem POS StoreHub boleh memudahkan operasi bisness anda!✨

Ciri-ciri terbaik sistem POS StoreHub: 👇🏻👇🏻
✅ Sistem pengurusan stok/inventori.
✅ Sistem Cashback & Program loyalti
✅ SMS Auto untuk meningkatkan jualan
✅ Cek rekod jualan harian, mingguan, bulanan dengan mudah.
✅ Jalankan perkhidmatan penghantaran makanan tersendiri.
✅ Perkhidmatan pelangganyang pantas dan aktif 7 hari seminggu.
✅ 1 sistem dengan 30+ fungsi untuk bisness anda.

Tunggu apa lagi! Daftar untuk DEMO POS PERCUMA & Diskaun 55%* 👇

*Selagi stock masih ada.

Caption 2:  
🗣Owner Butik dan Kedai Runcit, korang tak payah kalut dah bulan ramadan ni bila ramai customer, order banyak atau stock bersepah.

Sistem POS StoreHub yang dipercayai 15,000 bisness boleh membantu tingkatkan sales dan operasi bisness yang lebih efisyen! ✨

Psst... Sekarang StoreHub tengah buat DISKAUN SEBANYAK 𝟓𝟓%* untuk perkakas POS StoreHub. MASA TERHAD tauu, so better korang grab promo ni sekarang sebelum terlambat. 

✅ Stok sentiasa terkawal
✅ Sistem Cashback & Program loyalti
✅ SMS Auto
✅ Check jualan harian, mingguan, bulanan & tahunan senang je
✅ Boleh buat penghantaran makanan sendiri
✅ Ada lagi 30+ ciri seronok!

👉 Dah teruja nak ubah gaya bisnes? Daftar sekarang, dapatkan demo PERCUMA dengan StoreHub, pastikan bisnes korang #Awesome! 📈

*Tertakluk kepada terma dan syarat

Caption 3:  
Nak buka Butik Fesyen anda tersendiri bulan Ramadan ni? 
Jangan risau,  mulakan bisness dengan POS sistem ""All-in-one"" StoreHub untuk 🌟 operasi yang lancar , 💰 sales yang meningkat dan 🧮 kirakan stock yang mudah!
 
✨Daftar sekarang untuk DISKAUN 55%* hanya untuk bulan ramadan 2024! ✨

Headline 1: Sistem POS Khas untuk Butik
Headline 2: Diskaun 55% POS StoreHub
Headline 3: Sistem POS Kedai Runcit
Headline 4: Sistem POS StoreHub",Ramadan Promo Static (Retail)
,-,-,"Caption 1: 
Owner Restoran mesti kalut bila pekerja ambil order salah, lambat servis customer dan kekurangan customer yang loyal, betul tak?🧐
Sekaranglah masanya untuk automasikan operasi restoran anda dengan QR Order & Pay oleh POS StoreHub!

Dengan 𝐐𝐑 𝐎𝐫𝐝𝐞𝐫 & 𝐏𝐚𝐲 𝐒𝐭𝐨𝐫𝐞𝐇𝐮𝐛, restoran korang boleh:
⏰ maksimumkan masa untuk fokus kepada penyediaan makanan
⚡️ pesanan and penghantaran makanan yang cepat 
🍴 tiada kesilapan order
💳 menawarkan pelbagai kaedah pembayaran (cash, card, e-wallet)

Psst... Jangan lepaskan peluang menikmati DISKAUN sehingga 55%* untuk perkakas POS StoreHub.
Daftar sekarang. 

Caption 2: 

""Sejak menggunakan 𝐐𝐑 𝐎𝐫𝐝𝐞𝐫 & 𝐏𝐚𝐲 𝐒𝐭𝐨𝐫𝐞𝐇𝐮𝐛 kami jimat masa, tiada kesilapan order dan dapat servic pelanggan lebih pantas.""

Nak tahu rahsia owner restoran Karnivor Malaya? 🤩 StoreHub POS adalah jawapanya. Hanya RM6.80* sehari, restoran anda boleh jadi lagi mantap dengan Sistem POS StoreHub!

✅ Pesan & bayar guna kod QR 
✅ Sistem Cashback & Program loyalti
✅ SMS Auto
✅ Stok sentiasa terkawal
✅ Check jualan harian, mingguan, bulanan & tahunan senang je
✅ Boleh buat penghantaran makanan sendiri
✅ Ada lagi 30+ ciri seronok!

👉 Dah teruja nak ubah gaya bisnes? Daftar sekarang untuk DEMO PERCUMA dan DISKAUN 55%* untuk masa terhad!

Caption 3:
 📢 📢 Para restoran owners sekalian! Pernah dengar ""Sistem POS""? 🧐 Atau anda masih gunakan kertas & pen untuk rekod order, jualan dan operasi harian? 

Sistem POS StoreHub ini sangat mudah nak guna: 
 📊 Cek rekod jualan harian, mingguan, bulanan dengan mudah.
 🤳 Pesan & bayar guna kod QR - Pantas & senang je!
 🪑Mudah menukar meja dan order pelanggan.
 🛠️ Uruskan operasi harian. 
 📦 Sistem pengurusan stok
 😍 Sokongan pelanggan selama 7 hari
 💬 Fungsi Auto-SMS untuk dapatkan pelanggan kembali ke restoran anda! 🤩

👉 Dah teruja nak ubah gaya bisnes? Daftar sekarang untuk DEMO PERCUMA dan DISKAUN 55%* untuk masa terhad!

Headline 1: Sistem POS Khas untuk Restoran
Headline 2: Sistem POS Khas untuk Cafe
Headline 3: QR Order & Pay StoreHub
Headline 4: All-in-one Sistem POS StoreHub
","Merchant Testimonial (QR Order) Karnivor Malaya

MS"
,"[360 Hardware]

Caption 1: 
Say goodbye to old-fashioned cashiers and hello to StoreHub POS! 

As a restaurant owner, you understand the need for speed and efficiency. With StoreHub, you can streamline your operations seamlessly. 

Discover StoreHub's sleek, all-in-one hardware that combines powerful functionality with an intuitive design. 

Here's what you'll love:
📋 Simple Table Management
📊 Instant Sales Reports
🔄 Easy Stock Reordering
📱 Mobile Accessibility
🤝 Customer Loyalty Programs

Ready for the future? 🚀 Sign up for a FREE DEMO and experience the difference!

Caption 2: 
🍽️ Experience the ultimate restaurant POS system with StoreHub. Trusted by 15,000+ businesses, our all-in-one hardware streamlines sales, inventory, and more. 

Here's what makes it unique:
📈 Real-Time Sales Tracking
📦 Efficient Inventory Management
💼 Comprehensive Employee Management
🔔 Automatic Alerts & Notifications
💳 Integrated Payment Processing

Get your demo today to see why we're the top choice for restaurants!👇

Caption 3:
🚀 Transform your restaurant operations with StoreHub. Our all-in-one POS hardware is trusted by over 15,000 businesses. Manage sales, inventory, and more effortlessly. Here's what sets us apart:

💡 Cloud-Based Data Storage
📱 Mobile App Integration
🚚 Integrated Delivery Logistics
📊 Detailed Analytics & Reports
💼 7-Day Customer Support
Get your FREE demo and experience the difference!👇",-,-,360 Hardware Video
,"Caption 1: 
📢 Calling all restaurant owners! No more stress during festive seasons with StoreHub POS. 🚀

Enjoy fast & easy QR code orders, loyalty programs and:
🏃🏼 Super fast service for your customers
✅ Track daily, weekly, monthly & yearly sales easily
💸 Get more sales from dine-in and takeaways
👫 Have more customers return with cashback
😍 7-day customer support
 
Get 55% OFF🔥 StoreHub POS limited to first 50 units. Register now for a FREE demo! 👇

Caption 2:
✈️ Going out of town during Raya but want to keep your shop open? 🧐 No worries! 
With StoreHub POS, manage your restaurant or cafe sales remotely while enjoying family time. Convenient, right? 🏡🌟

Check out StoreHub POS features: 👇🏻👇🏻

✅ Monitor sales, stocks and employees from your phone
✅ Easy QR Code purchase & payment
✅ Cashback & Loyalty Program
✅ Automatic SMS
✅ Run your own deliveries
✅ Plus, 30+ awesome features!

Psst, StoreHub's Raya Sale is on! 🔥 Get 55% OFF POS hardware, limited to only 50 units! Register now for a FREE demo👇

Caption 3: 
🚨 Retail and cafe owners! Worried about fewer customers this Raya break? No need to panic! 
With StoreHub's Auto SMS feature 📱, you can easily invite customers back to shop 🛍️. Convenient, right?

StoreHub's Raya Sale is on! 🔥 Get a 55% DISCOUNT for POS hardware.
What else can you get with StoreHub POS?

✅ Monitor operations, sales, and stock from anywhere
✅ Cashback & Loyalty Program
✅ Automatic SMS
✅ Conduct your own deliveries
✅ Plus, 30+ awesome features!

Register now & get a FREE demo👇

Headline 1: POS System for Resto & Cafe
Headline 2: POS System for Retail Shops
Headline 3: 55% Off StoreHub POS
Headline 4: All-in-one POS System","Caption 1:
📢 餐饮业老板们！📢 现在就和排长龙、人为错误和低效率服务说拜拜吧！隆重介绍StoreHub为你的餐厅量身打造的智能 POS 系统 🤩

偷偷告诉你们...限时优惠活动正在进行中，现在购买 StoreHub POS 系统可享高达 55% 的折扣，价格从 RM1300* 起哦！

✅ 扫码点餐和付款 —— 操作便捷！
✅ 现金回馈系统和顾客忠诚计划
✅ 自动发送营销短信
✅ 库存管理系统
✅ 轻松获取每天、每周、每月和每年的销售报告
✅ 轻松运营外卖服务
✅ 超过30项功能等你来探索！

别再等了！立即注册，享受免费试用，一起开启前所未有的体验👇

Caption 2:
💎为你的餐厅选择最佳的运营方案！


你还在使用不合适的 POS 系统？为何不考虑一个更智能、更优惠的多功能 POS 系统呢？


偷偷告诉你们...限时优惠活动正在进行中，现在购买 StoreHub POS 系统可享高达 55% 的折扣，价格从 RM1300* 起哦！


✅ 扫码点餐与支付 —— 操作便捷！
✅ 现金回馈系统及顾客忠诚计划
✅ 自动发送营销短信
✅ 全面的库存管理
✅ 轻松获取每天、每周、每月和每年的销售报告
✅ 轻松运营外卖服务
✅ 超过30项功能等你来探索！


👉 想要实现业务的飞跃？现在就注册，免费体验 StoreHub POS 系统，并锁定你的成功之路！📈


Caption 3: 
📢 这是零售业缺一不可的好帮手！你是否正在寻找一个容易上手又包含30多种功能的POS系统呢？

使用 StoreHub POS系统来优化你的商业决策：


1️⃣ 在手机或 POS 机上随时随地查看销量和数据分析
2️⃣ 库存管理
3️⃣ 多门店管理
4️⃣ 扫码点餐与支付
5️⃣ 现金回馈系统和顾客忠诚计划
6️⃣ 自动发送营销短信

....等等更多功能！


立即预约免费试用，今天就开始使用 StoreHub 的 POS 系统！✨



","Caption 1: 
📢 📢 Hai owner-owner restoran! Nak tahu tak? Korang dah takyah stress nak handle order ramai masa Bulan Raya ni. Kalau taknak terkejar-kejar, slow servis, atau risau terlepas order, sistem POS StoreHub boleh settlekan semua tu. 🚀

Kenapa korang kena cuba sistem POS StoreHub ni? 🧐 Sebab ia memang terbaik untuk restoran korang. 👍🏻

Check ciri-ciri hebat dia ni: 👇🏻👇🏻

✅ Order & bayar guna QR Code - Pantas & senang!
✅ Cashback & Program Loyalti
✅ SMS Auto
✅ Uruskan stok dengan mudah
✅ Pantau jualan harian, mingguan, bulanan & tahunan dengan mudah
✅ Boleh buat delivery sendiri
✅ 30+ lagi ciri-ciri gempak!

Dapat DISKAUN 55% hanya untuk 50 unit POS StoreHub 🔥. Tak payah tunggu lagi??
Daftar sekarang, dapatkan demo PERCUMA👇

Caption 2: 
🎉🌙 Nak balik kampung tapi tak nak tutup kedai Raya ni? Jangan stress, Dengan sistem POS StoreHub, owner-owner restoran & kafe boleh uruskan operasi dan sale kedai korang dari kampung sambil beraya dengan keluarga. Best kan? 🏡🌟

Check ciri-ciri cun sistem POS StoreHub: 👇🏻👇🏻

✅ Semak operasi, sales dan stock kedai anda di mana-mana
✅ Mudah beli & bayar guna QR Code - Senang & pantas!
✅ Cashback & Program Loyalti
✅ SMS Automatik
✅ Boleh buat delivery sendiri
✅ Ada lagi 30+ ciri-ciri gempak!

Pssst StoreHub sekarang ada Raya Sale! 🔥 Dapatkan DISKAUN 55% untuk perkakasan POS terhad kepada 50 unit sahaja! 
Tak payah tunggu, daftar sekarang & dapatkan demo PERCUMA👇

Caption 3:
Hai owner kedai retail dan kafe! 🚨 Korang risau customer tak ramai cuti Raya ni?

Tak payah kalut, korang guna je ciri Auto SMS 📱 dari POS StoreHub dah boleh panggil balik customer untuk shopping hari raya 🛍️. Senang kan? 

Apa lagi korang dapat dengan POS StoreHub?
✅ Semak operasi, sales dan stock kedai anda di mana-mana
✅ Cashback & Program Loyalti
✅ SMS Automatik
✅ Boleh buat delivery sendiri
✅ Ada lagi 30+ ciri-ciri gempak!

Pssst StoreHub sekarang ada Raya Sale! 🔥 Dapatkan DISKAUN 55% untuk perkakasan POS terhad kepada 50 unit sahaja! , daftar sekarang & dapatkan demo PERCUMA👇

Headline 1: Sistem POS Restoran & Kafe
Headline 2: Sistem POS Kedai Butik
Headline 3: Diskaun 55% POS StoreHub
Headline 4: Sistem POS All-in-one ",Raya Promo Static
,"[POS Hardware & Software Built To Scale]

Caption 1:
📢 Attention Retailers & F&B Owners! 📢 Bid farewell to checkout chaos and welcome the future of seamless operations with StoreHub POS!

Effortlessly manage sales🛍️, inventory📦, and customer engagement👥 with our advanced system. 

Say YES to efficiency📈, say YES to growth🚀. 

Experience it firsthand with a FREE Demo now!

Caption 2:
🚀 Join the Retail & F&B Revolution! 🚀 With StoreHub POS, you're not just upgrading your system, you're transforming your business.

Empower your team 💪, delight your customers🥳, and watch your profits soar✈️. 

Ready to elevate your operations? Claim your 55% OFF now!


Caption 3:
🔔 Calling all Retail & F&B Owners! 🔔 Don't let peak hours or busy seasons slow you down. With StoreHub POS, you're always in control.

From efficient order management to boosting customer loyalty, we've got you covered. Grab your exclusive 55% discount today and pave the way for success!

Headline 1: Revolutionise Your Retail & F&B Business
Headline 2: Boost Efficiency and Sales
Headline 3: Upgrade Your Operations
Headline 4: POS For FnB & Retail","[POS Hardware & Software Built To Scale]

Caption 1 
📢 呼叫各位零售业和餐饮业老板们！📢 现在就使用StoreHub POS系统，和混乱无序的运营模式说“拜拜”吧！

通过StoreHub 一站式POS系统，轻松管理销量🛍️、库存📦和顾客的需求👥

对效率📈说YES，对增长🚀说YES。

立即预约免费试用，亲自来体验吧！

Caption 2
🚀 快来加入零售业和餐饮业的革新时代！🚀 通过使用 StoreHub POS，不仅升级了系统，还改良了运营模式。

提高团队运营效率💪 简化顾客购买流程 🥳见证销量飙升 ✈️

准备好提升你的运营模式了吗？现在就申请并享有55%的折扣吧！

Caption 3
🔔 呼叫！所有零售业和餐饮业老板们！🔔 

即使再繁忙的季节，也无需担心！有了 StoreHub POS系统，一切尽在你的掌握中。

从订单🛍️和库存📦管理到培养顾客的忠诚度👥 ，我们都能一一帮你实现。立即享有55%优惠，为成功铺平道路！

标题 1： 改良升级你的运营模式
标题 2： 用高效率创造更高的销量
标题 3： 通过StoreHub POS系统升级运营模式
标题 4： 餐饮业和零售业的首选POS系统

","[POS Hardware & Software Built To Scale]

Caption 1: 
📢 Hai Owner Kedai Butik, Cafe dan Kedai Runcit! 📢 Ucapkan ""Bye-Bye"" kepada masalah operasi bisnes anda dengan sistem POS StoreHub!

Uruskan jualan🛍️, inventori/stok📦, dan kehendak pelanggan 👥 dengan MUDAH melalui sistem POS StoreHub yang canggih.
Katakan YA kepada kecekapan📈, katakan YA kepada perkembangan🚀.

Nikmati operasi bisnes yang lebih lancar dengan DEMO PERCUMA sekarang!

Caption 2:
🚀 Jom ikut Revolusi kedai & restoran 2024 🚀 Dengan POS sistem StoreHub POS! Bukan sekadar naik taraf sistem anda tapi, POS StoreHub akan mengubah bisnes anda secara menyueluruh.

Nak operasi pekerja yang lebih efisyen 💪? Nak mudahkan process pembelian pelanggan 🥳? Nak saksikan sales korang naik ke langit ✈️?

Tunggu apa lagi? Dapatkan DEMO PERCUMA dan diskaun sehingga 55%* sekarang!

Caption 3:

🔔 Pemilik Kedai Runcit, Butik dan Kafe! 🔔

Tak perlu risau lagi semasa waktu puncak atau musim sibuk. Dengan sistem POS StoreHub, operasi bisness anda sentiasa efisyen🌟!

Daripada pengurusan pesanan 🛍️ dan inventori 📦 yang cekap sehingga membina kesetiaan pelanggan 🥳, semuanya mudah dengan POS StoreHub. Dapatkan diskaun eksklusif 55% anda dengan DEMO PERCUMA sekarang!

Headline 1: Modernkan Bisness Anda
Headline 2: Lagi Efisyen, Lagi Banyak Sale
Headline 3: Uruskan Operasi Bisness dengan POS StoreHub
Headline 4: Sistem POS #1 untuk Butik & Kafe","[POS Hardware & Software Built To Scale]

https://www.canva.com/design/DAGBb6zDihk/gmEYizDhmf03tiQl1in-Dw/edit?utm_content=DAGBb6zDihk&utm_campaign=designshare&utm_medium=link2&utm_source=sharebutton"
,"[How It Feels To Manage Your Business]

CAFE/RESTAURANT/F&B BUSINESS]
Caption 1:
Frustrated with scattered data and time-consuming processes in your [cafe/restaurant/f&b business]? StoreHub POS is the solution you've been searching for!  

🚀 Centralise your sales data, expand effortlessly, and access real-time insights from anywhere, anytime. 

With StoreHub you can:
✅ Easily manage inventory 
✅ Lightning Fast POS System
✅ Discover Your Best Sellers
✅ Benefit from 30+ features

Book a FREE demo today and start growing with StoreHub!

Caption 2:
Feeling overwhelmed by different systems at your [cafe/restaurant/f&b business]? Streamline your business with StoreHub POS! 

🌟 Say goodbye to scattered data and embrace streamlined success! 

With StoreHub you can:
✅ Better in-store operation
👍 Manage inventory
📊 Track sales reports (real-time)
🤝 Loyalty program
📲 Automated SMS marketing

Book your FREE demo today!

Caption 3:
Ready to take your [cafe/restaurant/f&b business] to new heights? Discover the power of StoreHub POS! 

💼 From centralised sales data to automated SMS marketing, streamline your operations and watch your business thrive. 

With StoreHub you can:
✅ Monitor sales, stocks and employees from your phone
✅ Easy QR Code purchase & payment
✅ Cashback & Loyalty Program
✅ Automatic SMS
✅ Run your own deliveries
✅ Plus, 30+ awesome features!

Book your FREE demo today!


Headline 1: POS System for Resto & Cafe
Headline 2: POS System for F&B Businesses
Headline 3: 55% Off StoreHub POS
Headline 4: All-in-one POS System


RETAIL
Caption 1:
Tired of juggling multiple systems to manage your retail store? StoreHub's all-in-one POS can solve this. 
Simplify your operations with:
📦 Real-Time Inventory Management
💳 Integrated Payment Processing
📈 Instant Sales Reports
💡 Customer Management Tools

Book your FREE demo now!👇

Caption 2:
🚨 Retailers, overwhelmed by inventory and complex checkout processes? 

StoreHub's all-in-one POS makes it easier with:
📊 Intuitive Sales Tracking
🛒 Seamless Checkout
📱 Customer Engagement Tools
🚚 Integrated Delivery Options
💼 Employee Management

Experience smoother operations with StoreHub. Book your FREE demo today!👇

Caption 3:
🔄 Struggling with stock updates and tracking sales in your retail store? 

StoreHub's all-in-one POS offers:
🕒 Real-Time Inventory Updates
📈 Detailed Sales Reports
💰 Secure Payment Processing
📡 Cloud-Based Backup
🤝 Customer Loyalty Programs

Simplify your business with StoreHub. Sign up for a FREE demo!👇","[How It Feels To Manage Your Business]

[CAFE/RESTAURANT/F&B BUSINESS]
Caption 1: 
餐饮业老板一看到零散的 Sales data 就头疼吗？😵‍💫
StoreHub POS 是您一直在寻找的解决方案！

🚀 不管是外卖/分店的销售数据都由总部统一管理，打开手机就能实时查看。

使用StoreHub后，你可以：
✅ 轻松管理库存，不怕买过多浪费
✅ 云端POS系统，确保你手机看到的都是最新的数据
✅ 通过系统整理，帮你找出热销产品
✅ 超过30项功能等你来探索！

真有那么好吗？自己试试就知道了！立即注册，享受免费试用👇

Caption 2: 
开个店居然浪费了我这么多钱！当老板的我容易吗？😩
不同服务买不同的系统，顾客扫码点餐🍴、收银机💰、货物管理📦，还有最头疼的客户营销 📣。

🌟 告诉你更省钱省力的方法，StoreHub一个平台就帮你搞定：
🤳 扫码自助点餐和付款 —— 减少客户流失率！
📦 库存管理系统
📊 轻松获取每天、每周、每月和每年的销售报告
🤝现金回馈系统和顾客忠诚计划
📲 自动发送营销短信


立即预约免费试用，今天就开始使用 StoreHub 的 POS 系统！✨

Caption 3: 
餐饮业的老板准备Upgrade生意运作，实行数字化管理了吗！StoreHub 能够帮助到！
💼 这里提供一站式的服务，帮助你改革成现代化的餐厅模式，快速有效地提高生意成交量！

✅ 轻松管理库存，不怕买过多浪费
✅ 云端POS系统，确保你手机看到的都是最新的数据
✅ 通过系统整理，帮你找出热销产品
✅ 超过30项功能等你来探索！","[How It Feels To Manage Your Business]

CAFE/RESTAURANT/F&B BUSINESS]
Caption 1:
Hai bos-bos [cafe/restoran/bisnes F&B]! Stressed dengan data yang tak teratur dan proses yang lambat? Sistem POS StoreHub POS boleh settle semua masalah tu!

Dengan sistem POS StoreHub, semuanya lebih mudah: 

✅ Centralkan data sales, Tak payah pening kepala susun data.
✅ Tambah cawangan dengan mudah, Expand bisness dengan 1 sistem POS.
✅ Chek prestasi bisnes bila-bila masa, semua info dekat hujung jari korang je!
✅ Lebih 30 fungsi lagi untuk transform bisness korang 🚀

Tak perlu gusar lagi! Daftar untuk demo PERCUMA sekarang!  ✨

Caption 2:
Alamak, owner-owner [cafe/restoran/bisnes F&B] mesti kalut bila sistem order lain, cashier lain, stok pun lain-lain lagi? memang pening kepala betul! 😩 

🌟 Tak perlu stress lagi, dengan sistem POS StoreHub anda boleh:

✅ Operasi [cafe/restoran/bisnes F&B] lebih efisyen
👍 Uruskan stok dengan senang
📊 Semak Laporan sales ""Real-Time""
🤝 Program loyalti pelanggan
📲 Marketing dengan SMS Otomasi

Daftar untuk demo PERCUMA sekarang! 

Caption 3:
Hey bos-bos [cafe/restoran/bisnes F&B]! Dah sampai masanya korang transform bisnes ke level baru dengan StoreHub POS!

💼 Uruskan bisnes korang dengan mudah dari satu platform untuk operasi yang lebih smooth🌟 dan sales bertingkat💰, dah ready nak transform bisnes korang? 🤔

Dengan StoreHub ni, korang boleh:
✅ Check rekod sales, stok, dan pekerja di mana sahaja
✅ Beli & bayar dengan QR kod
✅ Program Cashback & Loyalty untuk pelanggan
✅ SMS marketing automatik
✅ Hantar order sendiri pun boleh
✅ 30++ lagi ciri untuk bisnes korang!

Tak percaya? Cuba dulu dengan DEMO PERCUMA, daftar sekarang!


Headline 1: Sistem POS khas Resto & Kafe
Headline 2: Sistem POS khas F&B Businesses
Headline 3: Diskaun 55% POS StoreHub
Headline 4: Sistem POS all-in-one


RETAIL
Caption 1:
Korang dah fed up tak nak menggelupur manage kedai guna banyak sistem berbeza 😵‍💫 ? Cashier satu, stok inventory satu dan sistem loyalty/cashback customer satu lagi. Settlekan semua masalah ni dengan sistem POS StoreHub All-In-One!

Sentralkan operasi bisnes dengan mudah:
📦 Pengurusan Inventori Real-Time
💳 Pemprosesan Bayaran mudah
📈 Laporan Sales harian, mingguan, bulanan
💡 Program Loyalty/Cashback Customer tersedia

Daftar untuk DEMO PERCUMA sekarang!👇

Caption 2:
🚨 Owner Kedai Retail! korang penat mengurus stock yang memeningkan dan proses checkout yang rumit?

Dengan POS StoreHub All-In-One, korang boleh:
📊 Check rekod sales dengan mudah dimana sahaja
🛒 Process Bayaran yang smooth
📱 Program Loyalty/Cashback Customer
💼 Pengurusan Pekerja

Nikmati operasi yang lebih smooth dengan StoreHub. Dapatkan demo PERCUMA korang hari ni!👇

Caption 3:
Korang masih guna 🗒️ kertas dan 🖊️ pen untuk mengurus stok dan track sales kedai korang? 🤯

Dah sampai masanya korang transform bisnes ke level baru dengan POS StoreHub!

Dengan POS StoreHub all-in-one, lebih mudah:
🕒 Uruskan stok dimana sahaja
📈 Dapatkan laporan sales yang terperinci
💰 Proses bayaran yang selamat
📡 Simpan Data online 
🤝 Program Loyalty/Cashback Pelanggan

Senangkan urusan bisnes korang dengan StoreHub. Daftar untuk demo PERCUMA!👇","[How It Feels To Manage Your Business]

https://www.canva.com/design/DAGBh-wKqBc/Jaj5etwkkxyQP9Qa7H44mQ/edit?utm_content=DAGBh-wKqBc&utm_campaign=designshare&utm_medium=link2&utm_source=sharebutton"
,"[Everything You Need. All-in-one]

Caption 1:
🍽️ Discover the ultimate all-in-one solution for your [FnB Business/Restaurant/Cafe/Retail Store]! StoreHub's POS system combines everything you need to streamline operations, from order management to inventory tracking. 

Benefit From:
✅ Better in-store operation
👍 Accurate inventory management
📊 Track sales reports (real-time)
🤝 Keep customers coming back with Loyalty offers
📲 QR Order & Pay / 🛍️ E-Commerce Store

Join thousands of satisfied businesses and revolutionise your [FnB Business/Restaurant/Cafe/Retail Store] today! Book a FREE demo now!👇

Caption 2:
[⭐️ Elevate your dining experience with StoreHub's all-in-one POS system! From tableside ordering to integrated payment solutions, our system has everything you need to boost efficiency and delight your customers.  /
🛒 Transform your retail business with StoreHub's all-in-one POS system! Say goodbye to multiple systems and hello to seamless operations. From inventory management to customer engagement tools, we've got everything you need to succeed. ]


✅ Better in-store operation
👍 Manage inventory
📊 Track sales reports (real-time)
🤝 Loyalty program
📲 QR Order & Pay / 🛍️ E-Commerce Store

Don't settle for less - join the future of business operations. Book your FREE demo now!👇

Caption 3:
🚀 Ready to take your  [FnB Business/Restaurant/Cafe/Retail Store] to the next level? StoreHub's all-in-one POS system has you covered! With features like [menu customisation/ a free ecommerce store], loyalty programmes, and real-time analytics, managing your cafe has never been easier. 

✅ Better in-store operation
👍 Manage inventory
📊 Track sales reports (real-time)
🤝 Loyalty program
📲 QR Order & Pay

Experience the difference today - book your FREE demo now!👇","Caption 1: 

🍽️ 专门为您的[餐饮业务/餐厅/咖啡馆/零售店]量身打造的一站式运营管理！StoreHub的POS系统结合了从订单管理，库存追踪到营销活动的一切所需，简单化经营您的生意。

您将得到：
✅ 更高效的运营管理
👍 统一化库存管理
📊 实时更新销售报告
🤝 通过会员优惠吸引顾客回头消费
📲 支持扫码点单&支付 / 🛍️ 免费创建电商网站

今天就让您的[餐饮业务/餐厅/咖啡馆/零售店]升级数据化管理吧！
立即预约免费的DEMO吧！👇


Caption 2:

[⭐️ 提升您的客户用餐体验，使用StoreHub的一站式管理POS系统！拥有扫码点单&付款功能，减少让顾客等待的时间，简化付款的流程。/ 

🛒 使用StoreHub的一站式POS系统！现在开店不用再分开买系统，一个 POS就能把所有业务连接起来。除了线上门店结合，同步更新库存，到自动化营销等等强大功能 —— 让您省下3倍的时间。]
✅ 提升店内运营效率 
👍 同步更新库存 
📊 实时追踪销售报告 
🤝 会员忠诚度计划 
📲 支持二维码点单支付 / 🛍️免费创建电商网站
升级成最新的业务运营方式。立即预约您的免费DEMO！👇


Caption 3:

🚀 准备好将您的 [餐饮业务/餐厅/咖啡馆/零售店] 升级了吗？StoreHub的一站式POS系统为您提供全方位管理！实用功能包括 [菜单定制/免费电商网站]、会员忠诚度计划和营销报表分析等等。
✅ 提升店内运营效率 
👍 同步更新库存 
📊 实时追踪销售报告 
🤝 会员忠诚度计划 
📲 支持二维码点单支付 / 🛍️免费创建自己的电商网站

立即体验一站式的POS管理系统 - 预约您的免费DEMO吧！👇


","Caption 1: 
🍽️ Nikmati penyelesaian All-in-One terbaik untuk [Perniagaan FnB/Restoran/Kafe/Kedai Runcit] anda! Sistem POS StoreHub gabungkan semua yang anda perlukan untuk mudahkan operasi, dari pengurusan pesanan sehingga penjejakan inventori.

Dengan POS StoreHub anda dapat:
✅ Operasi kedai lebih lancar
👍 Pengurusan inventori yang tepat
📊 Jejak laporan jualan (masa nyata)
🤝 Tarik pelanggan balik dengan tawaran Kesetiaan
📲 QR Order & Pay / 🛍️ Kedai E-Dagang

Jadilah salah satu daripada 15,000 perniagaan yang berpuas hati dan ubah [Perniagaan FnB/Restoran/Kafe/Kedai Runcit] anda hari ini! Tempah demo PERCUMA sekarang!👇

Caption 2:
[⭐️ Tingkatkan pengalaman pelanggan di [Restoran/Kafe] anda dengan sistem POS All-in-One StoreHub! Dari pesanan melalui QR Order ke proses pembayaran berintegrasi, sistem kami ada semua yang anda perlukan untuk operasi yang lebih efisyen. /
🛒 Ubah kedai retail anda dengan sistem POS All-in-One StoreHub! Tak perlu guna banyak sistem berlainan lagi, semuanya ada dalam satu sistem. Dari pengurusan inventori sehingga program kesetiaan pelanggan, kami ada semua yang anda perlukan untuk tingkatkan sales.]

✅ Operasi kedai lebih lancar
👍 Pengurusan inventori
📊 Jejak laporan jualan (masa nyata)
🤝 Program kesetiaan
📲 QR Order & Pay / 🛍️ Kedai E-Dagang

Jangan bazir masa dengan sistem yang biasa - sertai masa depan operasi perniagaan moden. Tempah demo PERCUMA anda sekarang!👇

Caption 3:
🚀 Dah ready nak tingkatkan [Perniagaan FnB/Restoran/Kafe/Kedai Runcit] anda ke tahap seterusnya? Sistem POS All-in-One StoreHub ada semua yang anda perlukan! Dengan fungsi macam [penyesuaian menu/ platform kedai online (ecommerce) percuma], program kesetiaan, dan laporan sales masa nyata, urus [Perniagaan FnB/Restoran/Kafe/Kedai Runcit]  anda jadi lebih senang.

✅ Operasi kedai lebih lancar
👍 Pengurusan inventori
📊 Jejak laporan jualan (masa nyata)
🤝 Program kesetiaan
📲 QR Order & Pay

Nikmati perbezaannya hari ini - tempah demo PERCUMA anda sekarang!👇","[Everything You Need. All-in-one]

https://www.canva.com/design/DAGBh-wKqBc/Jaj5etwkkxyQP9Qa7H44mQ/edit?utm_content=DAGBh-wKqBc&utm_campaign=designshare&utm_medium=link2&utm_source=sharebutton"
,"[15k Businesses]

Caption 1:
🌟 Join 15,000+ thriving [FnB Business/Restaurants/Cafes/Retail Stores]! 

Experience the power of StoreHub's POS System in increasing [table turnover / revenue] and streamlining operations effortlessly. 

Book your FREE demo today and join the community of success!👇

Caption 2:
⚡ Elevate your [FnB Business/Restaurant/Cafe/Retail Store] efficiency! 

Trusted by 15,000+ F&B businesses globally, StoreHub's POS System revolutionises restaurant operations. Say goodbye to manual errors and slow service. 

Discover the difference with a FREE demo now!👇

Caption 3:
🚀 Need reliable support for your [FnB Business/Restaurant/Cafe/Retail Store] operations? StoreHub's POS System offers seamless solutions and round-the-clock assistance to 15,000+ businesses. Experience efficiency like never before. Book your FREE demo today!👇",-,"Caption 1:
🌟 Jadilah satu daripada 15,000+ [Perniagaan FnB/Restoran/Kafe/Kedai Runcit] yang berjaya dengan Sistem POS StoreHub!

Nikmati perbezaan Sistem POS StoreHub yang boleh mengandakan sales dan melancarkan operasi bisness anda dengan mudah.

Tempah demo PERCUMA anda hari ini!👇

Caption 2:
⚡ Nak jadikan [Perniagaan FnB/Restoran/Kafe/Kedai Runcit] anda lebih maju?

Sistem POS StoreHub boleh merevolusikan operasi restoran anda. Tiada lagi kesilapan manual dan perkhidmatan yang lambat.

Lebih 15,000 perniagaan F&B di seluruh dunia mengunakan StoreHub, Nikmati perbezaannya dengan demo PERCUMA sekarang!👇

Caption 3:
🚀 Nak tahu rahsia 15,000 bisness yang maju dengan operasi bisness yang lancar? Semuanya menggunakan Sistem POS StoreHub, satu penyelesaian All-in-one dengan perkhidmatan pelanggan 24 jam setiap hari. Efisyenkan operasi u [Perniagaan FnB/Restoran/Kafe/Kedai Runcit] anda dengan mudah. Tempah demo PERCUMA anda hari ini!👇
",[15K Businesses] https://www.canva.com/design/DAGBbmRD4QQ/m70BFxbgSjD0hkyyKMfF1A/edit?utm_content=DAGBbmRD4QQ&utm_campaign=designshare&utm_medium=link2&utm_source=sharebutton 
,"[Maximise FnB Profits]

Caption 1:
📈 Ready to boost your restaurant's profits? With StoreHub's POS system and Beep delivery integration, you can streamline operations and reach more customers than ever before. Experience the power of seamless efficiency - book your FREE demo now!👇

🚀 Maximise Profits with Advanced Analytics
💡 Automated Upselling to Increase Revenue
📊 Real-time Sales Tracking for Informed Decisions
🚚 Beep Delivery Integration for Expanded Reach

Caption 2:
💰 Unlock the secret to restaurant success with StoreHub's POS system! Maximise profits with features like automated upselling and real-time analytics. Plus, with Beep delivery integration, you can expand your reach and increase revenue. Discover the possibilities - book your FREE demo now!👇

📈 Boost Profits with Automated Upselling
💡 Real-time Analytics for Informed Decision Making
📊 Track Sales Performance Anytime, Anywhere
🚚 Beep Delivery Integration for Seamless Order Fulfillment

Caption 3:
🚀 Take your restaurant to new heights with StoreHub's POS system and Beep delivery integration! From order management to delivery tracking, our system has everything you need to maximise profits and delight customers. Experience the future of F&B operations - book your FREE demo now!👇

📈 Streamline Operations with All-in-One POS System
💡 Track Sales and Inventory in Real-time
📊 Increase Revenue with Automated Upselling
🚚 Expand Reach with Beep Delivery Integration

Headlines:

Unlock Profit Maximisation
Streamline Operations and Expand Reach
Elevate Efficiency
Grow Your Business",-,"Caption 1: 
📈 Restoran korang dah tak untung macam dulu?? Streamline operasi dan capai lebih ramai pelanggan dengan Sistem POS StoreHub dan integrasi penghantaran makanan Beep Delivery!  Nikmati kelancaran dan operasi efisyen - Daftar untuk demo PERCUMA sekarang!👇

🚀 Maksimumkan sales dengan Analitik Terperinci 
💡 Tingkatkan nilai sales dengan 'Upselling' Automatik
📊 Pantau Laporan Sales Real-time untuk membuat keputusan bijak
🚚 Integrasi Beep Delivery untuk luaskan pasaran

Caption 2:
🚨 Owner-owner restoran, Rahsia tingkatkan sales terbongkar!💰 

Maksimumkan sales korang dengan Sistem POS StoreHub. Gunakan ciri-ciri 'upselling' automatik, laporan sales 'real-time' dan integrasi penghantaran makanan Beep Delivery untuk tingkatkan sales dan capai lebih ramai pelanggan! 
Tak percaya? Cuba demo PERCUMA kami sekarang dan buktikan sendiri!👇

📈 Gandakan sales dengan 'Upselling' Automatik 
💡 Buat Keputusan Tepat dengan laporan 'Real-time' 
📊 Semak sales dan inventori bila-bila masa secara online
🚚 Integrasi Beep Delivery untuk luaskan pasaran

Caption 3:
😵‍💫 Masih pening mencari sistem POS dan delivery terbaik untuk restoran baru korang? 
Jimat masa dan lancarkan operasi dengan Sistem POS StoreHub dengan integrasi Beep Delivery. Dari pengurusan pesanan sampai track penghantaran, semuanya jadi senang. 

Dah ready nak bukak restoran?🚀  - Dapatkan demo PERCUMA anda sekarang!👇

📈 Lancarkan Operasi dengan Sistem POS All-in-One
💡 Semak Sales dan Stok 'real-time' secara online
📊 Naikkan Sales dengan 'Upselling' Automatik 
🚚 Luaskan Pasaran dengan Integrasi Beep Delivery

Headlines:
Gandakan Sales Bisness Anda
Lancarkan Operasi & Tingkatkan Sales
Sistem POS terbaik untuk Perniagaan Baru",https://www.canva.com/design/DAGBg5ML9xY/4c9xwyFO1Ytm-jb-rPltXQ/edit?utm_content=DAGBg5ML9xY&utm_campaign=designshare&utm_medium=link2&utm_source=sharebutton 
,"[30+ Features] & [choose your fighter]

Caption 1:
✨ Elevate your business with StoreHub's all-in-one POS system! With 30+ features including cloud-based point of sale, easy-to-use backoffice, and free eCommerce site, we've got everything you need to succeed. Experience efficiency like never before - book your FREE demo now!👇

Experience the convenience of:
📊 Complete Inventory Management System
🚚 Integrated Delivery & Takeaway Logistics
📈 Cashback Loyalty Program for Customer Retention
💳 Easy to Use Customer Loyalty Program for Repeat Business
🌟 Dual Screens For You & Your Customers


Caption 2:
🌟 Discover the future of POS technology with StoreHub's all-in-one system! Enjoy 30+ features including integrated delivery logistics, QR order & pay, and instant sales reports. Streamline your operations and maximise profitability - book your FREE demo now!👇

Experience the convenience of:
📊 Complete Inventory Management System
🚚 Integrated Delivery & Takeaway Logistics
📈 Cashback Loyalty Program for Customer Retention
💳 Easy to Use Customer Loyalty Program for Repeat Business
🌟 Dual Screens For You & Your Customers

Caption 3:
🚀 Ready to take your business to new heights? Unlock the power of StoreHub's all-in-one POS system with 30+ features! From comprehensive employee management to cashback loyalty program, we've got everything you need to succeed. Book your FREE demo now!👇

Experience the convenience of:
📊 Complete Inventory Management System
🚚 Integrated Delivery & Takeaway Logistics
📈 Cashback Loyalty Program for Customer Retention
💳 Easy to Use Customer Loyalty Program for Repeat Business
🌟 Dual Screens For You & Your Customers
","Caption 1: 

✨让StoreHub的一站式POS系统提升您的业务！我们提供超过30项功能，包括云端POS和简单易用的后台系统，帮助您实现全方位管理。

我们能为您带来更方便的：
📊 库存管理——商品和食材用量都能记录！
🚚 自带配送与外卖物流系统
📈 顾客可享有Cashback——下次消费可使用
💳 简单易用的Loyalty Program，吸引回头客
🌟 双屏设计，方便您和您的顾客查看订单

体验前所未有的高效运作——立即预约您的免费DEMO！👇


Caption 2:
🌟StoreHub不仅是POS系统，更是您开店和管理店铺的全能助手！

拥有多达30+ 种功能包括外卖配送物流、扫码点餐&支付和实时更新的Sales Report。

我们能您你带来更方便的：
📊 库存管理——商品和食材用量都能记录！
🚚 自带配送与外卖物流系统
📈 顾客可享有Cashback——下次消费可使用
💳 简单易用的Loyalty Program，吸引回头客
🌟 双屏设计，方便您和您的顾客查看订单

想更轻松管理你的生意并且提高收入？💰📈
立即预约免费DEMO！👇

Caption 3:
🚀 准备改变您的经营方式，让您的生意更具人性化、更智能化了吗？

选择StoreHub 解锁多达30+种功能，助您轻松管理从开店到运营的方方面面。

从员工&顾客管理🧑‍🤝‍🧑，到营销&Loyalty Program 📣, StoreHub都能统一管理。

我们能为你带来更方便的：
📊 库存管理——商品和食材用量都能记录！
🚚 自带配送与外卖物流系统
📈 顾客可享有Cashback——下次消费可使用
💳 简单易用的Loyalty Program，吸引回头客
🌟 双屏设计，方便您和您的顾客查看订单

立即预约免费DEMO！👇

","Caption 1: 
✨ Majukan perniagaan anda dengan sistem POS 'All-in-one' dari StoreHub! Lebih daripada 30 ciri-ciri best, termasuk sistem POS ""cloud-base' online, pengurusan 'Backoffice' yang senang nak guna, dan laman web eDagang percuma. Semua yang perniagaan anda perlukan untuk berjaya tersedia. Dapatkan demo PERCUMA dan terokai kelebihan StoreHub👇

Sistem POS StoreHub ada:
📊 Sistem Pengurusan Inventori Lengkap
🚚 Logistik Penghantaran & Ambil Beep berintegrasi
📈 Program Loyalti Cashback untuk Pelanggan
💳 Program Loyalti Pelanggan Yang Mudah 
🌟 Dua Skrin Untuk Anda & Pelanggan Anda

Caption 2: 
🤫 Psst.... Nak tahu lebih tentang teknologi POS moden? Cuba sistem POS 'All-in-one' StoreHub yang canggih! 

Lebih 30 ciri-ciri, termasuk logistik penghantaran Beep, pesanan & pembayaran kod QR, dan laporan jualan masa nyata. Lancarkan operasi, tingkatkan sales, dan nikmati pengurusan perniagaan yang lebih mudah. Dapatkan demo PERCUMA anda hari ini dari StoreHub 👇

Ciri-ciri POS Storehub:
📊 Sistem Pengurusan Inventori Terperinci
🚚 Logistik Penghantaran & Ambil Beep berintegrasi
📈 Program Loyalti Cashback untuk Pelanggan
💳 Program Loyalti Pelanggan Yang Mudah 
🌟 Dua Skrin Untuk Anda & Pelanggan Anda

Caption 3: 
😵‍💫 Masih pening mencari sistem POS dan delivery terbaik untuk kedai baru korang? 
Jimat masa dan lancarkan operasi dengan Sistem POS StoreHub lengkap dengan laman web eDagang percuma. Dari pengurusan pesanan sampai track penghantaran, semuanya jadi senang. 

Dah ready nak bukak kedai?🚀  - Dapatkan demo PERCUMA anda sekarang!👇

Lancarkan Operasi dengan Sistem POS All-in-One: 
💡 Semak Sales dan Stok 'real-time' secara online
📊 Sistem Pengurusan Inventori Terperinci
📈 Naikkan Sales dengan 'Upselling' Automatik 
💳 Program Loyalti Cashback untuk Pelanggan
 ","https://www.canva.com/design/DAGBcJZsaDU/F_quKOoruzkUnVyx2_daQg/edit?utm_content=DAGBcJZsaDU&utm_campaign=designshare&utm_medium=link2&utm_source=sharebutton 

https://drive.google.com/drive/folders/1RktAOdKs_c3L86zOfGfMfEu3PuNy83Ec?usp=drive_link"
,"[Keep Your Customers Coming Back]

🌟 Ready to turn first-time shoppers and diners into loyal customers? With StoreHub's all-in-one POS system, you'll have powerful marketing and loyalty tools at your fingertips. 

From targeted promotions to personalised rewards, we've got everything you need to keep customers coming back. Book your FREE demo now!👇

Experience the power of:
📱 Automated SMS Marketing for Targeted Outreach
🎁 Customisable Loyalty Programs to Reward Your Customers
💡 Data-Driven Insights to Understand Customer Behavior
🛍️ Seamless Integration with Your Existing Systems
🚀 Easy-to-Use Interface for Effortless Management

Caption 2:
🔍 Searching for a solution to boost customer retention and drive repeat business? Look no further than StoreHub's all-in-one POS system! With built-in marketing and loyalty tools, you can create engaging campaigns and rewards that keep customers coming back for more. Start building lasting relationships today - book your FREE demo now!👇

Unlock the potential of:
📈 Comprehensive Customer Database for Targeted Outreach
💰 Automated Promotions to Drive Sales
📊 Real-Time Analytics to Measure Campaign Performance
💼 Seamless Integration with Your Existing Systems
🌟 User-Friendly Interface for Effortless Management

Caption 3:
🚀 Ready to take your business to the next level? With StoreHub's all-in-one POS system, you can supercharge customer loyalty and drive repeat business like never before. From automated marketing campaigns to customizable loyalty programs, we've got everything you need to keep customers coming back for more. Book your FREE demo now and see the difference!👇

Discover the benefits of:
📱 Personalised Promotions to Delight Your Customers
🎉 Tailored Rewards to Increase Customer Engagement
📈 Advanced Reporting Tools for Data-Driven Decisions
🛒 Seamless Integration with Your Existing Systems
💼 Intuitive Dashboard for Effortless Management",-,-,https://www.canva.com/design/DAGC2AQEgyk/4l4Ey6EltF7HzLpA0wHgJQ/edit 
,"[AirDrop style: All-In-One POS]:

Caption 1:
🌟 Say goodbye to juggling multiple systems and hello to simplicity with StoreHub's all-in-one POS solution!
/ 🛍️ Elevate your retail experience with StoreHub's all-in-one POS system! From managing inventory to processing transactions, our solution is designed to simplify retail operations and drive sales. 
/ 🍽️ Revolutionise your restaurant with StoreHub's all-in-one POS system! From managing orders to tracking inventory, our solution is tailored to meet the unique needs of the F&B industry. 


Experience seamless operations:
🔍 Comprehensive Inventory Management
💳 Secure Transaction Processing
📊 Real-Time Analytics
📦 Comprehensive Inventory Management
🎯 Customer Management Tools
Book your FREE demo now!👇

Caption 2:
🚀 Ready to streamline your business operations? With StoreHub's all-in-one POS system, you can manage your F&B and retail operations effortlessly.
/ 💼 Ready to take your retail business to new heights? StoreHub's all-in-one POS system offers a comprehensive solution for managing your store efficiently. 
/ 💡 Unlock the full potential of your cafe or eatery with StoreHub's all-in-one POS system! Our solution is designed to streamline F&B operations and enhance the dining experience. 

Discover the convenience:
📈 Sales Tracking & Reporting
🛒 Seamless Order Processing
📱 Customer Engagement Tools
🚚 Integrated Delivery Solutions
📈 Real-Time Performance Analytics
Book your FREE demo today!👇

Caption 3:
💡 Looking for a game-changer for your business? StoreHub's all-in-one POS system combines the best features for F&B and retail, helping you increase efficiency and drive growth. 
/🔍 Searching for a POS system that understands your retail needs? Look no further than StoreHub! Our all-in-one solution is packed with features designed to streamline retail operations and enhance the customer experience. 
/🚀 Ready to take your restaurant to the next level? StoreHub's all-in-one POS system offers a range of features to help you increase efficiency and drive sales, you'll be serving up success in no time. 

Take the next step:
🛍️ Easy-to-Use Backoffice
📈 Advanced Reporting Features
📱 Marketing & Loyalty Tools
🚀 Scalable Solutions for Growth
💰 Secure Payment Processing
Book your FREE demo now!👇",-,-,https://www.canva.com/design/DAGCjSyhG04/eoWMseZ5MCmT65NXK2dFOw/edit 
,"[BEST POS Search]

Caption 1

15,000+ F&B and Retail merchants trust us with our POS System, so why don’t you?

StoreHub’s POS has been around for 10 years empowering 15,000+ businesses 
in 3 different countries to easily run their restaurant operations and increase their 
table turnover. ✨

Book a FREE demo today and find out how StoreHub can help your business!👇

Caption 2

📣 Restaurant owners! 📣 If you're looking for the best POS System that is 
trusted by most businesses then you've landed at the correct place. 😍
StoreHub's POS System empowers 15,000+ businesses in 3 different
countries to easily run their restaurant operations and increase their 
table turnover. ✨

Be a part of this community by booking a FREE demo today!👇


Caption 3

📣📣 Attention all business owners! Are you tired of dealing with slow and 
unresponsive customer support when you need help with your POS System? 
Look no further than Storehub's POS System!

StoreHub's POS System empowers 15,000+ businesses in 3 different
countries to easily run their restaurant operations and increase their 
table turnover. ✨

Be a part of this community by booking a FREE demo today!👇

Headline 1: Up to 55% for POS System
Headline 2: #1 POS for Restaurants & Retail
Description: Trusted by 15,000+ businesses",-,"Caption 1

Lebih daripada 15,000 restoran, butik, serbeneka dan kedai runcit mempercayai sistem POS kami di StoreHub, anda bila lagi?

POS StoreHub telah beroperasi selama 10 tahun membantu lebih daripada 15,000 perniaga di 3 negara asia dalam menguruskan operasi restoran mereka dengan mudah dan meningkatkan jumlah meja yang digunakan. ✨

Book demo PERCUMA anda hari ini dan ketahui bagaimana StoreHub boleh membantu perniagaan anda!👇

Caption 2

📣 Owner restoran! 📣 Jika anda mencari sistem POS terbaik dan paling dipercayai oleh pelbagai perniagaan, POS Storehub adalah jawapannya. 😍 Sistem POS StoreHub dipercayai oleh lebih daripada 15,000 perniagaan di 3 negara berbeza dalam menguruskan dan memudahkan operasi restoran serta meningkatkan sales yang digunakan. ✨

Nak cuba POS Storehub? Book sekarang untuk demo PERCUMA hari ini!👇


Caption 3

📣📣 Perhatian kepada semua owner kedai butik, kedai baju dan kedai runcit! Anda sudah bosan dengan perkhidmatan pelanggan yang lembap dan tidak responsif ketika memerlukan bantuan dengan sistem POS anda? Jangan risau, StoreHub's POS System sedia membantu anda!

Sistem POS StoreHub dipercayai oleh lebih daripada 15,000 perniagaan di 3 negara berbeza dalam memudahkan pengurusan operasi perniagaan mereka serta meningkatkan sales bulanan ✨

Jadilah sebahagian daripada komuniti POS Storehub dan majukan perniagaan anda. Daftar untuk demo PERCUMA hari ini!👇

Headline 1: Sehingga 55% untuk Sistem POS.
Headline 2: #1 POS Untuk Restoran & Kedai

Description: Dipercayai oleh lebih daripada 15,000 perniagaan",https://www.canva.com/design/DAGCjttwNPc/BrKDAdUsIsAiRYjAQBwdpQ/edit
,"[Hardware Promo]
Example 1
💥 Huge Savings! Get 55% OFF StoreHub POS hardware today! Trusted by over 15,000 businesses, StoreHub is the ultimate all-in-one POS solution for both retail and F&B. Upgrade your point-of-sale system and enjoy seamless business operations.

Here's what you'll get with StoreHub's POS:

🛒 Streamlined Sales Processing
📦 Real-Time Inventory Management
📈 Instant Sales Reports
🤝 7-Day Customer Support
🌟 Integrated Loyalty Programs

Don't miss this exclusive deal! Book your FREE demo now to secure your 55% OFF promo and experience StoreHub's all-in-one POS system!👇

Example 2
📣 Limited-Time Offer! Get 55% OFF StoreHub POS hardware and transform your business. If you're tired of complicated systems, StoreHub's all-in-one POS is your solution. It's trusted by over 15,000 businesses for its simplicity and power.

With StoreHub, you can:

📦 Track Inventory in Real-Time
📈 Generate Instant Sales Reports
🛒 Process Transactions Seamlessly
💳 Integrate Payment Solutions
📱 Use Mobile Accessibility

Book your FREE demo today to claim your 55% OFF promo! Click below to get started and discover how StoreHub can revolutionise your business operations!👇

Example 3
🚀 Upgrade Your POS! Get 55% OFF StoreHub POS hardware and take your business to the next level! StoreHub is trusted by 15,000 businesses for its all-in-one solution, providing everything you need for retail and F&B success.

Enjoy these benefits with StoreHub's POS system:

📦 Real-Time Inventory Management
💳 Integrated Payment Processing
📈 Detailed Sales Reports
🤝 7-Day Customer Support
📱 Mobile-Friendly Solutions

Don't wait! Book your FREE demo now to take advantage of this 55% OFF offer! Transform your business operations with StoreHub. Click below to secure your spot!👇",-,-,Promo Ad
,"[Split Screen Unboxing]

📢 Whether you're a small business or an established brand, StoreHub has a plan for you! 

Start with the Starter Plan for just RM108/mo—ideal for small businesses. Upgrade to the Advanced Plan at RM208/mo for growing businesses or go Pro with the Pro Plan at RM416/mo for established brands. 

Get 30+ powerful features, including:
📦 Real-Time Inventory Tracking
📈 Instant Sales Reports
💳 Integrated Payment Solutions
🤝 Customer Loyalty Programs
📱 Mobile App Access
Discover which plan suits your business. Book your FREE demo today!👇

Caption 2
💡 Looking for a POS system that grows with you? StoreHub's flexible plans can match your business's stage of growth. Start with the Starter Plan at RM108/mo—perfect for small businesses. Move up to the Advanced Plan at RM208/mo as you grow, or choose the Pro Plan at RM416/mo for established brands. 

With StoreHub, you get:
📈 Comprehensive Sales Tracking
📦 Easy Inventory Management
💳 Secure Payment Processing
🚚 Integrated Delivery Solutions
🤝 7-Day Customer Support
Find the plan that's right for you. Book a FREE demo now!👇

Caption 3
🚀 StoreHub has flexible POS plans for businesses of all sises! Start small with the Start Plan at RM108/mo, upgrade to the Advance Plan at RM208/mo, or choose the Pro Plan at RM416/mo for established brands. 

Enjoy these key features with every plan:
📊 Real-Time Sales Reports
💡 Comprehensive Employee Management
🔍 Detailed Analytics & Insights
🤝 Customer Loyalty Programs
📱 QR Order & Pay
Simplify your business with StoreHub. Book a FREE demo today!👇",-,-,-
,"[FnB Carousel]
From POS software to hardware, StoreHub provides everything your F&B business needs to manage costs efficiently, boost customer engagement, and achieve operational excellence. Our all-in-one system streamlines operations, enhances customer loyalty, and helps you grow without the stress. Join 15,000+ businesses who trust StoreHub. Get your FREE demo today! 👇

🍽️ Elevate your restaurant experience with StoreHub's trusted and reliable POS system! With dual displays, QR order & pay, and integrated takeaway & delivery logistics, we simplify your counter operations. Choose StoreHub for seamless service - book your FREE demo now!👇
🚀 Revolutionise your F&B business with StoreHub's all-in-one POS solution! Trusted by thousands, our system offers dual displays, QR order & pay, and integrated delivery logistics. Simplify your operations and delight your customers - choose StoreHub today!👇
💡 Discover the power of StoreHub for your restaurant! With dual displays for you & your customers, QR order & pay, and seamless takeaway & delivery integration, we streamline your counter operations. Trusted and reliable - choose StoreHub now!👇

Description: Upgrade To Storehub.",-,-,FnB Carousel
,"[Tired of Old-Fashioned POS Systems?]

Caption 1
🚀 Say goodbye to outdated POS and manual systems! StoreHub's all-in-one POS transforms your business with ease. Experience seamless operations, boost sales, and delight customers - plus we're e-invoicing ready!

✨ Key Features:
🔹 Dual screens for you and your customers
🔹 Instant sales reports
🔹 Integrated delivery logistics
🔹 Easy inventory management
🔹 Cashback loyalty program

Ready to upgrade? Book your FREE demo now! 👇

Caption 2
📢 Still using traditional POS or manual systems? It's time for a change! StoreHub's innovative POS system offers 30+ features designed to simplify your operations and increase profits - plus we're e-invoicing ready! 

🔑 Why Choose StoreHub:
🔹 Cloud-based point of sale
🔹 QR order & pay
🔹 Free eCommerce site
🔹 Comprehensive employee management
🔹 Effortless customer loyalty program

Make the switch today and see the difference. Get your FREE demo now!👇
Caption 3
🛍️ Tired of the headaches with old-school POS and manual tracking? StoreHub is here to revolutionise your business with a modern, all-in-one POS system. Streamline everything from sales to inventory and customer loyalty  - plus we're e-invoicing ready! 

🌟 Benefits of StoreHub:
🔹 Real-time sales tracking
🔹 Easy-to-use back office
🔹 Integrated delivery & takeaway logistics
🔹 Free eCommerce site
🔹 Complete inventory management

 Book a FREE demo and upgrade today!👇","Caption 1
🚀 告别过时的POS系统和人工操作！StoreHub 的POS系统轻松改变您的生意模式。

✨ 主要功能包括：
🔹 双屏显示，方便您和顾客查看
🔹 即时生成销售报告
🔹 自带配送与外卖物流系统
🔹 自动化库存管理
🔹 现金返还忠诚计划
让顺畅的运营模式帮助您赢得客户和提升销量！准备好升级了吗？立即预约免费的DEMO吧！👇


Caption 2
📢 还在用传统的POS系统或手动管理？是时候改变了！StoreHub 的新型POS系统提供30多项高效功能，专为简化操作和提升盈利而设计。
🔑 选择StoreHub的理由：
🔹 云端POS系统
🔹 QR Order & Pay
🔹 免费创建电商网站
🔹 成熟的员工管理系统
🔹 自动化顾客忠诚计划
今天就换上StoreHub，感受升级后的便利！立即获取免费的DEMO吧！👇


Caption 3
🛍️ 对老旧的收银系统和手动管理感到厌倦吗？StoreHub用现代一体化POS系统为你的业务带来革命性改变。
🌟 StoreHub的好处：
🔹 实时销售更新
🔹 易于使用的后台管理
🔹 自带配送与外卖物流系统
🔹 免费电商网站
🔹 完善的库存管理
从销售到库存及营销，全方位简化管理。预约免费的DEMO，立即升级体验吧！👇


解锁利润最大化
优化运营，扩大业务覆盖
提升运营效率
推动商业发展
","[Tired of Old-Fashioned POS Systems?]

Caption 1:
🚀 Penat guna sistem POS lama yang serabut? Jom upgrade ke StoreHub, sistem POS All-in-one untuk operasi bisnes yang lebih lancar! Nikmati operasi tanpa masalah, tingkatkan jualan, dan buat pelanggan happy - plus kita siap ada e-invoicing!

✨ Ciri-Ciri Best:
🔹 Dua skrin untuk korang dan pelanggan
🔹 Laporan jualan on the spot
🔹 SMS Automatik untuk sale berganda
🔹 Pengurusan stok mudah
🔹 Program Cashback untuk tingkatkan sale

Ready nak upgrade? Daftar untuk demo PERCUMA sekarang! 👇

Caption 2:
📢 Owner kedai butik 📢  Korang masih guna sistem POS lama yang ketinggalan zaman? Masa untuk berubah! Sistem POS StoreHub ada 30+ ciri yang buat operasi korang lagi senang dan untung - plus kita siap ada e-invoicing!

🔑 Kenapa Pilih StoreHub:
🔹 Sistem POS berasaskan Cloud
🔹 Integrasi Shopee, Lazada, Tiktok shop dan banyak lagi
🔹 Laman eCommerce percuma
🔹 Pengurusan pekerja senang
🔹 Program loyalty pelanggan best

Jom tukar sekarang dan nikmati perbezaannya. Dapatkan demo PERCUMA sekarang!👇

### Caption 3:
🛍️ Penat dengan masalah sistem POS lama dan tracking manual? StoreHub ada untuk revolusikan bisnes korang dengan sistem POS All-in-one StoreHub yang moden. Lancarkan segala-galanya dari jualan ke inventori dan program loyalty pelanggan - plus kita siap dengan e-invoicing!

🌟 Kelebihan StoreHub:
🔹 Tracking jualan masa nyata
🔹 Integrasi Shopee, Lazada, Tiktok Shop dan banyak lagi
🔹 Logistik penghantaran & takeaway terintegrasi
🔹 Laman eCommerce percuma
🔹 Pengurusan inventori lengkap

Dapatkan demo PERCUMA dan upgrade hari ini! 👇",Tired of Old Fashioned POS?
,"[Take the guess work out]
Caption 1
🕵️‍♂️ Business owners, tired of guessing your next move? StoreHub’s all-in-one POS system takes the guesswork out of managing your business. From sales to inventory, let data drive your decisions.
    / 🕵️‍♂️ New business owners, tired of guessing your next move? StoreHub’s all-in-one POS system takes the guesswork out of managing your business. From sales to inventory, let data drive your decisions.
📊 Real-time Sales Reports
📦 Complete Inventory Management
👥 Comprehensive Employee Management
💸 Easy Customer Loyalty Programs
🌐 Integrated eCommerce Solutions

Ready to streamline and succeed? Book your FREE demo today and experience the difference!👇

Caption 2
📈 Struggling with guesswork in your business operations? StoreHub’s all-in-one POS system is here to help. Gain clarity and control over every aspect of your business with our powerful features.
    / 📈 Struggling with guesswork in your new business operations? StoreHub’s all-in-one POS system is here to help. Gain clarity and control over every aspect of your business with our powerful features.

💡 Instant Sales Insights
📦 Effortless Inventory Tracking
📲 QR Code Ordering & Payments
🤖 Automated Marketing Tools
📊 Detailed Performance Analytics

Say goodbye to uncertainty. Sign up for a FREE demo today and take charge of your business!👇

Caption 3
🚀 Ready to eliminate the guesswork in your business? With StoreHub’s all-in-one POS system, you get the tools you need to make informed decisions and drive growth effortlessly.
    / 🚀 Ready to eliminate the guesswork in your new business? With StoreHub’s all-in-one POS system, you get the tools you need to make informed decisions and drive growth effortlessly.

🕵️‍♂️ Real-time Data at Your Fingertips
📦 Seamless Inventory Management
👥 Employee Performance Tracking
💰 Cashback & Loyalty Programs
📊 Comprehensive Sales Reports

Take control of your business with confidence. Book your FREE demo now and discover the StoreHub difference!👇","[Take the guess work out]

Caption 1

🕵️‍♂️ 老板们，还在为下一步策划怎么做而烦恼吗？StoreHub 的一体化POS系统帮您省心省力，从销售到库存，让数据帮您做决策。

📊 即时生成销售报告——随时随地打开手机就能查看
📦 库存管理——商品和食材用量都会被追踪到
👥 员工管理—— OT/ 迟到/ 早退 统统被记录下来
💸 简单易用的Loyalty Programme，吸引回头客
🌐 免费创建 e-Commerce 网站——轻松展示产品让顾客下单

今天就预约免费的DEMO，体验用数据提升营运吧！👇
Caption 2 
📈 在运营管理中还在靠猜测想下一步怎么做吗？快来让StoreHub 的统一化POS系统帮您搞定。通过我们系统的强大功能，让您全面掌控业务情况。

💡 实时更新销售数据
📦 轻松跟踪库存数量
📲 扫码点餐和支付
🤖 自动化营销工具
📊 详细的绩效分析

别再靠猜测来决定生意的未来！
立即注册免费DEMO，掌握您的业务！👇


Caption 3:
🚀 想要消除业务中的不确定性？使用StoreHub的一体化POS系统，轻松做出明智决策，推动业务快速增长。

🕵️‍♂️ 实时数据都在手机里
📦 线上线下库存统一管理
👥 员工绩效追踪
💰 Cashback & Loyalty Programme
📊 全面的销售报告

自信掌控您的生意未来。
立即预约免费DEMO，体验StoreHub的强大功能！👇
加入15,000家与我们共同成长的企业
优化运营，拓展生意
不用再靠猜测做决策
实现运营效率最大化

","[Take the guess work out]

Caption 1

🕵️‍♂️ Penat fikir apa langkah seterusnya untuk buka bisnes baru? Dengan StoreHub, semuanya jadi mudah. Urus jualan, inventori, dan banyak lagi dengan bantuan data yang tepat!
📊 Laporan Jualan On-The-Spot
📦 Pengurusan Inventori Komprehensif 
👥 Pengurusan Staff Tanpa Masalah
💸 Program Kesetiaan Pelanggan Mudah
🌐 Solusi eCommerce Lengkap

Dah ready nak mudahkan urusan bisnes korang? Jom cuba demo PERCUMA kami sekarang!👇

Caption 2: 

📈 Serabut dengan urusan bisnes yang tak tentu arah? StoreHub ada solusi untuk bagi anda kawalan penuh dari A sampai Z!
💡 Semak Laporan Jualan Sekelip Mata
📦 Jejak Stok Dengan Mudah
📲 Order & Bayar Guna QR Code
🤖 Alat Marketing SMS Automatik
📊 Analisis Prestasi Bisnes Mendalam

Tiasda lagi kekeliruan. Daftar demo PERCUMA sekarang dan kuasai bisnes anda!👇

Caption 3:

🚀 Nak bisnes anda berjalan lancar tanpa fikiran was-was? StoreHub ada semua solusi yang bisnes anda perlukan dalam satu sistem untuk buat keputusan tepat dan capai kejayaan dengan mudah.
🕵️‍♂️ Data Jualan Terkini Di Hujung Jari
📦 Pengurusan Stok Tanpa Gangguan
👥 Pantau Prestasi Pekerja Dengan Mudah
💰 Program Cashback & Kesetiaan Pelanggan
📊 Laporan Jualan Komprehensif

Jalankan bisnes anda dengan lebih keyakinan. Tempah demo PERCUMA sekarang dan nikmati kemudahan dengan StoreHub!👇
",Take The Guess Work Out
,"[Save time & grow your business]

Caption 1:
🔧 Want to save time and grow your F&B business? StoreHub has you covered! With tools designed to streamline your operations, you can focus on what matters most.

🌟 Simplify your workflow and boost productivity with:
📊 Instant Sales Reports
📦 Complete Inventory Management
📲 Integrated Delivery & Takeaway Logistics
👥 Comprehensive Employee Management

Start growing today! Book a FREE demo now!👇

Caption 2:
⏰ Struggling to manage your F&B business efficiently? Let StoreHub help you save time and grow with our powerful tools! Our all-in-one POS system makes business management a breese.

🚀 Enjoy these benefits:
🔄 Cloud-Based Point of Sale
🗂️ Easy-to-Use Backoffice
📋 Real-Time Sales Reports
💸 Easy Customer Loyalty Program
📦 Inventory Tracking & Management

Unlock your business potential with StoreHub! Book a FREE demo today!👇

Caption 3:
📈 Ready to save time and grow your F&B business effortlessly? StoreHub's all-in-one POS system is here to help! Our tools are designed to streamline your operations and drive growth.

🔑 Key features include:
🔗 Integrated Delivery & Takeaway Logistics
📲 QR Order & Pay
📊 Instant Sales & Inventory Reports
💳 Cashback Loyalty Program

Don't wait! Transform your business with StoreHub. Book your FREE demo now!👇","Caption 1:
🔧 想节省时间并快速发展您的餐饮业务？StoreHub帮您搞定！我们的工具专为简化运营设计，让您可以专注于更重要的事情。
🌟提高效率的工具包括:
📊 即时生成销售报告 
📦 精准的库存管理 
📲 自带外卖配送和外带点单 
👥 完整的员工管理系统
立即预约免费DEMO，从今天开始提升您的业务效率！👇


Caption 2:
⏰ 经营餐饮业务太费力？用StoreHub一站式POS系统帮您省时省心！强大工具让管理变简单！

🚀 享受这些好处：
🔄 云端POS系统
🗂️ 简单易用的BackOffice
📋 实时更新的销售报告
💸 自动化客户忠诚计划
📦 精准库存跟踪与管理

立即预约免费DEMO，解锁您的业务潜力！👇


Caption 3:
📈 想轻松省时又让餐饮业务快速增长吗？StoreHub的一站式POS系统来帮您实现！我们的工具专为简化运营、推动增长而设计。

🔑 核心功能包括：
🔗 内置配送和外带服务
📲 QR Order & Pay
📊 即时生成销售和库存报告
💳 顾客返现忠诚计划

别再犹豫！立即预约免费DEMO，让StoreHub升级您的运营。！👇


Headlines:
适合零售与餐饮业的POS系统
30+种功能
一站式POS系统
15,000+ 商家信赖之选

","[Save time & grow your business]

Caption 1:
🔧 Sakit kepala nak urus laporan jualan yang tak habis-habis? Asyik sibuk sampai bisnes F&B pun tak boleh nak grow? Jangan risau, StoreHub ada jalan penyelesaian! Dengan tools power kami, urusan harian jadi lebih smooth, so korang boleh fokus pada benda yang penting – kembangkan bisnes.

🌟 Permudahkan kerja harian dan tingkatkan produktiviti dengan:
📊 Laporan Jualan On-The-Spot
📦 Pengurusan Stok Padu
📲 Delivery & Takeaway yang Senang Urus
👥 Pengurusan Staf Yang Cekap

Tempah demo PERCUMA sekarang dan nikmati diskaun sehingga 55% untuk perkakasan POS!👇

Caption 2:
⏰ Rasa susah nak urus bisnes F&B dengan efisien? Masa habis dengan benda remeh sampai tak sempat nak fokus kembangkan bisnes? Relax, biar StoreHub POS bantu jimat masa dan grow bisnes korang! Dengan all-in-one POS system, urusan bisnes jadi mudah.

🚀 Apa yang best?
🔄 Cloud-Based POS yang mudah guna
🗂️ Backoffice yang senang navigate
📋 Laporan Jualan Real-Time
💸 Program Loyalty Pelanggan Senang Setup
📦 Tracking & Pengurusan Stok Tak Pening Kepala

Jom unlock potensi bisnes F&B anda dengan StoreHub! Tempah demo PERCUMA hari ni!👇

Caption 3:
📈 Penat urus benda-benda kecil macam nak kira stok, check sales, dan handle order yang tak habis-habis? StoreHub punya all-in-one POS system sedia bantu! Tools kami memang direka khas untuk simplify kerja harian korang supaya bisnes FnB korang grow dengan lebih cepat.

🔑 Antara features yang best:
🔗 Delivery & Takeaway Integrasi Senang Guna
📲 QR Order & Pay – Mudah dan Cepat
📊 Laporan Jualan & Inventori On-The-Spot
💳 Program Cashback yang Buat Customer Setia

Tak payah tunggu lama-lama! Transformasi bisnes F&B korang dengan StoreHub sekarang. Dapatkan demo PERCUMA!👇",Save Time & Grow
,"[Your customers deserve better]
Caption 1:
🛠️ Your customers deserve better than slow, buggy systems. Upgrade to StoreHub’s lightning-fast POS and keep them happy!

🔸 Lightning-fast transactions
🔸 QR order & pay for efficiency
🔸 Loyalty reward schemes for retention
🔸 Seamless customer experience
🔸 Manage labour shortages effortlessly

Give your customers the experience they deserve. Sign up for a FREE demo today!👇

Caption 2:
✨ Your customers deserve better service. StoreHub's POS ensures smooth, fast, and efficient transactions every time!

🔸 Lightning-fast POS system
🔸 QR order & pay for quick service
🔸 Loyalty rewards to keep them coming back
🔸 Easy management of labour shortages
🔸 Reliable and robust system

Upgrade your service and keep your customers happy. Book a FREE demo now!👇

Caption 3:
🚀 Your customers deserve the best. Say goodbye to slow, buggy POS systems and hello to StoreHub!

🔸 Fast, reliable POS system
🔸 QR order & pay to save time
🔸 Loyalty schemes for customer retention
🔸 Manage labour shortages with ease
🔸 Enhance customer satisfaction

Deliver the best experience for your customers. Get a FREE demo today!👇",-,"Caption 1:
🛠️ Pelanggan korang terpaksa tunggu lama sebab mesin cashier korang slow? Upgrade lah ke sistem POS StoreHub – takde lagi pelanggan complain tunggu lama!

🔸 Transaksi super laju
🔸 QR order & pay buat order makanan mudah
🔸 Program membership untuk tarik customer balik
🔸 Pengalaman customer yang lancar
🔸 Urus kekurangan pekerja dengan mudah

Berikan pengalaman terbaik untuk customer korang. Daftar untuk demo PERCUMA sekarang!👇

Caption 2:
✨ Pelanggan korang mesti nak servis yang laju – bukan sistem yang lembap! POS StoreHub pastikan setiap transaksi smooth, laju, dan efisien!

🔸 Sistem POS moden dan laju
🔸 QR order & pay untuk order lebih cepat dan tepat
🔸 Program membership untuk customer 
🔸 Urus kekurangan pekerja dengan mudah
🔸 Sistem yang boleh diharap dan stabil

Upgrade servis korang, buat pelanggan puas hati, semuanya dengan StoreHub. Daftar demo PERCUMA sekarang!👇

Caption 3:
🚀 Takkan nak biar pelanggan korang tunggu lama sebab cashier lembab? Tinggalkan sistem lama yang selalu stuck, dan tukar ke POS StoreHub!

🔸 Sistem POS yang laju dan boleh diharap
🔸 QR order & pay untuk jimat masa
🔸 Program loyalty customer 
🔸 Urus kekurangan pekerja dengan mudah
🔸 Kepuasan pelanggan yang lebih tinggi

Berikan pengalaman terbaik untuk pelanggan korang. Dapatkan demo PERCUMA hari ini!👇",Your Customers Deserve Better
,"[This or That - SH Hardware]
Caption 1:
🚀 Need a POS system that's lightning-fast and accurate? 
Choose StoreHub over the competition and experience seamless transactions every time!

🔹 Super-fast processing for quick service
🔹 Accurate reporting for informed decisions
🔹 Efficient operations for increased productivity
🔹 Reliable support for peace of mind
🔹 Trusted by thousands of businesses worldwide

Switch to StoreHub for speed and accuracy. Book a FREE demo now!👇


Caption 2:
💨 Don't settle for slow and unreliable POS systems. Opt for StoreHub's super-fast and accurate solution and revolutionise your business operations!

🔹 Swift transactions for happy customers
🔹 Precise reporting for data-driven insights
🔹 Seamless integration for effortless management
🔹 Responsive support for uninterrupted service
🔹 Preferred choice of top businesses globally

Upgrade to StoreHub for speed and accuracy you can trust. Get a FREE demo today!👇

CCaption 3:
⚡ Looking for a POS system that's lightning-quick and error-free? Look no further than StoreHub! Say goodbye to slow and inaccurate systems and hello to seamless operations.

🔹 Rapid transactions for efficient service
🔹 Pinpoint accuracy for precise reporting
🔹 Smooth integration for streamlined workflows
🔹 Proactive support for uninterrupted performance
🔹 Leading choice of businesses for reliable solutions

Make the smart choice for your business. Switch to StoreHub today! Book your FREE demo now!👇","Caption 1:
🚀 需要一个速度快、又精准无误的POS系统吗？
选择StoreHub，远超竞争对手，让您每个交易过程都顺畅无比！
🔹 超高速处理，提升服务效率
🔹 准确的报告，助您做出明智决策
🔹 高效运营，提升生产力
🔹 专业支持，更安心，更保障
🔹 全球数千家企业的信赖选择


升级到StoreHub，体验真正的极速与精准。马上预约免费DEMO！👇
Caption 2:
💨 别再忍受又 lag 又不可靠的POS系统了。选择StoreHub的极速且精准的解决方案，彻底升级您的业务运营！
🔹 快速交易，让顾客满意
🔹 精准报告，让数据支持你的未来发展
🔹 无缝集成，轻松管理所有门店
🔹 及时支持，确保服务不中断
🔹 全球顶级企业的首选
升级至StoreHub，享受值得信赖的速度与精准。立即获取免费DEMO！👇
Caption 3:
⚡  需要一个极速又精准的POS系统吗？StoreHub就是您的最佳拍档！告别卡顿和数据错误，体验更顺畅的运营！
🔹 极速交易，高效服务
🔹 精准数据，确保报表无误
🔹 顺畅集成，优化工作流程
🔹 主动支持，确保持续性能
🔹 可靠解决方案，深受企业信赖
为您的业务做出明智选择。今天就转用到StoreHub！立即预约免费DEMO！👇


","Caption 1: 
🚀 Nak POS system yang laju dan takkan crash? Dengan StoreHub, urusan jualan jadi lebih smooth dan tepat – tak perlu risau lagi!

🔹 Transaksi laju untuk servis pantas 
🔹 Report tepat dan terkini untuk buat keputusan lebih bijak 
🔹 Operasi lebih kemas, masa terjimat 
🔹 Perkhidmatan pelanggan 7 hari seminggu
🔹 Dipercayai lebih 17,000+ bisnes seluruh dunia

Tukar ke StoreHub, Pilih POS yang terbaik untuk bisnes anda. Daftar untuk demo PERCUMA sekarang!👇

Caption 2: 
💨 Korang masih guna POS yang lembap, besar dan selalu crash tu? Cubalah StoreHub untuk sistem yang padu, laju dan tepat!

🔹 Transaksi pantas buat pelanggan happy
🔹 Laporan jelas untuk insight data yang tepat
🔹 Integrasi lancar untuk pengurusan senang
🔹 Support tak putus untuk operasi smooth
🔹 Pilihan utama bisnes hebat seluruh dunia

Jom upgrade ke StoreHub – servis laju, transaksi tepat. Nak demo percuma? Daftar dibawah👇


Caption 3: 
⚡ Nak POS system yang betul-betul laju dan tak pernah crash? StoreHub la jawapan dia! Tak payah pening dengan sistem slow – semuanya lancar je!

🔹 Transaksi laju 
🔹 Laporan tepat – senang nak buat keputusan 
🔹 Integrasi smooth, takde hassle 
🔹 Team support on call, bisnes jalan tanpa henti 
🔹 17,000+ bisnes yang percayakan StoreHub

Jom pilih yang terbaik untuk bisnes korang. Tukar ke StoreHub hari ni! Book demo PERCUMA!👇

",This or That
,"[30 in 1]

FnB:
Caption 1
🍽️ Elevate your restaurant with StoreHub's 30-in-1 POS solution! From seamless order management to efficient inventory control, we've got all the features you need to thrive. Experience the future of FnB technology - book your FREE demo now!👇
Caption 2
🚀 Unlock the full potential of your cafe with StoreHub's 30-in-1 POS system! Enjoy features like integrated delivery logistics, loyalty programs, and automated SMS marketing. Streamline your operations and boost profitability - book your FREE demo today!👇
Caption 3
💡 Transform your FnB business with StoreHub's 30-in-1 POS solution! From QR order & pay to comprehensive employee management, we've got everything you need to succeed. Discover the power of StoreHub - book your FREE demo now!👇

Retail:
Caption 1
🛍️ Elevate your retail store with StoreHub's 30-in-1 POS solution! From easy inventory management to customer loyalty programs, we've got all the tools you need to succeed. Experience seamless retail management - book your FREE demo now!👇
Caption 2
💼 Boost your boutique's success with StoreHub's 30-in-1 POS system! Enjoy features like integrated delivery logistics, QR order & pay, and real-time sales reports. Simplify your operations and maximise profits - book your FREE demo today!👇
Caption 3
🔍 Ready to revolutionise your retail business? Discover the power of StoreHub's 30-in-1 POS solution! From comprehensive inventory control to automated marketing, we've got everything you need to thrive. Book your FREE demo now!👇",-,-,30-in-1
,"[Experience the convenience]
Caption 1
🌟 Elevate your business with our fully integrated POS hardware & software! Experience seamless operations, sero inventory errors, and hassle-free orders with QR order & pay, loyalty rewards, and cashback. Choose StoreHub for unmatched convenience - book your FREE demo today!👇
Caption 2
🚀 Ready to revolutionise your business? Our fully integrated POS solution ensures no more inventory mistakes or order errors. With QR order & pay, loyalty rewards, and cashback, delight your customers while boosting your efficiency. Experience the future of POS with StoreHub - get started now!👇
Caption 3
💡 Say goodbye to manual errors and hello to streamlined operations! Our fully integrated POS hardware & software eliminates inventory headaches and order mishaps. Plus, with QR order & pay, loyalty rewards, and cashback, grow your business effortlessly. Discover the power of StoreHub - sign up for your FREE demo today!👇",-,-,Experience The Convenience
,"[Negative Headline]
Caption 1
🚫 Don't settle for chaos in your inventory and unhappy customers. Our POS system is the solution you need to grow your business and foster customer loyalty. Learn more now! 👇
Caption 2
🛑 Say no to chaotic inventory and unhappy customers. Our POS system offers seamless management and customer satisfaction, helping you grow your business and build loyalty. Discover the difference today! 👇
Caption 3
⛔ Don't let chaos reign in your business. Our POS system ensures efficient inventory management and delighted customers, paving the way for business growth and customer loyalty. Take action now! 👇

","Caption 1:

🚫 别再让库存问题和顾客抱怨影响你的生意！使用我们的POS系统，发展管理更简单，顾客更开心，帮助你建立忠诚顾客群。

立即了解更多！👇

Caption 2:
🛑 告别不Tally的库存和不满的顾客！使用我们的POS系统，管理更简单，顾客更满意，帮助你轻松发展业务并建立忠诚顾客群。
立即体验不一样的效果！👇

Caption 3:
⛔ 别让混乱阻碍你的生意！我们的POS系统帮你搞定库存让顾客买到更开心，助你业务增长和保持客户忠诚。
立即行动！👇

","[Negative Headline]
Caption 1:
🚫 Jangan biar inventori korang bersepah dan customer kecewa.
Sistem POS StoreHub adalah solusi yang korang perlukan untuk kembangkan bisnes dan buat pelanggan setia.
Nak tahu lebih lanjut? 👇

Caption 2
🛑 Takkanlah stok kedai korang tak terurus sampai customer tak puas hati.
Dah, Biar sistem POS kami uruskan operasi bisness korang dengan lancar dan pastikan customer puas hati.
Jom tengok perbezaannya! 👇

Caption 3
⛔ Salah kira stok, salah restok barang, customer pun hilang!
Sistem POS kami pastikan pengurusan stok korang efisien dan cusotmer sentiasa happy, lagi mudah nak kembangkan bisnes dan customer yang selalu kembali.
Ambil tindakan sekarang! 👇
",Negative Headline
,"[Join 15k Growing]
Caption 1
🌟 What do Sugar and I, Flint, Grub by Ahong & Friends, and 15,000 others have in common? They all trust StoreHub for seamless POS solutions! Join the ranks of successful merchants - choose StoreHub today! 👍
Caption 2
💼 From Chef Kecik Kitchen to Pops Eatery and FeiFan Hotpot, businesses of all sises trust StoreHub for their POS needs. Discover why 15,000+ merchants choose us for efficient operations and happy customers! 🚀
Caption 3
🍽️ Join the likes of Big Apple, Sugar and I, and Grub by Ahong & Friends in streamlining your business with StoreHub POS. With 15,000+ satisfied merchants, it's time to experience seamless operations and grow your brand! 📈",-,-,Join 15k Growing
,"[Smart Business Strategies]

FnB
Caption 1
🍽️ Facing labour shortages and losing customers during the lunch rush? StoreHub’s QR Order & Pay makes service fast and easy, even when you’re short-staffed. Keep customers happy and your business running smoothly with our all-in-one POS system.

Caption 2
📉 Struggling to keep track of your ingredients stock? With StoreHub, you can optimise inventory, avoid wastage, and ensure your most need items are always in stock. Stop losing revenue and start maximising your profits with smarter inventory management.

Caption 3
💡 Want customers to keep coming back? StoreHub’s built-in marketing tools help you engage customers with promo SMS and loyalty programs, so they keep choosing your restaurant again and again. Upgrade to a smarter way to manage your business.


**these need to be super short**
Slide 1:
Headline: Say Goodbye to Labour Shortages
Short Description: Use QR Order & Pay

Slide 2:
Headline: Serve More, Earn More
Short Description: Even During Peak Hours

Slide 3:
Headline: Never Let Ingredients Go To Waste
Short Description: Optimise Your Inventory

Slide 4:
Headline: Turn Visitors into Regulars
Short Description: Send Promo SMS

Slide 5: 
Headline: The #1 Choice For Busy Restaurants
Short Description: Upgrade to StoreHub Today

Retail

Caption 1:
📦 Struggling with inventory management? StoreHub’s smart POS keeps your best sellers in stock and syncs with online marketplaces so you never oversell. Simplify your operations with our all-in-one system!

Caption 2:
💡 Want to streamline your retail operations? StoreHub helps you manage inventory, track sales, and stay synced with marketplaces like Lazada and Shopee. Discover how smarter tools can boost your business today.

Caption 3:
🌍 Ready to take your retail business to the next level? With StoreHub, you can sync inventory across online and offline channels, avoid overselling, and keep your customers happy. Get started with smarter retail strategies now!

**these need to be super short**
Slide 1:
Headline: Say Goodbye to Stockouts
Short Description: Never Sell Out

Slide 2:
Headline: Unlock Sales Insights
Short Description: Discover Your Best Sellers

Slide 3:
Headline: Sell Everywhere, Sync Seamlessly
Short Description: Lazada, Shopee, Tiktok Shop etc.

Slide 4:
Headline: Keep Every Sale On Track
Short Description: No Overselling

Slide 5:
Headline: Built for Retail Success
Short Description: Trust StoreHub",-,"[Smart Business Strategies]

FnB

Caption 1:
🍽️ Staf Kurang, Customer Lari Masa Waktu Puncak?
Dengan QR Order & Pay dari StoreHub, servis jadi cepat & mudah, walaupun staf tak cukup. Pastikan customer happy dan bisnes lancar dengan sistem POS lengkap kami.

Caption 2:
📉 Stok Bahan Masakan Selalu Habis?
Dengan StoreHub, urus inventori lebih senang, elakkan pembaziran, dan pastikan bahan masakan sentiasa ada. Tak perlu lagi kurangkan item menu korang, gandakan sale dengan sistem yang lebih pintar.

Caption 3:
💡 Pastikan Customer Datang Balik Dengan Cara Lebih Mudah!
Dengan SMS Marketing StoreHub korang boleh hantar mesej promosi dan program kesetiaan, supaya customer tak datang berulang kali. Gandakan sales bisnes korang ke tahap seterusnya dengan cara yang lebih mudah.

Slide 1:
Headline: Staf Kurang? Tiada Masalah!
Short Description: Gunakan QR Order & Pay

Slide 2:
Headline: Gandakan Sale & Customer
Short Description: Walaupun Masa Waktu Puncak

Slide 3:
Headline: Jangan Terlebih Order Stok
Short Description: Optimumkan Inventori

Slide 4:
Headline: Pastikan Semua Customer Setia
Short Description: Hantar SMS Promosi

Slide 5:
Headline: Restoran Sibuk, Tiada Masalah!
Short Description: Upgrade ke StoreHub Sekarang

Retail

Caption 1:
📦 Stok Selalu Tak Terurus?
StoreHub pastikan produk best-seller korang sentiasa ada, selaraskan stock di kedai dengan marketplace online, dan elakkan overselling. Bisnes jadi lebih lancar dengan sistem All-in-One!

Caption 2:
💡 Nak Uruskan Kedai Dengan 1 Sistem Yang Mudah?
StoreHub boleh uruskan inventori, track jualan, dan selaraskan stok di kedai dengan akaun Lazada & Shopee. Sotrehub POS bantu korang buat kerja dengan lebih pantas, tepat dan mudah!

Caption 3:
🌍 Nak Gandakan Sale Bisnes Korang?
Dengan StoreHub, selaraskan inventori dengan semua kedai online dan offline, elakkan overselling, dan jadikan semua customer setia dengan kedai korang. Sekaranglah masa untuk upgrade bisnes korang, tunggu apa lagi?

Slide 1:
Headline: Tiada Lagi Stok Tak Cukup
Short Description: Tiada Lagi Overselling

Slide 2:
Headline: Temui Produk Best Seller
Short Description: Report Jualan Terperinci

Slide 3:
Headline: Selaraskan Jualan Di Mana Sahaja
Short Description: Lazada, Shopee, TikTok Shop dll

Slide 4:
Headline: Tiada Lagi Overselling
Short Description: Setiap Jualan Direkod

Slide 5:
Headline: Khas Untuk Bisnes Retail
Short Description: Dapatkan StoreHub",Smart Business Carousel
,"[Flint Carousel]
Caption 1
🌟 Discover the secret behind Flint KL's 50% customer return rate! Learn how they use StoreHub's all-in-one POS system to automate data collection, reward customers with cashback, and send personalised SMS reminders. Ready to boost your sales? Try StoreHub today!
Caption 2
💼 Want to achieve a 50% customer return rate like Flint KL? With StoreHub, you can automate data collection, reward customers with cashback, and send customised SMS reminders effortlessly. Elevate your customer retention strategy and grow your business with StoreHub now!
Caption 3
🚀 Learn from Flint KL's success! Discover how they use StoreHub's all-in-one POS system to streamline operations and keep customers coming back. Automate data collection, reward loyalty, and send targeted SMS reminders. Ready to replicate their results? Try StoreHub today!",-,-,Flint Carousel
,"[Fewer Errors]
Caption 1
🌟 Are you tired of navigating through a mase of systems, risking errors at every turn? 😫 StoreHub brings you a comprehensive solution with 30+ features, seamlessly integrated to reduce errors and boost efficiency. 💼 Say goodbye to complexity and hello to streamlined operations! Try StoreHub now and experience the difference. 💪
Caption 2
🚀 Don't let scattered systems lead to scattered results! With StoreHub's all-in-one POS system, you can consolidate your tools, minimise errors, and maximise productivity. 💡 Our suite of 30+ features ensures smooth integration, providing you with the foundation for a more efficient business. Ready to simplify your operations? Discover StoreHub today! 👉
Caption 3
✨ Ready to trade chaos for clarity in your business operations? Look no further than StoreHub! 🔄 Our 30+ features are designed to seamlessly integrate, reducing errors and improving efficiency across the board. 💼 Say goodbye to the hassle of managing multiple systems and hello to a smoother, more streamlined business journey. Elevate your operations with StoreHub now! 📈",-,-,Fewer Errors
,"[Retail Business Types]
Caption 1
😫 Tired of juggling multiple systems to manage your [grocery/electronics/clothing] store? StoreHub's all-in-one POS can solve this. Simplify your operations with:

📦 Real-Time Inventory Management
💳 Integrated Payment Processing
📈 Instant Sales Reports
💡 Customer Management Tools
🔄 Easy Stock Reordering

Book your FREE demo now!👇

Caption 2
🚨 [Grocery/Electronics/Clothing] store owners, overwhelmed by inventory and complex checkout processes? StoreHub's all-in-one POS makes it easier with:

📊 Intuitive Sales Tracking
🛒 Seamless Checkout
📱 Customer Engagement Tools
🚚 Integrated Delivery Options
💼 Employee Management

Experience smoother operations with StoreHub. Book your FREE demo today!👇

Caption 3
🔄 Struggling with stock updates and tracking sales in your [grocery/electronics/clothing] store? StoreHub's all-in-one POS offers:

🕒 Real-Time Inventory Updates
📈 Detailed Sales Reports
💰 Secure Payment Processing
📡 Cloud-Based Backup
🤝 Customer Loyalty Programs

Simplify your business with StoreHub. Sign up for a FREE demo!👇",-,"Caption 1:

😫 Pening banyak sangat sistem berlainan untuk kedai [runcit/barangan elektronik/pakaian] korang? Sistem POS StoreHub All-In-One boleh selesaikan masalah ni. Mudahkan operasi korang dengan:

📦 Pengurusan Stok Kedai Fizikal dan Online
💳 Pemprosesan Pembayaran Terintegrasi
📈 Laporan Jualan Masa Nyata
💡 Alat Pengurusan Pelanggan
🔄 Integrasi dengan Shopee, Lazada, TikTok dan banyak lagi!

Daftar untuk demo PERCUMA sekarang!👇

Caption 2:

🚨 Owner kedai [runcit/barangan elektronik/pakaian], penat dengan stok dan proses checkout yang susah? StoreHub POS serba lengkap memudahkan dengan:

📊 Laporan Jualan Masa Nyata
🛒 Proses Pembayaran Mudah 
🔄 Integrasi dengan Shopee, Lazada, TikTok dan banyak lagi!
🚚 Pilihan Penghantaran Terintegrasi
💼 Pengurusan Pekerja

Nikmati operasi yang lebih lancar dengan StoreHub. Daftar untuk demo PERCUMA hari ini!👇

Caption 3:

🔄 Susah nak update stok dan tracking jualan di kedai [runcit/barangan elektronik/pakaian] korang? StoreHub POS serba lengkap menawarkan:

🕒 Kemaskini Stok kedai Fizikal & Online
📈 Laporan Jualan Terperinci
💰 Pemprosesan Pembayaran Selamat
📡 Backup Berasaskan Cloud
🤝 Program Kesetiaan Pelanggan

Mudahkan operasi bisnes korang dengan StoreHub. Daftar untuk demo PERCUMA!👇",Retail Business Types
,"[The Business You've Dreamed Of]
Caption 1
🌟 The business you’ve dreamed of, now within reach! Start your journey with StoreHub's world-class POS hardware & software, built for small-medium businesses. Achieve success effortlessly with:

📈 Instant Sales Reports
📦 Real-Time Inventory Management
💳 Integrated Payment Processing
📱 Customer Loyalty Programs
💼 Easy Employee Management

Ready to launch your business? Book your FREE demo today!👇

Caption 2
🚀 Launch your new business with confidence! StoreHub's world-class POS hardware & software is built for small-medium businesses, making your dream a reality. Enjoy seamless operations with:

🛒 Streamlined Checkout Process
📊 Comprehensive Sales Analytics
💡 Intuitive Employee Management
📦 Efficient Inventory Control
📱 Engaging Marketing Tools

Take the first step towards success. Get your FREE demo now!👇

Caption 3
🎉 Starting a new business? StoreHub has got you covered! Our world-class POS hardware & software is designed for small-medium businesses, putting your dream within reach. Simplify your setup with:

🛍️ Easy-to-Use POS System
📈 Real-Time Sales Tracking
💳 Secure Payment Solutions
📦 Automated Inventory Management
🤝 Customer Loyalty Programs

Transform your vision into reality. Book a FREE demo today!👇",-,-,Business You've Dreamt Of
,"[Did You Know]

Caption 1
😟 Did you know that up to 50% of F&B businesses in Malaysia fail by their 5th year? Don't be a statistic. StoreHub's all-in-one POS system ensures smooth operations and helps you thrive with:
// Starting a cafe or restaurant in Malaysia can cost up to RM500,000. Make sure every ringgit counts with StoreHub's all-in-one POS system!

📈 Real-Time Sales Tracking
📦 Effortless Inventory Management
💳 Integrated Payment Solutions
📱 Customer Loyalty Programs
🚀 Easy-to-Use Interface

Secure your business's future. Book your FREE demo now!👇
/// Start your journey with confidence. Book a FREE demo now!👇


Caption 2
📉 Up to 50% of F&B businesses in Malaysia don't make it past their 5th year. Beat the odds with StoreHub's powerful POS system. Streamline your operations and grow with:
/// Investing RM500,000 to start your cafe or restaurant? StoreHub ensures you get the best value from your investment with our all-in-one POS system!

🕒 Instant Sales Reports
💡 Intelligent Inventory Management
💸 Cashback Loyalty Programs
🍽️ QR Order & Pay
📊 Comprehensive Analytics

Stay ahead of the game. Book your FREE demo today!👇

Caption 3
❗️ Up to 50% of Malaysian F&B businesses fail by year 5. Don't let your business be one of them. StoreHub's all-in-one POS system equips you with the tools to succeed, including:
/// Launching your dream cafe or restaurant in Malaysia can cost up to RM500,000. Let StoreHub’s all-in-one POS system help you succeed!

📊 Detailed Sales Insights
🚚 Integrated Delivery Solutions
💳 Secure Payment Processing
📦 Simplified Stock Management
🧩 Marketing & Loyalty Tools

Transform your business with StoreHub. Book your FREE demo now!👇
/// Maximise your returns. Get a FREE demo today!👇",-,-,Did You Know?
,"[Speed Up Service]
Caption 1:
🚀 Want to speed up service in your [restaurant/cafe]? StoreHub's all-in-one POS system is the solution you need!

🍽️ Lightning-fast order processing
📱 QR Order & Pay for quick transactions
📊 Real-time sales and inventory updates
🤝 Streamlined staff management
💡 Efficient table turnover

Experience the future of [restaurant/cafe] management. Book your FREE demo today!👇

Caption 2:
🔄 Tired of slow service and long wait times? Transform your [restaurant/cafe] with StoreHub's POS system and serve customers faster than ever!

💳 Seamless payment processing
🍴 Quick order taking with dual screens
📈 Instant sales and performance reports
📦 Real-time inventory management
📱 Easy-to-use mobile ordering

Speed up your service and delight your customers. Get your FREE demo now!👇

Caption 3:
⏱️ Speed up your [restaurant/cafe] service with StoreHub's POS system. Enhance efficiency and keep your customers happy!

📋 Fast and accurate order taking
📱 QR Order & Pay for quick checkouts
💡 Automatic inventory updates
📝 Real-time sales tracking
🤝 Streamlined staff coordination

Ready to boost your [restaurant's/cafe's] operation speed? Book a FREE demo with StoreHub today!👇","Caption 1:
🚀 想让您的【餐厅/咖啡馆】加快服务速度吗？StoreHub 的一体化 POS 系统就是您需要的解决方案！

🍽️ 1分钟处理好顾客订单
📱 QR Order & Pay，快速完成交易
📊 实时更新销售和库存数据
🤝 简化员工管理
💡 提高餐桌翻台率

体验智能化【餐厅/咖啡馆】管理。立即预约您的免费 DEMO！👇


Caption 2:
🔄 整天被顾客投诉员工服务不好，点餐等太长时间？使用 StoreHub 的 POS 系统彻底改造您的【餐厅/咖啡馆】，让顾客享受更快速的服务！

💳 流畅的支付方式
🍴 双屏显示方便快速点单
📈 自动更新销售和绩效报告
📦 实时库存管理
📱 简单易用的手机点单

提高您的服务速度，让顾客更满意。
立即获取您的免费 DEMO！👇




Caption 3: 
⏱️ 提升您的【餐厅/咖啡馆】服务速度，使用 StoreHub 的 POS 系统。
提高效率，包顾客满意！

📋 快速准确的点单方式
📱 顾客自行扫码点单，手机支付结账更快
💡 自动更新库存
📝 实时追踪销售情况
🤝 流畅的员工排班管理

准备好提升您的【餐厅/咖啡馆】速度了吗？
今天就预约 StoreHub 的免费 DEMO！👇



","Caption 1:

🚀 Nak lajukan servis kat [restoran/kafe] korang? Sistem POS All-In-One StoreHub memang ngam!

🍽️ Proses order laju
📱 QR Order & Pay untuk transaksi pantas
📊 Update jualan dan stok on the spot
🤝 Pengurusan staf senang je
💡 Tingkatkan jumlah pelanggan berulang

Nikmati masa depan pengurusan [restoran/kafe]. Book demo PERCUMA sekarang!👇

Caption 2:

🔄 Bosan dengan servis lembap dan masa tunggu yang panjang? Ubah proses [restoran/kafe] korang dengan sistem POS StoreHub, layan pelanggan dengan cepat!

💳 Proses bayaran laju
🍴 Ambil order laju dengan dua skrin
📈 Laporan jualan dan prestasi on the spot
📦 Pengurusan stok masa nyata
📱 Order guna phone senang je

Lajukan servis korang, happykan pelanggan. Dapatkan demo PERCUMA sekarang!👇

Caption 3:

⏱️ Lajukan servis [restoran/kafe] korang dengan sistem POS StoreHub. Tingkatkan efisiensi, pelanggan pun puas!

📋 Ambil order cepat dan tepat
📱 QR Order & Pay untuk checkout pantas
💡 Update stok automatik
📝 Track jualan masa nyata
🤝 Koordinasi staf senang

Ready nak lajukan operasi [restoran/kafe] korang? Book demo PERCUMA dengan StoreHub sekarang!👇",Speed Up Service
,"[55% Promo Repeat] - Existing Business
Caption 1:
🎉 Ready to take your business to the next level? Enjoy 55% off StoreHub’s all-in-one POS system and supercharge your retail or F&B operations today!

✨ 30+ Features to streamline your business
💼 Real-Time Inventory Management
📊 Instant Sales Reports
📱 Integrated QR Order & Pay
🔄 Seamless Stock Reordering

Don’t miss out on this limited-time offer. Book your FREE demo now!👇

Caption 2:
🚀 Upgrade to StoreHub’s powerful POS system with a 55% discount! Perfect for both retail and F&B, our system is designed to solve your business challenges effortlessly.

💳 Integrated Payment Processing
📦 Real-Time Inventory Management
📈 Detailed Sales Reports
🤝 Customer Loyalty Programs
📡 Cloud-Based Backup

Grab this deal before it’s gone. Schedule your FREE demo today!👇

Caption 3:
💡 Save 55% on StoreHub’s all-in-one POS system and experience the ease of managing your business with cutting-edge technology. Ideal for retail and F&B!

🛒 Seamless Order Processing
📱 Marketing & Loyalty Tools
💨 Speedy Checkout
📊 Real-Time Analytics
🔄 Integrated Delivery Logistics

Transform your operations with StoreHub. Book your FREE demo now!👇",-,"[55% Promo Repeat] - Existing Business

Caption 1:

🎉 Owner restoran dan Kafe! Nak naikkan sales bisnes korang? Jom cuba sistem POS StoreHub yang power dan boost operasi bisnes.  🤫 Sshhhhhh... ada diskaun 55% untuk mesin POS StoreHub bulan ni.

✨ 30+ Ciri untuk mudahkan bisnes korang
💼 Pengurusan Stok Online & Offline
📊 Laporan Sale Terperinci
📱 QR Order & Pay 
🔄 Integrasi Shopee, Lazada, TikTok dan banyak lagi!

Masih penat nak kira stok secara manual? StoreHub POS selesaikan semua masalah ni. Book demo PERCUMA sekarang!👇


Caption 2:

🚀 Owner restoran, kafe, atau kedai fashion! Upgrade ke sistem POS power StoreHub dengan diskaun 55%! Sesuai untuk retail dan F&B, sistem ni memang direka untuk settlekan semua cabaran bisnes korang dengan senang.

💳 Pemprosesan Bayaran Terintegrasi
📦 Pengurusan Stok Masa Nyata
📈 Laporan Jualan Detail
🤝 Program Loyalty Pelanggan
🔄 Integrasi Shopee, Lazada, TikTok dan banyak lagi!

Pening kepala sebab susah nak uruskan stok? StoreHub POS buat semuanya jadi mudah. Schedule demo PERCUMA hari ini!👇


Caption 3:

💡 Owner kedai makan, kedai runcit, atau butik! Jimat 55% untuk sistem POS all-in-one StoreHub dan rasai kemudahan urus bisnes dengan teknologi paling canggih. Perfect untuk retail dan F&B!

🛒 Pemprosesan Order Tanpa Susah
📱 Tools Marketing & Loyalty
💨 Checkout Pantas
📊 Analitik Masa Nyata
🔄 Integrasi Shopee, Lazada, TikTok dan banyak lagi!

Penat uruskan banyak sistem berbeza? StoreHub POS gabungkan semua jadi satu. Book demo PERCUMA sekarang!👇",55% Promo Repeat
,"[QR vs Print Menu]
Caption 1
Curious About QR Menus? 🍽️ For these business owners, choosing the right menu strategy is crucial for both their operations and customer satisfaction. Watch them discuss the pros and cons and reveal their ultimate choice!

Why Consider QR Menus?
👉 Streamline Order Process
👉 Reduce Waiting Times
👉 Easy Menu Updates
👉 Contactless Experience
👉 Enhanced Customer Engagement

Are QR menus here to stay or just a passing trend? Share your thoughts in the comments!

Ready to upgrade your menu strategy? Discover how StoreHub's all-in-one POS system can revolutionise your business. Book your FREE demo now! 👇


Caption 2
Team QR Menu or Physical Menu? 🍴These savvy business owners weigh in on the pros and cons of QR menus vs. physical menus. See what they chose and why it works best for their operations and customers!

Benefits of QR Menus:
👉 Faster Order Processing
👉 Easy Updates Anytime
👉 Safe, Contactless Experience
👉 Reduced Printing Costs
👉 Enhanced Customer Interaction

Do you think QR menus are the future of dining? Comment below with your thoughts!

Transform your dining experience with StoreHub's all-in-one POS system. Book your FREE demo today!👇


Caption 3
QR Menus vs. Physical Menus: The Debate! 🥢

Choosing the right menu type is crucial for seamless operations and happy customers. Watch as these experts share their thoughts on QR menus and physical menus.

Why QR Menus Might Be Your Best Bet:
👉 Speedy Service
👉 Effortless Updates
👉 Contact-Free Convenience
👉 Cost-Effective Solution
👉 Better Customer Engagement

What’s your take on QR menus? Drop your opinion in the comments!

Upgrade your restaurant with StoreHub's all-in-one POS system. Get your FREE demo now!👇",-,-,S0 - Social Repurpose
,"[MML Locksmith]

Caption 1
🔑 ""StoreHub has transformed our mobile locksmith business!"" MML Locksmith shares how StoreHub’s intuitive interface, seamless inventory management, and responsive customer service have boosted their efficiency. From real-time inventory updates to integrated ecommerce solutions, StoreHub has everything you need. Experience the same transformation with:

📱 Beep QR Cashback for customer loyalty
🛒 Integrated Ecommerce for online sales
🖥️ Reliable Hardware for smooth operations
📊 Instant Sales Reports for informed decisions
📦 Real-Time Inventory Management

Don't miss out – sign up for a FREE demo today and see how StoreHub can streamline your business!👇

Caption 2
🚀 MML Locksmith streamlined their operations with StoreHub, praising its seamless inventory management and tool integration. With StoreHub, you can manage everything from sales to inventory effortlessly. Enhance your business efficiency with:

📱 Beep QR Cashback to keep customers coming back
🛒 Comprehensive Ecommerce Solutions for easy online sales
🖥️ Advanced POS Hardware for reliable performance
📈 Detailed Sales Reports for better insights
🔄 Easy Stock Reordering to stay ahead

Transform your business today – book your FREE demo now and discover the benefits of an all-in-one POS system!👇

Caption 3
🔧 ""Highly recommended for any small business!"" MML Locksmith credits StoreHub for simplifying their workflow and improving productivity. Join the success story and take the guesswork out of managing your business. StoreHub offers:

📱 Beep QR Cashback to reward loyal customers
🛒 User-Friendly Ecommerce for expanding online
🖥️ State-of-the-Art Hardware for seamless operations
💡 Comprehensive Analytics for smarter decisions
📦 Streamlined Inventory Management for efficiency

Elevate your business – get your FREE demo now and experience how StoreHub can make a difference!👇",-,-,Testimonials
,"[Hoong Kee Seafood Porridge]

Caption 1
🍲 Hoong Kee Seafood Porridge is thriving with StoreHub’s all-in-one POS system! 🌟 Discover how you can streamline your F&B operations and boost growth:

📦 Real-Time Inventory Management - Never run out of stock again.
💳 Integrated Payment Processing - Fast, secure, and hassle-free.
📈 Instant Sales Reports - Get insights at your fingertips.
📱 QR Order & Pay - Simplify ordering for your customers.
🎉 Customer Loyalty Programs - Keep your customers coming back.

Join Hoong Kee and 15,000+ businesses using StoreHub. Book your FREE demo today!👇

Caption 2
🚀 Hoong Kee Seafood Porridge transformed their F&B operations with StoreHub’s powerful tools! See how you can grow your business too:

🕒 Real-Time Inventory Updates - Track stock effortlessly.
💳 Secure Payment Processing - Smooth transactions every time.
📊 Detailed Sales Reports - Understand your business better.
📱 QR Order & Pay - Speed up service and reduce errors.
💡 Customer Loyalty Programs - Reward your regulars.

Elevate your business like Hoong Kee with StoreHub. Get your FREE demo now!👇

Caption 3
🌟 Hoong Kee Seafood Porridge leverages StoreHub to manage and grow their F&B business efficiently. Here’s how you can do it too:

📦 Automated Inventory Management - Stay on top of stock levels.
💳 Seamless Payment Integration - Fast and reliable transactions.
📈 Comprehensive Sales Reports - Make data-driven decisions.
📱 QR Order & Pay - Enhance customer experience.
🎉 Loyalty Reward Programs - Boost customer retention.

Experience the StoreHub advantage. Book your FREE demo today!👇

",-,-,-
,"[Start Smart]
Caption 1:
🚀 Starting a new [restaurant/cafe/store]? Start smart with StoreHub! Our all-in-one POS system offers:

🍽️ Lightning-fast order processing
📊 Real-time inventory management
📈 Detailed sales reports
📱 Customer loyalty programs
💼 Seamless employee management

Launch your business with confidence. Book your FREE demo today!👇

Caption 2:
✨ Ready to launch your dream [restaurant/cafe/store]? StoreHub's POS system is designed to make your startup journey smoother:

📦 Easy-to-use interface for quick setup
📉 Real-time inventory tracking
📱 Integrated QR order & pay [/ integrated QR cashback]
📈 Instant sales analytics
💳 Secure payment processing

Start & sustain your business with StoreHub. Get your FREE demo now!👇

Caption 3:
📈 New to the [restaurant/cafe/store] scene? Start smart with StoreHub's powerful POS system. Here's how we can help:

🍴 Fast and efficient order management [remove this for retaill]
📊 Advanced analytics for informed decisions
📦 Inventory alerts to avoid stockouts
💰 Cashback loyalty programs
📱 Integrated marketing tools

Launch with StoreHub and watch your business thrive. Book your FREE demo today!👇","Caption 1:
 🚀 最近打算新开【餐厅/咖啡厅/商店】？用StoreHub开启智能化经营！我们的全能POS系统提供：

🍽️ 1分钟处理好顾客订单
📊 实时销售和库存数据更新
📈 详细的销售图表报告
📱 自动化顾客 Loyalty Programme
💼 简化员工管理流程

让智能工具助您轻松创业。立即预约您的免费 DEMO！👇
Caption 2:
✨ 想开设梦寐以求的【餐厅/咖啡厅/商店】？让 StoreHub 的POS系统助您解决店面管理的琐碎问题：

📦 简约的系统界面，快速完成设置
📉 实时库存追踪
📱 自带QR Order & Pay [/ 顾客扫码获取返现功能]
📈 即时生成的销售报告分析
💳 安全支付处理

开启 StoreHub 系统协助您的生意经营。立即获取免费演示！👇







Caption 3:
📈 小白创业开[餐厅/咖啡厅/零售店]？现在就用 StoreHub强大的智能POS系统起步。我们可以帮助您：

🍴 快速且高效地处理订单 [remove this for retail]
📊 深度报告分析，帮助您更准确地规划策略
📦 库存提醒，避免店内缺货
💰 Cashback & Loyalty Programme
📱 自带营销工具吸引回头客

用 StoreHub 启动您的业务，小白也能轻松经营管理。
立即预约免费的演示吧！👇
","Caption 1:

🚀 Baru nak start [restoran/kafe/kedai]? Lancarkan dengan bijak guna StoreHub! Sistem POS all-in-one kami menawarkan:

🍽️ Proses pesanan super pantas
📊 Pengurusan stok masa nyata
📈 Laporan jualan terperinci
📱 Program loyalty pelanggan
💼 Pengurusan staf yang mudah

Lancarkan bisnes korang dengan yakin bersama StoreHub. Book demo PERCUMA sekarang!👇

Caption 2:

✨ Sedia nak lancarkan [restoran/kafe/kedai] impian korang? Sistem POS StoreHub direka untuk memudahkan perjalanan start-up korang:

📦 Sistem yang senang diguna dan setup pantas 
📉 Penjejakan stok terpernici
📱 QR Order & Pay yang terintegrasi
📈 Analisis jualan masa nyata
💳 Proses bayaran selamat

Mula bisnes korang dengan StoreHub. Dapatkan demo PERCUMA sekarang!👇

Caption 3:

📈 Baru dalam dunia [restoran/kafe/kedai]? Lancarkan bisnes dengan bijak bersama sistem POS StoreHub. 

Dengan POS StoreHub:
🍴 Pengurusan pesanan yang cepat dan efisien [delete for retail]
📊 Analisis jualan masa nyata untuk keputusan yang tepat
📦 Notifikasi kekurangan stok sebelum habis
💰 Program loyalty dan cashback
📱 Auto-SMS promosi ke pelanggan anda

Lancarkan [restoran/kafe/kedai] dengan StoreHub dan lihat bisnes korang berkembang. Book demo PERCUMA sekarang!👇",Start Smart
,"[55% Promo Repeat] - New Business
Caption 1:
🎉 Launching a new restaurant? Get 55% off StoreHub hardware! Our all-in-one POS system helps you start strong with:

🍽️ Easy setup and fast order processing
📊 Real-time inventory management
📈 Instant sales reports
📱 Customer loyalty programs
💳 Secure payment processing

Don’t miss this exclusive offer. Start smart with StoreHub! Book your FREE demo now!👇

Caption 2:
🚀 New to the F&B scene? Kickstart your business with 55% off StoreHub hardware. Enjoy:

📦 Seamless inventory tracking
📉 Advanced sales analytics
📱 QR order & pay integration
💰 Cashback loyalty programs
💼 Comprehensive employee management

Transform your startup with StoreHub. Grab this deal today and book your FREE demo!👇

Caption 3:
✨ Opening a new restaurant? Save 55% on StoreHub hardware! Our POS system offers everything you need to succeed:

🍴 Quick and efficient order management
📊 Detailed sales reports
📦 Inventory alerts to avoid stockouts
📱 Integrated marketing tools
💳 Secure and fast payment processing

Take advantage of this limited-time offer. Start smart with StoreHub! Get your FREE demo now!👇",-,-,55% Promo Repeat
,"BEFORE/AFTER 

Caption 1: 
Are manual stock counts and slow systems holding you back? Switch to StoreHub's All-In-One POS – built to simplify inventory, streamline orders, and give you real-time data. Make smarter moves without the headaches.

Caption 2: 
Tired of juggling staff training and tracking stock across outlets? With StoreHub, train new hires quickly and manage everything with ease from one POS. Say goodbye to errors and hello to smoother operations.

Caption 3: 
High staff turnover? Messy inventory management? StoreHub’s user-friendly POS helps you keep up with it all. Real-time insights, fast training, and a system that works as hard as you do.

Headlines
Manage your cafe, not your headaches
Simplify staff training and stock management
Real-time data, fewer mistakes – run your business better
Tired of slow, buggy systems? Try StoreHub's POS","
Caption 1:
让员工点货已经够费时间，系统还很卡导致生意运作被拖后？换用 StoreHub 全能 POS 系统，轻松搞定库存、订单，还有实时数据！不用再为生意运作烦恼






Caption 2:
同时管理多个门店，员工培训和对存货就已经不够时间了？使用StoreHub POS 系统，新员工培训更快上手，并通过一个平台就能轻松管理一切。减少错误，拥有更流畅的运营。
Caption 3:
员工一直换？库存管理混乱？StoreHub 智能 POS 系统帮助您轻松应对这一切。实时监督运营、员工培训易上手，和与您一样给力不卡顿的系统。
Headlines:
管理好你的咖啡馆，不再是大问题
简化员工培训和库存管理
实时数据，减少错误发生，让你的业务运行更顺畅
厌倦了缓慢又爱出故障的系统？试试StoreHub POS 吧！


","Caption 1:
Asyik tersangkut dengan mengira stok cara manual sebab sistem lembap? 😩 Tukar ke StoreHub All-In-One POS—mudahkan urusan stok, kemas kini order, dan dapatkan data masa nyata. Tak perlu sakit kepala lagi, hanya keputusan bijak.


Caption 2:
Susah nak latih staff baru sambil pantau stok sebab ada banyak outlet? 😵‍💫 Dengan StoreHub, training staff jadi mudah & laju, stok pun senang nak urus—semua dari satu POS je!
Caption 3:
Selalu sangat staf lari, kene train baru? Stok pun kelam-kabut? 🤯 StoreHub POS mesra pengguna bantu korang atasi semua ni—data masa nyata, training pantas, dan sistem yang senang guna.
Headlines:
Uruskan kafe korang, bukan masalah korang! ☕
Train staff & urus stok lagi mudah dengan StoreHub! ✅
Data masa nyata, kurang silap, bisnes jalan lancar. 📊
Sistem lambat & leceh? Tukar ke StoreHub POS! 🚀


",Before/after
,"[It's All In Here]
Caption 1:

🕒 Tired of slow and inefficient systems in your restaurant? With StoreHub, experience seamless operations and maximise efficiency!

🔧 System Stability
🍽️ Operational Efficiency
⚙️ Streamlined Operations

Join the thousands of F&B businesses transforming with StoreHub! Get your FREE demo today!👇

Caption 2:

💡 Struggling to keep your restaurant running smoothly? StoreHub’s POS system ensures stability and streamlined operations, so you can focus on what you do best!

🔧 Reliable System Stability
⚡ Boost Operational Efficiency
🍽️ Smooth Operations


Upgrade your F&B business with StoreHub. Sign up for a FREE demo now!👇

Caption 3:
🍴 Want to enhance your restaurant’s efficiency and stability? StoreHub’s all-in-one POS system is designed for seamless and streamlined operations

🔧 Reliable System Stability
⚡ Boost Operational Efficiency
🍽️ Smooth Operations

Upgrade your F&B business with StoreHub. Sign up for a FREE demo now!👇",-,"**[It's All Here]**

**Caption 1:**

🕒 Penat dengan sistem lambat kat restoran korang? Dengan StoreHub, semuanya jadi senang dan laju!

🔧 Sistem Stabil
🍽️ Operasi Lancar
⚙️ Semua Teratur

Join ribuan bisnes F&B yang dah berubah dengan StoreHub! Book demo PERCUMA sekarang!👇

---

**Caption 2:**

💡 Susah nak urus restoran dengan smooth? Sistem POS StoreHub pastikan semuanya stabil dan teratur, jadi korang boleh fokus masak sedap-sedap!

🔧 Sistem Stabil 
⚡ Super Efisien
🍽️ Operasi Lancar

Upgrade bisnes F&B korang dengan StoreHub. Sign up untuk demo PERCUMA sekarang!👇

---

**Caption 3:**

🍴 Nak restoran korang jadi lebih efisien dan stabil? Sistem POS all-in-one StoreHub buat semuanya lancar dan teratur.

🔧 Sistem Stabil 
⚡ Super Efisien
🍽️ Operasi Lancar

Upgrade bisnes F&B korang dengan StoreHub. Sign up untuk demo PERCUMA sekarang!👇",It's All In Here
,"[Get Started In]
🚀 Ready to launch your business in just 7 days? With StoreHub’s all-in-one POS, streamline your operations and start seeing results fast.

🍽️ QR Ordering
📊 Real-Time Inventory Management
💰 Loyalty Programs
🕒 Fast Setup & Training

Transform your F&B business with ease. Book your FREE demo now!👇

Caption 2:
⏱️ Get started with StoreHub’s POS in just 7 days! Achieve operational efficiency and delight your customers with:

⚡ Reliable System Stability
🍽️ Seamless QR Ordering
📈 Instant Sales Reports
💡 Easy Staff Management

Don’t wait to elevate your business. Schedule your FREE demo today!👇

Caption 3:
🏃‍♂️ Launch your F&B business in just 7 days with StoreHub’s efficient POS system. Experience quick setup and amazing features:

📦 Inventory Management
🍽️ Table Ordering
💳 Secure Payment Processing
📱 Customer Loyalty Programs

Start smart, start fast. Book your FREE demo now!👇",-,"[Get Started In]
Caption 1:
🚀 Ready nak mulakan bisnes dalam 7 hari?
Dengan sistem POS all-in-one StoreHub, mudahkan operasi anda dan mula buat sale dengan pantas.

🍽️ QR Ordering
📊 Pengurusan Stok Masa Nyata
💰 Program Loyalty Customer
🕒 Setup & Training yang Cepat

Lancarkan bisnes F&B anda dengan mudah. Tempah demo PERCUMA sekarang!👇

Caption 2:
⏱️ Lancarkan restoran dengan POS StoreHub dalam hanya 7 hari!
Capai operasi yang efisien dan buat pelanggan anda lebih gembira dengan:

⚡ Sistem POS stabil yang boleh dipercayai
🍽️ QR Ordering yang Mudah
📈 Laporan Jualan dan stok terperinci
💡 Sistem pengurusan staf yang mudah

Jangan tunggu lagi untuk upgrade bisnes korang. Cuba demo PERCUMA hari ini!👇

Caption 3:
🏃‍♂️ Mulakan bisnes F&B anda dalam hanya 7 hari dengan sistem POS StoreHub yang cekap.
Nikmati setup pantas dan ciri-ciri terbaik seperti:

📦 Pengurusan Inventori
🍽️ Table Ordering
💳 Pemprosesan Pembayaran yang Selamat
📱 Program Kesetiaan Pelanggan

Mulakan dengan bijak dan pantas. Tempah demo PERCUMA anda sekarang!👇






",Get Started In Just 7 Days
,"[Built For Restaurants] 

Caption 1:
🍽️ Running a restaurant? You need a POS system designed just for you. StoreHub helps you manage operations seamlessly, track inventory accurately, and build customer loyalty effortlessly.

💳 Supports all payment methods
📊 Real-time inventory tracking
📱 Automated SMS for promotions

Ready to simplify your restaurant management? Book your FREE demo today!👇
Caption 2:
🔥 Transform your restaurant management with StoreHub’s all-in-one POS system. From tracking inventory to managing customer loyalty, we’ve got you covered.

💰 Build and retain loyal customers
💳 Accept all payment methods
📲 Send automated SMS reminders

Make your operations smoother. Try StoreHub now and see the difference! Book your FREE demo!👇
Caption 3:
✨ Upgrade your restaurant with StoreHub! Our POS system is built to handle all your needs: from managing daily operations and tracking inventory to fostering customer loyalty.

💳 Supports all payment methods
📈 Streamlined inventory management
📱 Automated SMS for customer engagement

Experience the ease and efficiency of StoreHub. Book your FREE demo today!👇

",-,-,-
,"[POS Features In One Place]

Caption 1:
🍔 Say goodbye to restaurant chaos! StoreHub’s POS system streamlines your operations, tracks inventory effortlessly, and keeps your customers coming back.

💳 Accepts all payment methods
📦 Efficient inventory management
📲 Automated SMS for loyalty programs

Transform your restaurant management with StoreHub. Book your FREE demo today!👇

Caption 2:
🍽️ Run your restaurant smoothly with StoreHub! Our POS system is designed to manage operations seamlessly, track inventory accurately, and enhance customer loyalty.

🔄 Supports all payment methods
📈 Real-time inventory tracking
📱 Automated SMS for loyalty rewards

Upgrade your restaurant operations with StoreHub. Get started now!👇

Caption 3:
🥂 Elevate your restaurant experience! StoreHub's POS system handles everything from order management to customer loyalty, making your operations more efficient and reliable.

💳 All payment methods supported
📦 Accurate inventory management
📲 Loyalty programs with automated SMS

Ready to revolutionise your restaurant? Try StoreHub today!👇",-,-,-
,"[Rethink Retail Store Management]
Caption 1:
🔍 Struggling to increase profitability and reduce costs? StoreHub’s all-in-one POS system is here to transform your retail operations. With advanced inventory management and real-time sales reporting, you can control costs and boost profits effortlessly.

📦 Efficient Inventory Management
📊 Real-Time Sales Tracking
💼 Comprehensive Business Control

Elevate your retail business with StoreHub. Discover more today! 👇

Caption 2:
💡 Want to enhance business control and track employee performance? StoreHub’s POS system offers robust features like marketplace integration and multi-location management, ensuring your retail operations run smoothly and efficiently.

🛒 Seamless Marketplace Integration
📍 Multi-Location Management
👥 Employee Tracking & Management

Gain peace of mind with StoreHub. Start your journey now! 👇

Caption 3:
📈 Looking to reduce losses and enhance profitability? StoreHub’s POS system provides detailed sales reports and loyalty CRM, helping you make informed decisions and retain customers. Streamline your retail operations and watch your business grow.

📊 Detailed Sales Reports
🤝 Loyalty & CRM Programs
💸 Cost Reduction Strategies

Achieve your retail goals with StoreHub. Explore our features today! 👇",-,-,Rethink Retail Store Management
,"[QR Ordering Facts]
Caption 1:
🚀 Speed up your service and delight your customers with StoreHub’s QR Order & Pay! F&B businesses can now [serve customers 2x as fast/increase your average order sise by up to 20%, increase table turnover by 50%], reduce wait times, and enhance the dining experience.

🍽️ Faster Service, Happier Customers
📱 Easy QR Ordering
💬 Real-Time Order Tracking

Transform your restaurant's efficiency and customer satisfaction with StoreHub. Try it today! 👇

Caption 2:
⏱️ Tired of long wait times and slow service? With StoreHub’s QR Order & Pay, [serve customers 2x as fast/increase your average order sise by up to 20%, increase table turnover by 50%]! Elevate your F&B business by providing a seamless and efficient ordering experience that keeps customers coming back.

📲 Quick QR Ordering
🔔 Instant Order Notifications
🤩 Enhanced Customer Experience

Upgrade your service speed and boost customer satisfaction with StoreHub. Discover more now! 👇

Caption 3:
📈 Looking to improve your restaurant’s efficiency? StoreHub’s QR Order & Pay lets you [serve customers 2x as fast/increase your average order sise by up to 20%, and increase table turnover by 50%], making your operations smoother and your customers happier. Say goodbye to long waits and hello to a better dining experience!

⚡ Speedy Service with QR Ordering
💡 Improved Operational Efficiency
🏆 Exceptional Customer Experience

Enhance your F&B business with StoreHub. Get started today! 👇","[QR Ordering Facts]
Caption 1: 
🚀 用 StoreHub 的 QR Order & Pay 功能，提升服务速度，顾客更满意！F&B 商家现在可以 [提升2倍服务速度/把顾客的平均订单额增加高达20%，提高50%的翻桌率]，缩短等待时间，让用餐体验更愉快。
🍽️ 更快服务，顾客更开心
📱 简单方便的 QR 点餐
💬 实时订单追踪
用 StoreHub 改变餐厅效率和顾客满意度！立即试试吧！👇


Caption 2:
⏱️ 顾客总是嫌等太久？服务效率难提高？有了 StoreHub 的 QR 点单和支付功能，轻松实现 [服务效率翻倍/单笔消费提升20%/翻桌率增加50%]！优化点餐流程，顾客更满意，做生意更顺畅！
📲 自行扫码点餐更准确
🔔 订单通知同步到厨房
🤩 完美用餐体验
让 StoreHub 帮你带来更快、更好的服务！点击查看详情 👇


Caption 3:
📈 餐厅效率不够高？StoreHub 的 QR 点单和支付功能让你 [服务效率提升2倍/单笔消费增加20%/翻桌率提高50%]！运营更顺畅，顾客再也不用等，体验更棒的用餐服务！
⚡ 快速扫码点单
💡 提升运营效率
🏆 更满意的用餐体验

用 StoreHub 提升您的餐厅表现，立即了解详情！👇



","[QR Ordering Facts]
Caption 1:
🚀 Owner Restoran & Cafe! Lajukan servis korang supaya customer happy dengan StoreHub QR Order & Pay! Bisnes F&B kini boleh [layan customer 2x lebih pantas/tingkatkan saiz order hingga 20%, customer meningkat 50%], kurangkan masa menunggu, dan tingkatkan pengalaman customer di restoran atau cafe korang.

🍽️ Servis Pantas, Customer Happy
📱 QR Ordering yang Mudah
💬 Semak Order dengan Pantas dan Mudah

Tingkatkan efisyensi restoran dan pengalaman customer korang dengan StoreHub. Cuba hari ini! 👇

Caption 2:
⏱️ Stress bila customer tunggu lama dan servis lambat? Dengan StoreHub QR Order & Pay, [layan customer 2x lebih pantas/tingkatkan saiz order hingga 20%, customer meningkat 50%]! Upgrade bisnes F&B korang dengan pengalaman order yang lancar dan efisien, customer pun happpy nak datang lagi.

📲 QR Ordering Pantas
🔔 Notifikasi Order Segera
🤩 Pengalaman Customer Yang Lebih Baik

Tingkatkan kelajuan servis dan kepuasan customer dengan StoreHub. Ketahui lebih lanjut sekarang! 👇

Caption 3:
📈 Nak tingkatkan operasi restoran korang? StoreHub QR Order & Pay membolehkan korang layan customer 2x lebih pantas/tingkatkan saiz order hingga 20%, customer meningkat 50%], menjadikan operasi lebih lancar dan customer lagi happy. Tiada lagi customer muram tunggu lama nak order dan pastikan pengalaman customer di restoran atau cafe korang jadi lebih baik!

⚡ Servis Pantas Dengan QR Ordering
💡 Kecekapan Operasi Dipertingkatkan
🏆 Pengalaman Customer Yang Luar Biasa

Majukan bisnes F&B korang dengan StoreHub. Mulakan sekarang! 👇",QR Ordering Facts
,"[Business Goals + Testimonial]
Caption 1:
🎉 Ready to revolutionise your restaurant? StoreHub combines streamlined operations with unmatched business efficiency. 🚀 Achieve controlled costs, remote monitoring, and skyrocket your business growth!

🔄 Streamlined Operations
📊 Business Efficiency
💡 Remote Monitoring
📈 Growth-Driven Tools

Experience the magic of StoreHub and take your business to new heights! Discover more today! 👇

Caption 2:
🔥 Ignite your clothing store's potential with StoreHub! Our all-in-one POS system merges streamlined operations and business efficiency, ensuring you stay on top of every aspect of your business. 💪

💰 Controlled Costs
📱 Remote Monitoring
📈 Unleashed Growth

Join thousands of successful businesses with StoreHub. See the difference for yourself! 👇

Caption 2:
🚀 Transform your cafe with StoreHub’s powerful POS system! Streamlined operations meet business efficiency to bring you unparalleled success. 🌟

📊 Effortless Inventory Management
💸 Cost Control
📲 Remote Monitoring
📈 Accelerated Business Growth

Say hello to smoother operations and explosive growth with StoreHub. Get started now! 👇",-,-,-
,"[Call Out Videos] -F&B
Caption 1:
🎉 Boost Your Restaurant’s Success with StoreHub! 🎉

🍽️ Key Benefits:
⚡ Use QR Order & Pay for faster processing
🚚 Integrated takeaway & delivery logistics with low fees
🖥️ Dual screens for you and your customers
📊 Adjust your menu based on detailed reports

Why wait? Streamline your operations, enhance customer experience, and control costs with StoreHub. See why 15,000 businesses trust us. Get started today! 👇

Caption 2:
🚀 Transform Your Restaurant with StoreHub! 🚀 Achieve operational efficiency, boost customer experience, and ensure system stability. 

🌟 What We Offer:
⚡ QR Order & Pay for lightning-fast service
📈 Detailed reports to optimise your menu
🚚 Low-fee integrated delivery logistics
👥 Dual screens for seamless service

Join 15,000 businesses who’ve made the switch to StoreHub. Start now! 👇

Caption 3:
🔥 Elevate Your Restaurant Game with StoreHub! 🔥 Streamline your operations, enhance stability, and control costs effortlessly. 

🍴 Top Features:
⚡ Speed up service with QR Order & Pay
🚚 Efficient takeaway & delivery logistics
📊 Insightful reports for menu adjustments
🖥️ Dual screens for a better customer experience

Discover why 15,000 businesses rely on StoreHub. Get started with StoreHub for restaurants today! 👇",-,"Caption 1:
Sales bulanan restoran korang tak padu? 😩
Gandakan sale sekarang dengan StoreHub 🎉

 🍽️ Kenapa StoreHub?
⚡Mudahkan order dengan QR Order & Pay
 🚚 Kos rendah untuk Takeaway & Delivery
🖥️ Dua skrin untuk korang & customer 
📊 Ubah menu ikut report sales 

Tunggu apa lagi! Mudahkan operasi, tingkatkan bilangan customer, dan kawal kos dengan StoreHub.

Lebih 15,000 bisnes guna StoreHub. Korang bila lagi?👇
Caption 2:
😵‍💫 Letih habiskan masa kira sales secara manual setiap hari? Biar StoreHub uruskan semua tu! 🚀 

🌟 Apa yang Korang Dapat: 
⚡ Mudahkan order dengan QR Order & Pay 
📈 Semak report Sales & Inventori automatik
🚚 Kos rendah untuk Takeaway & Delivery
👥 Dua skrin untuk korang & customer

Jom ikut 15,000 bisnes yang guna StoreHub. Daftar untuk demo PERCUMA sekarang! 👇
Caption 3:
Order banyak susah nak handle, kos delivery pulak mahal! 🤬💢 Mesti banyak owner restoran pernah macam ni kan? 

Jangan stress dah! StoreHub boleh settlekan masalah korang dengan:
⚡ Mudahkan order dengan QR Order & Pay 
📈 Semak report Sales & Inventori automatik
🚚 Kos rendah untuk Takeaway & Delivery
👥 Dua skrin untuk korang & customer

Jom ikut 15,000 bisnes yang guna StoreHub. Daftar untuk demo PERCUMA sekarang! 👇


POS No.1 untuk FnB
QR Order & Pay
Perkakas POS Moden
Dapatkan Demo Percuma
",-
,"[Call Out Videos] - Retail
Caption 1:
👗 Streamline Your Clothing Store with StoreHub! 👗 Boost profitability, enhance business control, and achieve peace of mind with StoreHub. 

Key Benefits:
💳 Take payments quickly with our sleek hardware
📊 Discover your best sellers with instant reports
📦 Manage inventory across multiple locations
👥 Manage your employees in one system

Get started with StoreHub for retail stores today! 👇

Caption 2:
🛍️ Transform Your Clothing Store with StoreHub! 🛍️ Achieve business growth, streamline operations, and improve inventory management with StoreHub. 

What We Offer:
💳 Fast and secure payment processing
📊 Instant sales reports to identify best sellers
📦 Efficient inventory management across multiple locations
👥 Streamlined employee management

Discover why retailers trust us. Start today! 👇

Caption 3:
🚀 Elevate Your Retail Game with StoreHub! 🚀 Increase profitability, control costs, and ensure smooth operations.

Top Features:
💳 Quick and easy payment solutions
📊 Real-time sales tracking and reporting
📦 Multi-location inventory management
👥 Comprehensive employee management

 Experience the StoreHub difference for your retail store. Get started now! 👇

",-,"Caption 1:
🚨 Susah nak urus kedai pakaian korang dengan cara manual? StoreHub boleh mudahkan hidup korang! 🚨

📈 Naikkan sales, control bisnes korang lebih baik dan hilangkan stress dengan StoreHub.

Kenapa StoreHub?
💳 Proses bayaran senang & pantas 
🔄 Satu sistem untuk kedai online & offline korang 
📊 Report untuk produk paling laku
📦 Urus stok semua kedai online & offline dalam satu sistem
👥 Urus pekerja korang dalam satu sistem je

Mula sekarang dengan StoreHub untuk kedai retail korang! 👇
Caption 2:
Owner Kedai Butik, banyak ke stok 👕👚 korang tak terjual? Pernah order stock👖 yang salah?  


Urusan stok kedai fizikal dan kedai online korang lebih mudah dengan StoreHub, siap dengan notifikasi 💬 untuk stock barang yang kurang dan hot selling. 

Kelebihan StoreHub:
💳 Proses bayaran senang & pantas 
🔄 Satu sistem untuk kedai online & offline korang 
📊 Report untuk produk paling laku
📦 Urus stok semua kedai online & offline dalam satu sistem
👥 Urus pekerja korang dalam satu sistem je

Lebih 15,000 bisnes guna StoreHub. Korang bila lagi?👇
Caption 3:
Susah nak kawal kos dan urus operasi kedai korang? StoreHub ada solusinya! 

🚀 Tingkatkan keuntungan, kawal kos, dan pastikan operasi lancar dengan StoreHub.🚀 

Kelebihan StoreHub:
💳 Proses bayaran senang & pantas 
🔄 Satu sistem untuk kedai online & offline korang 
📊 Report untuk produk paling laku
📦 Urus stok semua kedai online & offline dalam satu sistem
👥 Urus pekerja korang dalam satu sistem je

Lebih 15,000 bisnes guna StoreHub. Korang bila lagi?👇


#1 POS Untuk Retail
StoreHub Untuk Retail
Perkakas POS Moden
Dapatkan Demo Percuma

",-
,"[CN Penang Promo]
🎉 Penang F&B Owners, Get Excited! 🎉

📢 Limited Time Promo: Get POS hardware & software starting from just RM2,000!
🍜 Enhance your F&B business with StoreHub’s top features:
📊 Real-time sales reports
📦 Efficient inventory management
💳 Seamless payment processing

Don’t miss out on this exclusive deal. Elevate your business today! 👇

🥳 Attention Penang F&B Businesses! 🥳

🌟 Exclusive Promo: POS hardware & software from only RM2,000!
🍽️ Boost your restaurant’s efficiency with StoreHub’s powerful tools:
📱 QR Order & Pay for faster service
📊 Detailed sales tracking
👥 Streamlined staff management

Act now and transform your business. Grab this amazing offer! 👇

🚀 Special Offer for Penang F&B Owners! 🚀

🛍️ Limited Time: Get our POS system starting at RM2,000!
🍴 StoreHub’s features are perfect for your F&B business:
🍔 Speed up service with QR Order & Pay
📊 Gain insights with instant sales reports
💳 Simplify transactions with integrated payments

Don’t wait – upgrade your operations with this fantastic deal today! 👇",-,-,-
,"[Start Using StoreHub]

Caption 1:
🚀 FnB & Retail owners, don't miss out on this HUGE deal. Upgrade your POS & get up to 55% OFF StoreHub hardware 

StoreHub all-in-one POS is: 
⚡️ Lightning fast
 💪 Highly effective and super sleek
 ⛔ Helping you reduce wasted costs
 👥 Building & managing your employees & customers
 🌎 Supporting 15,000+ business in Southeast Asia

 Ready to switch to StoreHub & take your business to the next level? Request A free demo today!


Caption 2:
💥 FnB and Retail Owners - Huge Savings! Get up to 55% OFF StoreHub POS hardware today! 

StoreHub all-in-one POS is: 
⚡️ Lightning fast
 💪 Highly effective and super sleek
 ⛔ Helping you reduce wasted costs
 👥 Building & managing your employees & customers
 🌎 Supporting 15,000+ business in Southeast Asia

 Ready to switch to StoreHub? Request A free demo today!

Caption 3:",-,-,-
,"[Marketplace Integration]

Caption 1:
🌟 New Feature Alert! 🌟 Are YOU a retail business owner selling in-store AND online? Tired of managing sales and inventory across multiple platforms?

Introducing StoreHub’s Marketplace Integration! Manage products, inventory, and sales reports all from a single dashboard:
📦 Automatic inventory updates
📊 Real-time sales reports
🛍️ Integrated with Shopee, Shopify, and more
🚀 Reduce errors and save time

Save time, reduce errors, and improve customer experience.

Get started with StoreHub today! 🚀

Caption 2:
📣 Attention Retailers! 📣 Struggling to juggle your in-store and online sales? StoreHub’s new Marketplace Integration is here to save the day!

Manage all your products, inventory, and sales reports from one place:

🖥️ Centralised dashboard
📦 Automatic stock updates
🛒 Seamless e-commerce integration
📊 Real-time data for better decisions

Make better business decisions with all your data in one dashboard.

Upgrade to effortless management with StoreHub! 🌐✨

Caption 3:
💡 Retailers, streamline your business! 💡 Introducing StoreHub’s Marketplace Integration! 

Now, you can manage your in-store and online sales seamlessly from a single platform:
📦 Automatic inventory updates
📊 Real-time sales tracking
🛍️ Multi-platform integration
📈 Simplified product management

Save time and reduce errors with automatic updates across all sales channels. No more manually updating product information, tracking inventory, or doing sales reports.

Grow your retail business effortlessly with StoreHub!

Get started today and see the difference! 📈💼",-,"[Marketplace Integration]

Caption 1:

🫠 Susahnya nak jadi Bisness Owner untuk kedai fizikal dan online bila sales dan inventori bersepah dalam platform lain lain?

Tak perlu kalut lagi dengan ciri baru sistem POS StoreHub! Uruskan produk, inventori, dan laporan jualan online dan offline dari satu dashboard:
📦 Kemas kini inventori automatik
📊 Laporan jualan masa nyata
🛍️ Integrasi dengan Shopee, Shopify, dan banyak lagi
🚀 Kurangkan kesilapan dan mudahkan operasi

Jimatkan masa, kurangkan kesilapan, dan tingkatkan pengalaman pelanggan.

Jom mula dengan StoreHub hari ini! 🚀

---

**Caption 2:**

📣 Owner kedai baju MESTI ada sistem ni!! 📣 

Integrasi Marketplace baharu dengan sistem POS StoreHub, Uruskan sales dan inventori anda di TikTok, Shopee, Lazada dan banyak lagi dari satu paparan satu sistem 🌟 

Urus semua produk, inventori, dan laporan jualan dari satu tempat:

🖥️ Dashboard Paparan Sentral
📦 Kemas kini stok automatik
🛒 Integrasi e-dagang yang lancar
📊 Data masa nyata untuk keputusan yang lebih baik

Buat keputusan bisness yang lebih baik dengan semua data dalam satu dashboard dengan StoreHub! 🌐✨

---

**Caption 3:**

💡 Bisness Owner, mudahkan bisness anda! 💡 Memperkenalkan Integrasi Marketplace StoreHub!

Kini, anda boleh urus jualan kedai fizikal dan online dengan senang dari satu platform:
📦 Kemas kini inventori automatik
📊 Penjejakan jualan masa nyata
🛍️ Integrasi pelbagai platform
📈 Pengurusan produk yang mudah

Jimatkan masa dan kurangkan kesilapan dengan kemas kini automatik di semua saluran jualan. Tak perlu lagi update maklumat produk secara manual, kesan inventori, atau buat laporan jualan.

Kembangkan bisness runcit anda dengan senang dengan StoreHub!

Jom mula hari ini dan lihat perbezaannya! 📈💼

---

Let me know if this works for you or if any more changes are needed!",MPI
,"[2x As Fast With QR Order & Pay]

Caption 1
🚀 Serve Customers 2x Faster with StoreHub! 🚀 Tired of operational inefficiencies and poor customer experience?

With StoreHub, you can:
🔥 Speed up service with QR Order & Pay  
🍽️ Enhance customer satisfaction instantly  
💪 Overcome labour shortages with ease  

Upgrade your restaurant’s efficiency today with StoreHub! ✨

Caption 2
🍽️ Double Your Speed, Double Your Delight! 🍽️ Say goodbye to system performance woes and operational hiccups. 

With StoreHub’s QR Order & Pay, you can:
🔥 Serve customers 2x faster  
⏱️ Slash wait times and boost satisfaction  
🙌 Simplify staff workload and streamline operations  

Transform your restaurant’s service now with StoreHub! 🚀

Caption 3
📈 Elevate Your Restaurant's Efficiency with QR Order & Pay! 📈 Struggling with slow service and labour shortages? 

StoreHub has the solution:
🔥 Fast and easy QR ordering for customers  
✨ Improve operational efficiency  
😍 Enhance the overall dining experience  

Serve customers up to 2x as fast and watch your business thrive with StoreHub! 🚀",-,"[2x As Fast With QR Order & Pay]

Caption 1:
🚀 Nak layan customer 2x lebih laju? 🚀 Penat dengan sistem lembap dan customer experience yang kurang puas?

Dengan StoreHub, korang boleh: 
🔥 Lajukan servis dengan QR Order & Pay
🍽️ Buat customer happy, on the spot
💪 Atasi masalah staf kurang dengan senang

Jom upgrade restoran korang dengan POS StoreHub hari ni! ✨

Caption 2:
🍽️ 2x Lagi Cepat, 2x Lagi Puas! 🍽️ Tiada lagi sistem lembap dan masalah operasi yang tak teratur.

Guna StoreHub QR Order & Pay untuk: 
🔥 Layan pelanggan 2x lebih laju
⏱️ Kurangkan masa menunggu 
🙌 Mudahkan kerja staf untuk operasi lebih lancar

Upgrade servis restoran korang sekarang dengan StoreHub! 🚀

Caption 3:
📈 Tingkatkan Sales Restoran Korang dengan QR Order & Pay! 📈 Tak perlu lagi stres sebab sistem lambat dan staf tak cukup!

StoreHub boleh bantu dengan: 
🔥 QR order yang cepat & senang untuk customer
✨ Operasi jadi lebih lancar
😍 Pengalaman customer di restoran lebih baik

Servis customer 2x lebih pantas dan tengok bisnes korang maju dengan StoreHub! 🚀

",-
,"[55% Off Balloon Promo]
Caption 1:
🎉 Unlock the Best Restaurant POS in Penang & Johor! 🎉 Up to 55% Off for a Limited Time!

🔥 Speed up service with QR Order & Pay  
🍽️ Enhance customer satisfaction instantly  
💪 Overcome labour shortages with ease  

Don’t miss out on this exclusive offer! Upgrade now and thrive with StoreHub. 🚀

Caption 2
📣 Calling All Penang & Johor Restaurants! 📣 Get the best restaurant POS with up to 55% off!

🔥 Speed up service with QR Order & Pay  
🍽️ Enhance customer satisfaction instantly  
💪 Overcome labour shortages with ease  

Grab this limited-time offer and transform your restaurant today! 🥳

Caption 3
🚀 Penang & Johor Restaurants, This is for You! 🚀 Upgrade to the best POS system with up to 55% off!

🔥 Speed up service with QR Order & Pay  
🍽️ Enhance customer satisfaction instantly  
💪 Overcome labour shortages with ease  

Act fast—this deal won’t last! Enhance your restaurant operations now. 🌟",-,-,55% Balloon Promo
,-,-,"[VP 1: Why StoreHub is the no. 1 POS sistem choice for over 15000 businesses]

Caption 1:

📣 Owner-owner Butik! 📣 Masih guna sistem lama yang slow dan bermasalah? Jom tukar ke sistem POS StoreHub! 🖥️✨

POS StoreHub bukan sahaja minimalistik dan moden, tapi ada lebih 30 ciri power seperti:
📊 Laporan Prestasi Sale masa nyata 
📦 Pengurusan Stok / Inventori mudah
📱 Simpan Data Pelanggan untuk Program Loyalty
💌 Tingkatkan Sale dengan SMS Auto
👥 Pengurusan Operasi Pekerja
🛒  Integrasi dengan Shopee, Lazada, TikTok dan banyak lagi

Nikmati diskaun sehingga 55%* untuk perkakasan POS. Daftar untuk demo PERCUMA sekarang! 🎉

*Tertakluk kepada terma & syarat.


Caption 2:

👗 Owner Kedia Baju! 👗 Mesin cashier lama tak cukup power? Upgrade ke StoreHub POS yang minimalistik dan stylish! 🌟 Semak sales dan inventori kedai anda dari mana-mana, sama ada phone atau laptop. 📲💻

StoreHub POS ada lebih 30 ciri power:
📊 Laporan Prestasi Sale masa nyata 
📦 Pengurusan Stok / Inventori mudah
📱 Simpan Data Pelanggan untuk Program Loyalty
💌 Tingkatkan Sale dengan SMS Auto
👥 Pengurusan Operasi Pekerja
🛒  Integrasi dengan Shopee, Lazada, TikTok dan banyak lagi

Jom, nikmati diskaun sehingga 55%* untuk perkakasan POS. Daftar untuk demo PERCUMA sekarang! 🚀

*Tertakluk kepada terma & syarat.


Caption 3:

👚 Owner Kedai Butik! 👚 Dah bosan dengan mesin cashier lama yang semakkan meja? Kini masanya untuk tukar ke StoreHub POS yang sleek dengan ciri-ciri hebat! 🖥️✨

StoreHub POS bukan je cantik, tapi ada 30+ ciri power:
📊 Laporan Prestasi Sale masa nyata 
📦 Pengurusan Stok / Inventori mudah
📱 Simpan Data Pelanggan untuk Program Loyalty
💌 Tingkatkan Sale dengan SMS Auto
👥 Pengurusan Operasi Pekerja
🛒  Integrasi dengan Shopee, Lazada, TikTok dan banyak lagi

Dah lah mudah diguna dan ada after-sales service yang terbaik! 🚀

Apa lagi? Daftar sekarang untuk demo PERCUMA dan DISKAUN sehingga 55%* 🎉

*Tertakluk kepada terma & syarat.",Miss Lily VP #1_V2.mp4
,"[New Business Promo Vid]
Caption 1:
🎉 Launching a new restaurant? Get 55% off StoreHub hardware! Our all-in-one POS system helps you start strong with:

🍽️ Easy setup and fast order processing
📊 Real-time inventory management
📈 Instant sales reports
📱 Customer loyalty programs
💳 Secure payment processing

Don’t miss this exclusive offer. Start smart with StoreHub! Book your FREE demo now!👇

Caption 2:
🚀 New to the F&B scene? Kickstart your business with 55% off StoreHub hardware. Enjoy:

📦 Seamless inventory tracking
📉 Advanced sales analytics
📱 QR order & pay integration
💰 Cashback loyalty programs
💼 Comprehensive employee management

Transform your startup with StoreHub. Grab this deal today and book your FREE demo!👇

Caption 3:
✨ Opening a new restaurant? Save 55% on StoreHub hardware! Our POS system offers everything you need to succeed:

🍴 Quick and efficient order management
📊 Detailed sales reports
📦 Inventory alerts to avoid stockouts
📱 Integrated marketing tools
💳 Secure and fast payment processing

Take advantage of this limited-time offer. Start smart with StoreHub! Get your FREE demo now!👇",-,"Caption 1:
🎉 Nak buka kedai butik/restoran bulan depan? Dapatkan diskaun 55% untuk mesin POS StoreHub! Lagi mudah nak urus bisness dengan sistem POS all-in-one StoreHub:

🍽️ Setup mudah & proses pesanan pantas
📊 Pengurusan stok secara real-time
📈 Laporan jualan segera
📱 Program kesetiaan pelanggan
💳 Proses pembayaran yang selamat

Jangan terlepas tawaran eksklusif ni. Tempah demo PERCUMA korang sekarang!👇


Caption 3:
✨ Nak buka restoran [/butik] baru? Jimat sehingga 55% untuk hardware StoreHub! Sistem POS kami sediakan semua yang korang perlukan untuk berjaya:
🍴 Pengurusan pesanan yang cepat & efisien
📊 Laporan jualan terperinci
📦 Alert stok untuk elak kehabisan barang
📱 Alat pemasaran yang terintegrasi
💳 Proses pembayaran yang selamat & pantas
Jangan lepaskan Promo masa terhad ni. Mulakan bisness dengan bijak, guna StoreHub! Dapatkan demo PERCUMA sekarang!👇


Caption 2:
🚀 Baru masuk dunia bsines F&B [/retail]? Mulakan bisnes korang dengan diskaun 55% untuk perkakasan POS StoreHub. Nikmati:
📦 Pengesanan stok yang lancar
📉 Analitik jualan yang canggih
📱 Integrasi QR untuk order & bayar
💰 Program cashback pelanggan setia
💼 Pengurusan pekerja yang lengkap
Transformasi bisnes korang dengan StoreHub. Dapatkan promo ni sekarang! Daftar untuk demo PERCUMA!👇


#1 POS untuk Retail & Restoran
StoreHub untuk Retail / Restoran
Hardware Laju Gilerr
Dapatkan Demo Percuma
",New Business Promo 55%
,-,-,"**Variation 1:**

📣 Bisness Owner! 📣 Penat dengan sistem POS lama yang besar dan slow? 😫 Masa untuk upgrade ke StoreHub POS yang minimalistik dan power! 💥

Dengan StoreHub POS, anda boleh:
📱 Semak operasi kedai dari mana-mana dengan mana-mana peranti
📊 Dapatkan laporan jualan masa nyata
📦 Sinkron inventori untuk kedai online & fizikal
🛍️ Integrasi dengan Shopee, Lazada, TikTok dan banyak lagi
⭐  Khidmat Pelanggan after sales 24/7

Jom sign up untuk demo PERCUMA dan nikmati diskaun sehingga 55% untuk perkakasan POS! 🎉

---

**Variation 2:**

👗 Owner Kedai Fashion! 👗 Susah nak balance keluarga dan bisnes? Dengan StoreHub POS, anda boleh urus kedai sambil jaga keluarga dengan tenang! 🌟

StoreHub POS membolehkan anda:
📱 Semak operasi kedai dari mana-mana dengan mana-mana peranti
📊 Dapatkan laporan jualan masa nyata
📦 Sinkron inventori untuk kedai online & fizikal
🛍️ Integrasi dengan Shopee, Lazada, TikTok dan banyak lagi
⭐  Khidmat Pelanggan after sales 24/7

Daftar untuk demo PERCUMA dan nikmati diskaun sehingga 55% untuk perkakasan POS! 🚀

---

**Variation 3:**

📣 Hey Bisness Owner! 📣 Mesin POS lama yang besar dan slow buat anda pening kepala? 🤯 Shhh... ada promo 55% untuk StoreHub POS yang minimalistik dan canggih! 🤫

Dengan StoreHub POS, anda boleh:
📱 Semak operasi kedai dari mana-mana dengan mana-mana peranti
📊 Dapatkan laporan jualan masa nyata
📦 Sinkron inventori untuk kedai online & fizikal
🛍️ Integrasi dengan Shopee, Lazada, TikTok dan banyak lagi
⭐ Khidmat Pelanggan after sales 24/7

Jom sign up untuk demo PERCUMA sekarang! 🚀
",Miss Lily VP 2 MLS_VP2_v3_20240702.mp4
,"[55% Off Promo Revamp - Money Background]
Caption 1:
📢 Restaurant Owners! 📢 Say goodbye to long lines, manual errors, and slow service. Introducing StoreHub, the ultimate POS system designed for your restaurant. 🤩

Psst... Only for a LIMITED TIME, StoreHub POS System is 𝐮𝐩 𝐭𝐨 55%* 𝐨𝐟𝐟!

✅ Order & pay via QR code - Fast & easy!
✅ Cashback System & Loyalty Program
✅ Automatic SMS
✅ Stock management system
✅ Track daily, weekly, monthly & yearly sales easily
✅ Run your own food delivery service
✅ 30+ functions and more!

So why wait? **Sign up now, get a FREE demo with us, and revolutionise your service!👇**

Caption 2:
📢 Calling all Retail Owners! 📢 Get ready to handle the shopping madness with StoreHub's POS. What's StoreHub POS? 

It's the only system you need to manage your business from A to Z. 
Just one system to track your sales, track your stock, enable loyalty, and get more returning customers with automated SMS.

Book a demo today to enjoy up to 55%* off and see how it can make your operations 10x easier! 👇

Caption 3:
Is your POS system slowing you down? 🐢 Upgrade now and save up to 55%! 

🔧 Our POS hardware ensures smooth operations, happier customers, and peace of mind. 

💼 Don’t miss out on this limited-time offer! Grab your deal before it’s gone!👇

",-,-,55% Off Revamp - Money Background
,"[Face Capture With AI]
Caption 1:
Take control of your staff management with StoreHub! Our AI-powered face capture feature ensures employees are where they need to be, preventing time theft and reducing payroll errors. Say goodbye to ghost clock-ins and inflated overtime claims.

📸 Accurate face capture check-ins
⏰ Prevent unauthorised clock-ins
💰 Control overtime costs
📊 Real-time performance tracking

Experience efficient staff management with StoreHub today!

Caption 2:
Revolutionise your staff management with StoreHub’s AI-driven face capture check-ins. Eliminate time theft, control costly overtime, and streamline payroll with accurate, real-time data.

📸 AI face capture for accurate attendance
⏰ Prevent inflated overtime claims
💰 Automated and accurate payroll
📊 Real-time performance insights

Try StoreHub for smarter staff management!

Caption 3:
Say goodbye to payroll headaches with StoreHub’s AI face capture feature. No more employees clocking in for each other or unverified overtime claims. Ensure accurate attendance and streamlined payroll processes.

📸 AI face capture to prevent buddy punching
⏰ Verify and control overtime
💰 Accurate and automated payroll
📊 Real-time attendance tracking

Simplify staff management with StoreHub now!",-,-,-
,"[The ONLY POS]
Caption 1:
Looking for a POS system that actually boosts your business performance? StoreHub is here to transform your operations! From streamlined staff management to real-time inventory tracking and detailed sales reports, StoreHub has it all. Plus, we're e-invoicing ready, so you can stay compliant effortlessly.

📈 Boost your business performance
📊 Real-time sales and inventory tracking
👥 Streamlined staff management
🧾 E-invoicing ready

Upgrade to StoreHub today and see the difference!

Caption 2:
Upgrade to the only POS system that truly enhances your business performance – StoreHub! With features like real-time sales reports, efficient inventory management, and seamless staff scheduling, you’ll see improvements right away. And yes, we’re e-invoicing ready!

📈 Enhanced business performance
📅 Efficient staff scheduling
📊 Instant sales and inventory reports
🧾 E-invoicing ready

Discover StoreHub and boost your business now!

Caption 3:
Transform your business with StoreHub – the only POS system that genuinely improves your performance. Manage staff with ease, track sales in real-time, and streamline your operations. Plus, enjoy the convenience of being e-invoicing ready.

📈 Improve business performance
👥 Easy staff management
📊 Real-time sales tracking
🧾 E-invoicing ready

Switch to StoreHub and elevate your business today!",-,-,The ONLY POS
,"[#1 POS For Stressed Shop Owners]
Caption 1:
Feeling overwhelmed with managing your shop? StoreHub is here to simplify your life! With features like real-time inventory management, detailed sales reporting, and seamless multi-location management, you can stay in control effortlessly. Plus, our e-invoicing and face capture clock-in make business operations smoother than ever.

📦 Effortless inventory management
📊 Detailed sales reporting
🌐 Seamless marketplace integration
💌 Effective loyalty programs & CRM
🏢 Streamlined multi-location management
📜 E-invoicing compliance
📸 Secure face capture clock-in

Discover why StoreHub is the ultimate solution for stressed shop owners!

Caption 2:
Running a shop shouldn’t be stressful. StoreHub makes it easy with powerful tools like real-time sales tracking, integrated marketplace management, and a user-friendly loyalty program. Manage multiple locations effortlessly, streamline operations with e-invoicing, and enhance security with face capture clock-in.

📊 Real-time sales tracking
🌐 Integrated marketplace management
🎁 Effective loyalty programs
🏢 Effortless multi-location management
📜 E-invoicing made simple
🔒 Secure face capture clock-in

Simplify your shop management with StoreHub today!

Caption 3:
Stressed managing your shop’s operations? StoreHub has you covered! From automated inventory management to advanced sales reporting and seamless CRM integration, our system reduces headaches. Plus, with e-invoicing and secure face capture clock-in, you can focus on growing your business, not managing it.

📦 Automated inventory management
📊 Advanced sales reporting
💌 Seamless CRM integration
🏢 Effortless multi-location management
📜 E-invoicing compliance
📸 Secure face capture clock-in

Switch to StoreHub and take control of your shop stress-free!","Caption 1:
店铺管理让您感到压力山大？StoreHub帮您轻松搞定！
从库存到销售报告，从多店铺管理到电子发票，我们的一站式解决方案助您事半功倍！

📦 实时库存管理，省时省力
📊 销售报告详细精准
🌐 无缝市场集成，轻松扩展
💌 忠诚度计划 & CRM，留住老顾客
🏢 多店铺管理，操作超流畅
📜 电子发票轻松对接
📸 人脸识别打卡，管理更安心
StoreHub，让店主轻松应对所有挑战！

Caption 2:
店铺管理不该成为您的压力来源！有了StoreHub，一切变得简单又轻松！
强大功能像是：实时销售跟踪、同步线上与门店记录、增加回购率的Loyalty计划，以及通过人脸识别打卡让您对员工管理更放心。最重要的是！我们的POS系统完全支持 E-Invoicing，再也不担心税务问题！
📊 实时掌控销售动态
🌐 无缝集成各大线上销售渠道
🎁 忠诚计划让顾客常回头
🏢 手机就搞定多店铺管理
📜 电子发票轻松操作，节省时间
🔒 人脸识别打卡，安全又方便

用StoreHub，让管理变得更轻松，让生意蒸蒸日上！立即了解更多！


Caption 3:
在店铺运营管理上太多压力？让StoreHub 解决您的烦恼！从自动化库存管理到高级销售报告，再到无缝CRM集成，我们的系统减少了您的负担。此外，通过电子发票和安全的人脸识别打卡，您可以专注于业务增长，而不是管理琐事。
📦 自动化库存管理
📊 高级销售报告
💌 CRM照顾到每个顾客
🏢 轻松的多店铺管理
📜 符合电子发票标准
📸 安全的人脸识别打卡
切换到StoreHub，轻松掌控店铺，告别压力！



","[#1 POS For Stressed Shop Owners]
Caption 1:
Pening mengurus bisnes? 😵‍💫 Jangan risau, StoreHub boleh mudahkan kerja korang! Dari urus stok real-time, laporan sales terperinci, sampai pengurusan banyak cawangan, semua boleh settle tanpa serabut. Siap ada e-invois & sistem khadiran perkerja guna selfie!

📦 Urus stok mudah real-time
📊 Laporan sales terperinci
🌐 Link Marketplace tanpa halangan
💌 Program Loyalty customer dalam POS
🏢 Mudah urus banyak cawangan
📜 Integrasi E-invois tersedia
📸 sistem khadiran perkerja guna selfie

StoreHub memang terbaik untuk pemilik kedai yang nak urus bisnes dengan rileks! 😎

Caption 2:
Nak urus kedai tapi tak nak stres? 🤔 StoreHub ada semua tools power yang korang perlukan! Dari nak semak rekod sales terperinci, link marketplace macam shopee, lazada, tiktok, sampai program loyalty yang senang nak guna. Lebih lagi, POS StoreHub boleh urus banyak cawangan dengan mudah, siap ada e-invois & sistem khadiran perkerja guna selfie!

📊 Laporan sales terperinci
🌐 Link marketplace dengan mudah
🎁 Loyalty program  customer terbaik
🏢 Urus banyak cawangan tanpa serabut
📜 E-invois dalam 1 click
🔒 Sistem khadiran perkerja guna selfie!

Dengan StoreHub, pengurusan kedai korang jadi super smooth!

Caption 3:
Stres nak urus kedai? 😩 StoreHub boleh setel! Dari sistem kiraan stok automatik, laporan sales canggih, sampailah ke CRM yang mudah, semua tools ada untuk mudahkan kerja korang. E-invois & sistem khadiran perkerja guna selfie! pun ada. Korang fokus je pada bisnes! 🚀

📦 Kiraan stok automatik, korang rileks
📊 Laporan sales terperinci
💌 CRM lancar
🏢 Urus banyak kedai tak pening kepala
📜 E-invois compliant
📸 Semak khadiran perkerja guna selfie

Upgrade ke StoreHub sekarang, dan urus kedai tanpa stres! 😃",The #1 POS For Stressed Shop Owners
,-,"[Qunkee VP1]. Multi Store Management
Caption 1: 
📈 想在国外开分店，却担心跨国管理麻烦？别担心！StoreHub 的一站式系统，让您在一个平台轻松管理所有分店！

🔌 快速设置新店铺
🌐 统一管理多个店铺
🛠 高效稳定的系统

让我们助您轻松扩展业务。立即探索 StoreHub 吧！👇


Caption 2
🚀 开连锁店原来这么简单！使用 StoreHub 实现跨国连锁店管理，开设新店轻而易举。简化运营，专注增长。

💼 方便的连锁设置
🌍 一站式跨国管理
🔧 成熟可靠的系统

准备好扩展业务了吗？立即试试 StoreHub 吧！👇


Caption 3: 
🌟 减轻您开分店的烦恼！StoreHub 系统让您轻松添加新店铺，只需在一个平台上管理所有分店。

🏢 轻松添加设备
🌎 无缝管理跨国业务
🔩 快速简便设置

立即开始使用 StoreHub，让您的生意管理更轻松吧！！👇
",-,-
,-,-,"[Miss Lily VP 3: Increase sales by 40% from returning customers with Engage]

Caption 1:
🤫 Korang nak tahu rahsia naikkan sales Butik korang sebanyak 40% 💰? Gunakan StoreHub Engage 📲 untuk tingkatkan jualan dengan promosi melalui SMS automatik kepada pelanggan dari sistem POS StoreHub dan sales terus 

Kelebihan POS StoreHub + Engage:
💬 Hantar Promo dengan SMS automatik 
😃 Mudah dan pantas digunakan
📈 Laporan jualan dan stok terkini
🌐 Integrasi dengan Shopee, Lazada, Tiktok dan banyak lagi
💌 Program kesetiaan pelanggan & CRM yang efektif
📜 Patuh e-invoicing
⏰ Sokongan 7 hari seminggu – tak perlu risau bila ada masalah
🆓 DEMO percuma + Diskaun 55%* untuk POS StoreHub
Dan lebih 30+ ciri-ciri lagi semuanya dalam satu sistem POS. 

Jom upgrade bisnes korang, tempah demo PERCUMA sekarang! 👇


*Tertakluk kepada terma dan syarat. 

Caption 2:
😵‍💫 Pening kepala nak naikkan jualan kedai butik atau retail anda? Jangan risau, banyak bisness dah berjaya naikkan jualan sehingga 40% 💰 dengan POS StoreHub melalui ciri-ciri Engage 📲! Korang boleh hantar SMS promosi kepada pelanggan secara automatik dan tengok jualan naik mendadak! 💸

Kelebihan POS StoreHub + Engage:
💬 Hantar Promo dengan SMS automatik 
😃 Mudah dan pantas digunakan
📈 Laporan jualan dan stok terkini
🌐 Integrasi dengan Shopee, Lazada, Tiktok dan banyak lagi
💌 Program kesetiaan pelanggan & CRM yang efektif
📜 Patuh e-invoicing
⏰ Sokongan 7 hari seminggu – tak perlu risau bila ada masalah
🆓 DEMO percuma + Diskaun 55%* untuk POS StoreHub
Dan lebih 30+ ciri-ciri lagi semuanya dalam satu sistem POS. 

Jom upgrade bisnes korang, tempah demo PERCUMA sekarang! 👇


*Tertakluk kepada terma dan syarat. 

Caption 3:
📣 Hi owner Kedai Butik dan Kedai Retail! Dah gunakan sistem auto SMS untuk naikan sale korang? Sekarang lagi mudah nak panggil customer kembali ke kedai dan tingkatkan sale dengan StoreHub Engage! Hanya dengan satu sistem POS, korang boleh buat program loyalty untuk customer, semak laporan sale, uruskan stock dan lebih 30 ciri-ciri lagi untuk majukan bisness anda.

Hanya untuk waktu terhad, nikmati diskaun sehingga 55%* untuk POS StoreHub. 

Tunggu apa lagi? Daftar sekarang untuk mencuba DEMO percuma POS StoreHub.

*Tertakluk kepada terma dan syarat. 
Headline 1: Tingkatkan Pelanggan Setia dengan StoreHub Engage! 📈
Headline 2: Lebih Dari Sekadar POS Sistem 💡
Headline 3: Hantar SMS Blast dan Naikkan Sale! ","MLS_VP3_v3_20240710.mp4

S2 S3"
,-,-,"[Miss Lily VP 4: Easy to use, trustworthy POS system with excelent support]

Caption 1:
😫 Penat dengan sistem POS lama yang selalu crash dan susah nak dapat perkhidmatan pelanggan? Owner-owner bisnes mesti faham perasaan tu! Tapi semuanya jadi mudah dan senang dengan sistem POS StoreHub. Lebih 15,000 bisnes happy menggunakan POS StoreHub, Korang bila lagi?

Kelebihan StoreHub:
✨ Sistem yang mudah guna – tak perlu pening kepala
📦 Pengurusan inventori yang effortless
📊 Laporan jualan yang terperinci – semua dalam satu tempat
🌐 Integrasi marketplace yang lancar
💌 Program kesetiaan pelanggan & CRM yang efektif
📸 Clock-in muka yang selamat
📜 Patuh e-invoicing
⏰ Sokongan 7 hari seminggu – tak perlu risau bila ada masalah

Shhh... Ada diskaun 55%* untuk perkakasan POS tapi terhad! Jangan tunggu lagi, tempah demo PERCUMA sekarang dan lihat sendiri betapa mudahnya StoreHub POS! 👇

*Tertakluk kepada terma dan syarat.

Caption 2:
📣 Owner-owner Kedai Butik dan Retail 📣 , Nak tahu rahsia kenapa lebih 15,000 bisnes suka POS StoreHub? 

Kelebihan StoreHub:
✨ Sistem yang senang guna – tak perlu pening
📦 Pengurusan inventori yang senang
📊 Laporan jualan yang detail
🌐 Integrasi dengan marketplace yang smooth
💌 Program kesetiaan pelanggan & CRM yang hebat
💬 Hantar Promo dengan SMS automatik
📸 Clock-in muka yang selamat
📜 Patuh e-invoicing
⏰ Sokongan 7 hari seminggu – tak perlu risau bila ada masalah

Shhh... Ada diskaun 55%* untuk perkakasan POS tapi terhad! Jangan tunggu lagi, tempah demo PERCUMA sekarang dan lihat sendiri betapa mudahnya StoreHub POS! 👇

*Tertakluk kepada terma dan syarat.

Caption 3: 
😟 Alamak, POS sistem rosak lagi? Resit tak boleh print? Susah nak dapat bantuan perkhidmtan pelanggan dari sistem POS anda? Mesti korang faham masalah ni sebagai owner kedai butik dan retail, betul tak? 

Sejak guna POS StoreHub, semua jadi mudah. Lebih 15,000 bisnes dah guna StoreHub, lebih mudah nak cari solusi, apa lagi bila perkhidmatan pelanggan ready membantu 7 hari seminggu 💪 !

Shhh... Ada diskaun 55%* untuk perkakasan POS tapi terhad! Jangan tunggu lagi, tempah demo PERCUMA sekarang dan lihat sendiri betapa mudahnya StoreHub POS! 👇

*Tertakluk kepada terma dan syarat.

 
Headline 1: POS StoreHub: Solusi Mudah 15,000+ Bisnes! 
Headline 2: Lebih Dari Sekadar POS Sistem 💡
Headline 3: Upgrade ke StoreHub POS 🚀








","Miss Lilly VP4

"
,-,"[Qunkee VP2 - Inventory Management & Sales Reports]
Caption 1:
📦 厌倦了手动记录库存？让StoreHub的库存管理系统来解放您的双手！🌟
📱手机上追踪库存和销售额 
🚀智能识别热销产品 
💡系统化库存管理 
🕒节省时间，减少错误 
🌍支持同步管理多家分店
用StoreHub来您的生意更上一层楼吧！💪
Caption 2: 
🌟 告别繁琐的手动库存记录！StoreHub的库存管理系统让追踪库存和收入全自动化。📈
📱手机访问库存和销售数据 
🔥轻松识别热销产品 
🗂高效系统化的库存管理 
⏱ 节省宝贵时间 
🌐轻松管理多家分店
立即体验StoreHub的智能管理系统！🚀
Caption 3: 
🚀 用StoreHub简化你的库存管理！再也不需要手动记录库存——只需一个高效系统就能搞定！📦
📱 随时随地管理库存和销售额 
🌟 轻松识别热销产品 
💡 精简的库存管理 
🕒 节省时间，减少人工操作 
🌍 统一多家分店
今天就用StoreHub升级你的生意吧！💪
",-,VP-Video 2 
,"[Features Call Out]
Caption 1
Boost F&B & Retail with StoreHub! 📈

QR Ordering speeds up service for F&B, while Marketplace Integration syncs your retail stores seamlessly. Plus, enjoy e-invoicing readiness and face capture clock-ins. Transform your operations today. Get started now!

Caption 2
Revolutionise Your F&B & Retail Business! 🚀

Accelerate service with QR Ordering for restaurants and manage inventory effortlessly with Marketplace Integration for retail. Simplify processes with e-invoicing and face capture clock-ins. Upgrade now and watch your business thrive!

Caption 3
Elevate Your F&B & Retail Operations! 🌟

Enhance service speed in F&B with QR Ordering and sync your retail stores with Marketplace Integration. Streamline with e-invoicing and face capture clock-ins. Start transforming your business with StoreHub today!",-,-,-
,"[Build Your Restaurant With Just 1 Tool]

Caption 1:
Transform Your Restaurant Operations! Maximise efficiency and save big with our all-in-one POS solution.

🍔 QR Ordering: Speed up service and reduce wait times.
📦 Inventory Management: Keep track of stock seamlessly.
📊 Detailed Reports: Make informed decisions with real-time data.
💳 Multiple Payment Options: Accept payments effortlessly.
🛵 Food Delivery Integration: Streamline your delivery operations.
👨‍🍳 Employee Management: Simplify staff scheduling and attendance.

Get started today and save up to RM XXXX. Plus claim a up to 55% discount on your hardware.

Caption 2:
Elevate Your Restaurant Experience! Achieve peak efficiency and elevate customer satisfaction with our powerful POS system.

🍔 QR Code Ordering: Enhance customer convenience and speed.
📦 Smart Inventory Management: Prevent stockouts and overstocking.
📊 Comprehensive Reports: Gain insights for better decision-making.
💳 Versatile Payment Options: Accept payments smoothly.
🛵 Integrated Delivery Logistics: Optimise your delivery process.
👨‍🍳 Advanced Employee Management: Simplify scheduling and performance tracking.

Start now and save up to RM XXXX! Upgrade your restaurant operations effortlessly!

Caption 2:
Revolutionise Your Restaurant!  
Streamline every aspect of your business and enjoy significant savings with our all-in-one POS system.

🍔 Quick QR Ordering: Boost table turnover and customer satisfaction.
📦 Efficient Inventory Control: Track stock levels in real-time.
📊 Instant Sales Reports: Access crucial data for smarter decisions.
💳 Multiple Payment Methods: Offer your customers flexibility.
🛵 Seamless Food Delivery Integration: Enhance your delivery efficiency.
👨‍🍳 Effective Employee Management: Automate attendance and payroll.

Sign up today and save up to RM XXXX! Don’t wait—enhance your restaurant’s performance now!",-,-,-
,"[E-Invoicing] - How SH Helps

Caption 1:
🚀 Say hello to hassle-free e-invoicing! StoreHub is now e-invoicing ready, ensuring compliance with Malaysian regulations. 

✅ Seamlessly validate and issue e-invoices for sales, refunds, and cancellations via MyInvois API
🌟 Real-time processing means faster cash flow and smoother operations
📈 Cut costs, reduce manual tasks, and boost your efficiency today

Ready to make the switch? Book a free demo and simplify your invoicing process now!

Caption 2:
📊 Simplify your invoicing with StoreHub! Our e-invoicing is now compliant with Malaysian regulations, making your transition smooth and hassle-free. 

🌐 Easy to use and designed for all team members, even non-tech-savvy ones. 
📈 Real-time insights and data analysis help you make informed decisions swiftly and effectively. 
🚀 Enhance your business operations and boost efficiency. 

Don’t wait—book a free demo today and see the difference!

Caption 3:
💡 Boost your business efficiency with StoreHub’s new e-invoicing feature! Instantly process invoices, reduce manual tasks, and enjoy comprehensive reporting. 

📊 Gain powerful insights with our real-time data analysis tools. 
📈 Compliance with Malaysian regulations ensures smooth operations and peace of mind. 
🏆 Save time, cut costs, and improve your cash flow. 

Transition seamlessly and experience automation benefits. Book your free demo now and take the first step towards smarter invoicing!",-,-,-
,"[E-invoicing] - How it helps you drive growth

Caption1 :
Transform your business with StoreHub’s e-invoicing! Ready to make you 100% compliant with Malaysian regulations.

💼 Automate routine tasks, reduce errors and free up your team to focus on growth-related activities. 
🤑 Enjoy faster invoice processing, improved cash flow, and happier customers. 
🌟 With real-time updates, operational efficiency has never been easier. 

Ready to boost your business & get e-invoicing ready? Book a free demo today!

Caption 2:
🚀 Scale your business effortlessly with StoreHub’s e-invoicing!  Ready to make you 100% compliant with Malaysian regulations.

↗️ Minimise errors, enhance customer satisfaction, and handle increased volumes seamlessly. 
💼 Our system automates routine tasks, freeing up time for more important activities like enhancing customer experience and driving business growth. 
📈 Enjoy the peace of mind that comes with accurate and compliant invoicing. 

Discover the difference with a free demo!

Caption 3:
Elevate your business operations with StoreHub’s e-invoicing! Ready to make you 100% compliant with Malaysian regulations.

💼 Reduce manual tasks, minimise errors, and improve relationships with suppliers and customers through faster processing. 
🌟 Our system scales with your business, handling increased volumes without adding extra overheads. 
📈 Focus on what truly matters – growing your business. 

Ready for a transformation? Book a free demo now and see the benefits firsthand!",-,-,-
,-,-,"[Miss Lily: Cashback]

Caption 1:

Caption 2:

Caption 3:",MLS_VP5_v2_20240717.mp4
,"[Problem vs Solution]

Caption 1:
Retail store owners, struggling with inventory inaccuracies, staff management woes, and financial headaches?

Introducing StoreHub’s 30-in-1 solution!

📦 Inventory Management
📊 Sales Reporting & Tracking
🌐 Marketplace Integration
🎁 Loyalty Program & CRM
🏢 Multi-Location Management
🧾 E-invoicing
📸 Face Capture Clock-In

Say goodbye to retail problems and hello to streamlined operations. Transform your store today with StoreHub!

Caption 2:
Retail store owners, tired of dealing with bad customer support, inventory issues, and complex financial management?

With StoreHub’s 30-in-1 platform, you can simplify everything!

📦 Manage inventory effortlessly
📊 Get real-time sales reports
🌐 Seamlessly integrate marketplaces
🎁 Boost loyalty with our CRM
🏢 Control multiple locations
🧾 Effortless e-invoicing
📸 Streamlined staff check-ins

Experience the ease of StoreHub. Upgrade your retail operations today!

Caption 3:
Retail owners, facing challenges with inventory accuracy, financial management, and staff coordination?

StoreHub is here to help! 🛍️

📦 Accurate Inventory Management
📊 Detailed Sales Reporting
🌐 Marketplace Integration
🎁 Enhanced Loyalty Programs
🏢 Multi-Location Control
🧾 Efficient E-Invoicing
📸 Face Capture Clock-Ins

Solve your retail problems with StoreHub’s 30-in-1 solution. Get started today and see the difference!",-,-,Problem vs Solution
,"[Unlock The Secret]

Caption 1:
Are you a restaurant owner looking to solve operational inefficiencies and improve customer experience? StoreHub POS is here to help you transform Your Restaurant Operations!

With StoreHub you can;
✅ Improve in-store operations
📊 Track sales reports (real-time)
🤝 Create customer loyalty programs
📲 Launch automated SMS marketing

Discover how StoreHub can revolutionise your restaurant! Start today!

Caption 2:
Struggling with operational challenges and customer satisfaction? StoreHub POS offers the solutions you need to elevate Your Restaurant Business!

With StoreHub you can;
✅ Improve in-store operations
📊 Track sales reports (real-time)
🤝 Create customer loyalty programs
📲 Launch automated SMS marketing

Ready to take your restaurant to the next level? Get started with StoreHub now!

Caption 3:

Unlock new levels of efficiency and satisfaction with StoreHubs all-in-one POS. 

With StoreHub you can;
✅ Improve in-store operations
📊 Track sales reports (real-time)
🤝 Create customer loyalty programs
📲 Launch automated SMS marketing

Experience the StoreHub difference. Start improving your restaurant today!",-,-,Unlock The Secret
,"[Merdeka Day Promo]
Caption 1:
🎉 Celebrate Merdeka with Massive Savings For Your Restaurant! 🇲🇾

Unlock up to 55% OFF on StoreHub hardware and elevate your F&B business.
----> Upgrade & Get 4 Months Free POS Software and elevate your F&B business.
----> Upgrade & Save Up to RM2,490 on your POS Hardware & Software

💻 Streamline operations with our POS system
📊 Boost efficiency with real-time reporting
🚀 Enhance customer experience with QR Order & Pay

Don’t miss out! Upgrade your business with StoreHub today! 🌟

Caption 2:
🚀 Merdeka Day Sale: Up to 55% OFF! 🇲🇾
----> 🚀 Merdeka Day Sale: Get 4 Months Free POS Software! 🇲🇾
----> 🚀 Merdeka Day Sale:Save Up to RM2,490 on your POS Hardware & Software 🇲🇾

Transform your business with StoreHub's powerful hardware at unbeatable prices.

🛠️ Simplify inventory management
📈 Improve sales tracking
💼 Manage multiple locations effortlessly

Claim your discount and level up with StoreHub now! 💪

Caption 3:
🎈 Merdeka Day Madness: 55% OFF Hardware! 🇲🇾
----> 🎈 Merdeka Day Madness: Get 4 Months Free POS Software! 🇲🇾
----> 🎈 Merdeka Day Madness:  Save Up to RM2,490 on your POS Hardware & Software 🇲🇾
Upgrade your business with StoreHub’s POS system and enjoy massive savings!

📱 Seamless marketplace integration
💰 Automated e-invoicing
📅 Efficient staff management with face capture

Get started with StoreHub and see the difference! ✨

",-,"[Merdeka Day Promo]
Caption 1:

🚀 Bila kali terakhir korang upgrade sistem POS bisnes korang? 2 tahun? 5 thaun? Upgrade ke sistem POS yang dipercayai lebih 15,000+ bisnes dengan promo eksklusif bulan Merdeka ni! 🇲🇾

Upgrade sekarang dan nikmati:
---->  4 Bulan Percuma POS Sistem*
----> Jimat hingga RM2,490 untuk perkakasan POS*

Kenapa upgrade ke POS StoreHub?
💻 Memudahkan pengurusan operasi bisnes di mana sahaja  
📊 Akses laporan sale dan inventori terkini pada bila-bila masa
🚀 Tingkatkan sale dan customer setia dengan QR Order dan sistem reward

Tunggu apa lagi? Upgrade bisnes dengan StoreHub sekarang! 🌟

Daftar untuk demo percuma!

Caption 2:

🤔 Bayangkan kalau korang boleh jimatkan 40% masa untuk mengurus bisnes korang setiap hari, nak tak? Upgrade ke sistem POS Storehub untuk operasi bisnes yang efisyen. Pssst.... Jangan lepaskan Promo Merdeka 🇲🇾 untuk diskaun sehingga 55% atau jimat RM2490 🚀.

Kenapa upgrade ke POS StoreHub?
🛠️ Setel masalah stok/inventori yang tak serasi
📈 Tingkatkan sales dengan sistem rewards untuk customer
💼 Tiada lagi masalah kehadiran dna operasi pekerja

Transform bisnes anda dengan sistem POS StoreHub. Daftar sekarang untuk DEMO percuma!

Caption 3:

🥱 Bosan dengan sistem cashier lama yang lembab, besar dan bermasalah? Sekaranglah masa terbaik untuk upgrade dengan diskaun sehingga 55% atau jimat sebanyak RM2490 untuk Promo Merdeka 2024! 🇲🇾

----> 🎈Promo 1: Dapat 4 Bulan Percuma POS Software! 🇲🇾  
----> 🎈promo 2: Day Madness: Jimat Hingga RM2,490 untuk Hardware & Software POS anda 🇲🇾

Dah ready nak ubah operasi bisnes korang dengan sistem POS StoreHub? 

Nikmati:
📱 Uruskan operasi dan akses prestasi bisness anda di mana sahaja
💰 Takpayah pening kepala nak buat E-Invois
📈 Tingkatkan sales dengan sistem rewards untuk customer

Daftar sekarang unutk demo PERCUMA POS StoreHub! ✨","https://www.canva.com/design/DAGMf_lS1zU/b-M6AAJlU6SHFimfvQv97Q/edit

Merdeka Promo"
,-,"[Qunkee VP 4]
Caption 1:
🌟 需要POS系统的安心保障吗？StoreHub 的客服团队随时准备为您提供帮助。

从开店设置到故障排除，我们的专业团队提供详细有效的指导和解决方案，确保您的业务顺利运行。

🛎️ 专属顾问支持
🔧 快速解决问题
🤝 针对性协助

体验StoreHub的优质服务。今天就开始体验吧！👇

Caption 2:
📞 遇到POS问题？StoreHub的客服团队随时为您解决！通过耐心的讲解 & 有效的解决方案，确保您的业务正常运转。相信我们的专家能帮助您处理一切问题，让您专注于业务增长，再无后顾之忧。
🔍 24/7全天候支持 
🎯 定制化解决方案 
🌐 无缝整合系统
体验StoreHub的专业服务。现在就预约免费DEMO吧！👇
Caption 3:
💬 担心售后服务？有了StoreHub，您会感受到贴心的客服支持。我们的团队随时待命，为您解决问题，确保您的业务顺利运营。

🔔 贴心服务支持
🔍 专业顾问指导
🌟 优质售后服务

让StoreHub为您提供更好的服务，立即开始吧！👇
",-,VP-Video 4
,"[Merchants Lane VP 1]
Caption 1:
🚫 Tired of outdated POS systems? Upgrade to StoreHub and transform your F&B business!

🔄 Seamless QR Order & Pay
💸 Auto cashback for easy customer retention
📜 Integrated e-invoicing for effortless compliance
💪 Reliable and stable performance

Switch to StoreHub today and see the difference! 👇

Caption 2:
🚀 Don’t let an outdated POS slow you down!

✨ Upgrade to StoreHub and enjoy:
🍽️ Quick & easy QR Order & Pay
🎯 Auto cashback to keep customers coming back
📊 Integrated e-invoicing for smooth operations
⚙️ Trusted by thousands of F&B merchants

Join the StoreHub family today and experience reliable, hassle-free service! 👇

Caption 3:
💥 Ready for a POS that grows with your business?

✅ StoreHub offers:
🔹 Reliable QR Order & Pay
🔹 Effortless customer retention with auto cashback
🔹 Integrated e-invoicing for compliance made easy
🔹 Stability you can count on—no more headaches!

Say goodbye to outdated systems and hello to StoreHub. Let’s get started! 👇",-,-,VP1_MY_ML_20240805_v2.mp4
,"[Merchants Lane VP 2]

 Caption 1:
🍽️ F&B Owners, tired of POS headaches? Upgrade to StoreHub’s all-in-one system! 

🌟 Why Choose StoreHub:
✅ QR Order & Pay for easy ordering
💸 Auto cashback to attract and retain customers
🔧 Reliable and stable performance

Ready for a POS upgrade? Book a FREE demo today! 👇

Caption 2:

🚀 F&B Merchants, simplify your operations with StoreHub!

🔥 Top Features for Your Business:
🔹 QR Order & Pay for quick, easy orders
💰 Auto cashback to keep customers coming back
🔧 Stable and reliable system

Transform your F&B business. Get your FREE demo now! 👇

Caption 3:

📢 Attention F&B Owners: Say goodbye to POS frustrations!

🌟 StoreHub Benefits:
✅ Effortless QR Order & Pay
💸 Auto cashback to attract new customers
🔧 Unmatched reliability and stability

Upgrade to StoreHub today. Book a FREE demo! 👇",-,-,VP2_MY_ML_20240807_v2.mp4
,"[Updated Unboxings]

Caption 1: 
🚀 Boost Your F&B Efficiency with StoreHub’s All-in-One POS!

🍽️ Struggling with the lunch rush? Streamline orders with our lightning-fast QR Ordering.
🖨️ Tired of printing issues? Enjoy reliable order printing that never skips a beat.
👨‍🍳 Hard to manage staff during peak hours? Simplify with face capture clock-ins and easy scheduling.

Don’t let your POS hold you back! Switch to StoreHub and take control of your operations today. 👇

Caption 2:
📊 Ready to Upgrade Your POS? StoreHub Has You Covered!

🛠️ Frustrated with poor system performance? Our reliable hardware ensures smooth, uninterrupted service.
🔄 Inventory management a headache? Track stock in real-time and avoid those costly mistakes.
💼 Lack of a marketing team? Automate loyalty programs and CRM to keep customers coming back.

Transform your F&B business with StoreHub’s powerful POS! Get started with a free demo today. 👇


Caption 3:
🖥️ Simplify Your F&B Operations with StoreHub POS Hardware!

⚙️ Printing issues slowing you down? Get seamless, reliable order printing.
📊 Trouble managing multiple orders? Use our table ordering and QR system to stay organised.
💳 Need help with invoicing? Integrated e-invoicing keeps you compliant and efficient.

Don’t settle for less. Upgrade to StoreHub and watch your business thrive! 👇",-,-,Unboxing Android D3 Pro
,"[System Stability]

Caption 1:
Is Your POS Crashing When You Need It Most?

Don’t let tech troubles ruin your peak hours. StoreHub’s reliable POS keeps your business running smoothly—even when the pressure is on.

Discover how StoreHub can keep your operations steady. 💼


Caption 2:
Tired of Losing Sales Due to POS Crashes?
Peak hours should mean peak profits—not downtime. Switch to StoreHub and ensure your POS is as strong as your business.

Find out why StoreHub is the top choice for thriving merchants. 📈


Caption 3:
Running a Busy Business? Don’t Let Your POS Slow You Down.

Crashes during rush hours can cost you more than just time. StoreHub’s stable POS ensures smooth operations, no matter how busy you get.

Learn how StoreHub can keep your business running at full speed. 🏃‍♂️","Caption 1:
您的POS系统总是在关键时刻卡机吗？ 

别让这些技术问题影响您的高峰时段！StoreHub POS 超稳定系统，不管订单再多都能保持顺畅运营。


了解StoreHub如何帮助您保持运营稳定吧！💼


Caption 2:
POS卡机搞得您没了订单？ 

高峰期应该是最赚钱的时候，别让停机毁了它！用StoreHub，确保POS系统像您的生意一样强大。

 快来看看为什么StoreHub是成功商家的首选吧！📈


Caption 3:
生意忙不停？别让POS系统拖慢节奏！
高峰期的系统崩溃不仅会浪费时间，还会带来更多损失。StoreHub稳定的POS系统确保无论多忙，您的运营都能顺利进行。
了解StoreHub如何助力您的业务高效运转。🏃‍♂️
","Caption 1:
 POS Rosak Masa Ramai Customer?

Jangan biarkan POS korang buat kerja jadi susah. Dengan POS StoreHub, bisnes korang confirm lancar walaupun masa sibuk.

Nak tahu macam mana StoreHub boleh bantu bisnes korang? 💼 Daftar untu DEMO PERCUMA.

Caption 2: 
Stress Sales Kurang Bila POS Buat Hal?

Waktu ramai customer sepatutnya bawa keuntungan, bukannya masalah. Tukar ke StoreHub, pastikan POS anda sentiasa lancar macam bisnes anda.

Kenapa lebih 17,000 bisnes pilih StoreHub? Jom ketahui lebih lanjut. 📈

Caption 3: 
Bisnes Sibuk Ramai Customer? Jangan Sebab Sistem POS Lembab Customer Lari.

POS rosak masa ramai customer bukan buang masa je tapi sale pun kurang. StoreHub pastikan semuanya berjalan lancar tanpa gangguan.

Ketahui macam mana StoreHub boleh buat operasi bisnes anda sentiasa lancar. 🏃‍♂️",System Stability
,"[Printer Issues]

Caption 1:
Frustrated with Printer Errors? 🍽️

Missed or incorrect orders causing chaos in your kitchen?
Imagine a service where every order prints perfectly, every time.
StoreHub’s reliable POS system ensures accuracy—no more headaches, just happy customers.
Hundreds of F&B businesses have already switched to StoreHub for a smoother operation.

Caption 2:
Is Your Printer Costing You Customers? 🧾

Unreliable printers leading to order mix-ups and customer complaints?
What if every order was printed flawlessly, ensuring a smooth service every time?
With StoreHub, your kitchen stays efficient, and your customers stay satisfied.
See why so many F&B merchants are moving to StoreHub for reliable, worry-free service.

Caption 3:
Order Errors Slowing You Down? 🥡

Tired of wasting time on reprints and fixing order mistakes?
What if your printer worked perfectly, even during the busiest hours?
StoreHub’s POS system eliminates errors, ensuring your kitchen runs smoothly.
Join the wave of F&B owners who’ve switched to StoreHub for error-free printing.","Caption 1:

餐厅打印机时不时出问题？🍽️  


订单出错或漏单让厨房手忙脚乱？

想象一下，每当顾客下好单后，所有订单都自动发送到厨房。

StoreHub的超稳定POS系统，确保每张订单都无误打印，再也不用头痛，让顾客快速享受美食。

已经有上百家餐厅换用了StoreHub，轻松提升运营效率。



Caption 2:
您的打印机在帮您赶走顾客吗？🧾  


打印机不靠谱，弄得订单出错，顾客抱怨出餐速度？

如果每张订单都能完美打印，服务又快又准，问题不就解决了？

用了StoreHub，厨房运作更顺畅，顾客也更加满意。

看看为什么这么多餐饮业商家都转用StoreHub，享受无忧的服务体验。


Caption 3:
订单出错给顾客投诉让你 Beh Tahan？🥡🤯  


重复打印，改错单耽误了不少时间？

如果你的打印机在忙碌时也能稳稳的，不再出错，会不会好很多？

StoreHub的POS系统让你不再担心订单错误，厨房与前台运作流畅无阻。

来看看为什么这么多餐饮老板都转用StoreHub，快来享受零错误打印的服务吧。

","[Printer Issues]

Caption 1:
Order Selalu Hilang Sebab Printer Rosak? 🖨️🔥 

Tak penat ke nak deal dengan printer resit yang tak boleh diharap? Bayangkan kalau setiap order keluar dengan tepat, takde lagi salah buat order kat dapur. Dengan StoreHub POS, semua order print tepat— operasi didapur smooth, customer pun happy!

Ramai bisnes F&B dah guna StoreHub untuk selesaikan masalah ni. Korang bila lagi?
Daftar untuk demo PERCUMA sekarang!

Caption 2: 
Sibuk Time Lunch, Printer Buat Hal Lagi? 🥡

Bayangkan tengah peak hour, order tak sampai sebab printer rosak—leceh kan? Dengan StoreHub, takde lagi masalah printer! Setiap order print tepat, tak kisah kedai korang sibuk macam mana pun.

Tak percaya? Tengok kenapa ramai bisnes F&B guna StoreHub untuk print yang lancar setiap masa.

Caption 3: 
Order Lambat Sebab Printer?🖨️

Bazir masa nak betulkan balik order dan printer? Bayangkan printer korang perfect walaupun waktu sibuk gila!
Dengan StoreHub, tiada lagi order salah dan masalah printer, confirm dapur korang terus jalan smooth. 🤩

Tak percaya? Ramai bisnes F&B dah guna StoreHub untuk selesaikan masalah ni. Korang bila lagi?
Daftar untuk demo PERCUMA sekarang!",Printer Issues
,"[Peak Hour Crashes - FnB]

Caption 1:
 Tired of POS Crashes During the Lunch Rush? 🍽️

 When your POS crashes during peak hours, it’s not just stressful—it’s costly.
 Imagine never having to worry about system failures during your busiest times.
 StoreHub keeps your operations smooth, even when the kitchen is at its busiest.
 Hundreds of F&B businesses have switched to StoreHub for seamless service during peak hours.

Caption 2:
 No More Peak Hour Disasters with StoreHub 🧾

 Crashes during busy hours can ruin your customer experience and your reputation.
 What if your POS system was as reliable as your most trusted staff member?
 With StoreHub, you get a reliable POS that keeps your business running smoothly, even during peak times.
 Join the growing number of F&B owners who’ve made the switch for better reliability.

Caption 3:
 Keep the Orders Flowing—Even During the Dinner Rush 🍔

 A POS crash can throw your whole evening into chaos, with unhappy customers and lost sales.
 What if your busiest nights ran without a hitch?
 StoreHub ensures your POS stays up, so you can focus on delivering great service.
 F&B businesses trust StoreHub for uninterrupted service, even when the pressure is on.",-,"Peak Hour Crashes - FnB]

Caption 1:
POS korang crash masa customer ramai? 🍽️

Bila POS crash masa tengah ramai customer, bukan je stress tapi memang rugi habis! 😤 Bayangkan POS korang smooth je bila customer tengah ramai kan best? 

Dengan StoreHub, operasi kedai korang akan smooth je, tak kesah busy macam mana pun! Beratus restoran dan cafe dah switch ke StoreHub untuk service yang lancar 🚀, korang bila lagi?

Caption 2:
POS korang tak boleh handle banyak customer? 🧾
POS crash, slow atau lagging bila ramai customer memang boleh spoil bisnes korang.😣 Dengan StoreHub, POS korang sentiasa steady, walaupun masa paling sibuk. Ramai owner F&B dah pilih StoreHub sebab nak operasi yang lebih smooth dan reliable korang bila lagi?

Nak tahu lebih lanjut?? Daftar untuk demo PERCUMA!

Caption 3:
Order Jalan Lancar walaupun ramai customer dengan StoreHub 💯.
POS crash time sibuk boleh buat huru-hara satu kedai, customer tak puas hati, sales pun terlepas 😩. StoreHub pastikan POS operasi restoran korang sentiasa smooth. Lebih 1500 restoran dan cafe percayakan StoreHub untuk operasi kedai smooth tak kesah cusotmer ramai atau tidak.",Peak Hours Crash
,"[Peak Hour Crashes - Retail]
Caption 1:
 POS Crashing During Sales? Not with StoreHub 🛍️

 A POS crash during peak shopping hours can mean lost sales and frustrated customers.
 Imagine a system that stays up and running, no matter how busy your store gets.
 StoreHub’s reliable POS ensures your sales go smoothly, even during the biggest rushes.
 See why retail stores are switching to StoreHub for crash-free sales experiences.

Caption 2:
 No More POS Crashes, No More Lost Sales 💳

 Every crash during peak hours means lost revenue and unhappy customers.
 What if you could keep every sale, even when your store is packed?
 StoreHub’s robust POS keeps your store running smoothly, so you never miss a sale.
 Retailers are moving to StoreHub for reliable, crash-free operations—especially during peak times.

Caption 3:
 Stay Open for Business—Even During Peak Hours 🛒

 POS crashes can shut down your store at the worst times.
 What if your system was as reliable as your best employee?
 StoreHub’s POS keeps your store open and running, no matter how busy it gets.
 Retailers across the country trust StoreHub to keep their doors open, even during the busiest days.
",-,"[Peak Hour Crashes - Retail]
Caption 1:
POS sangkut time customer nak bayar? Dengan StoreHub, confirm tak! 🛍️

Bila POS crash time customer tengah ramai, sales confirm hilang, customer pun marah. 😡 Bayangkan kalau sistem korang takkan crash, walaupun kedai tengah full house dengan StoreHub POS. Banyak kedai butik dan kedai runcit dah switch ke StoreHub untuk pastikan sales tak sangkut dan customer happy! 

Caption 2:
POS korang tak boleh handle banyak customer? 🧾
POS crash, slow atau lagging bila ramai customer memang boleh spoil bisnes korang.😣 Dengan StoreHub, POS korang sentiasa steady, walaupun masa paling sibuk. Ramai owner kedai retail dah pilih StoreHub sebab nak operasi yang lebih smooth dan reliable korang bila lagi?

Nak tahu lebih lanjut?? Daftar untuk demo PERCUMA!

Caption 3:
Order Jalan Lancar walaupun ramai customer dengan StoreHub 💯.
POS crash time sibuk boleh buat huru-hara satu kedai, customer tak puas hati, sales pun terlepas 😩. StoreHub pastikan POS operasi restoran korang sentiasa smooth. Lebih 1500 kedai butik dan kedai runcit percayakan StoreHub untuk operasi kedai smooth tak kesah cusotmer ramai atau tidak.
",Peak Hours Crash
,"[Preemptively Fix]

Caption 1:
Is your POS slowing you down? 🛑 Say goodbye to system crashes and bugs with StoreHub! 🚀 We fix issues before they even happen, keeping your business running smoothly.

✨ Avoid downtime.
✨ Enjoy peace of mind.
✨ Focus on growth.

Let StoreHub keep your operations seamless! 💼

Caption 2:
Tired of unexpected POS breakdowns? 😩 Switch to StoreHub, where we spot problems before they start! 💪 Keep your restaurant or retail store running like clockwork.

⚡ No more crashes.
⚡ No more worries.
⚡ Just smooth sailing.

Get started with StoreHub today and experience the difference! 🛒

Caption 3:
Don’t let POS issues disrupt your business! ❌ With StoreHub, potential problems are fixed before they become a headache. 🧠 Keep your focus on what matters—growing your business.

🌟 Smooth operations.
🌟 No downtime.
🌟 Total peace of mind.

Upgrade to StoreHub now and keep things running smoothly! 🍽️🛍️",-,"[Preemptively Fix]

Caption 1:
POS korang slow sangat? 🛑 Dengan StoreHub, takde lagi masalah sistem crash atau slow! 🚀 Kami selesaikan masalah sebelum terjadi. Bisnes confirm jalan smooth je.

✨ Takde downtime.
✨ Takde pening kepala.
✨ Fokus je pada sales bisnes.

Biar StoreHub jaga urusan korang! 💼

Caption 2:
Stress POS asyik tiba-tiba rosak? 😩 Tukar ke StoreHub! Kami kesan & fix masalah sebelum terjadi 💪 Bisnes restoran atau kedai korang mesti berjalan lancar.

⚡ Takde lagi crash.
⚡ Takde lagi risau.
⚡ Hanya operasi smooth je.

Try StoreHub sekarang & nikmati bezanya! 🛒

Caption 3:
Jangan sebab masalah POS hancur bisnes korang! ❌ Dengan StoreHub, semua masalah setel sebelum jadi sakit kepala. 🧠 Fokus je pada apa yang penting—tingkatkan sales bisnes korang.

🌟 Operasi smooth.
🌟 Takde downtime.
🌟 Tenang sentiasa.

Upgrade ke StoreHub sekarang & pastikan bisnes jalan lancar! 🍽️🛍️",Preemptively Fix
,-,-,"[Retail Testimonials]

Bulan Bintang 
Caption 1:
Nak urus stok sambil jalankan bisnes memang susah 😵‍💫 , lagi-lagi bila customer ramai.
Tapi dengan StoreHub POS, semua jadi lebih mudah! ✨

Interface dia simple, nak check sales & stock mana-mana je. Hanya beberapa klik, semua maklumat stok ada depan mata. Korang boleh tengok jualan yang paling top, terus tahu apa nak restock.

Sekarang, Bulan Bintang lagi mudah urus stok sambil fokus pada customer. Korang bila lagi?
Daftar untuk demo PERCUMA sekarang!👇🏻


Caption 2:
😫 Penat nak keep track stok yang cepat habis? Rasa tak sempat nak restock?

StoreHub POS bagi korang kuasa untuk urus stok dengan lebih efektif. Setiap kali ada item hot selling, sistem terus update. Korang boleh tahu item apa yang paling banyak dijual 📈 dengan beberapa klik je! Nak tambah stok? Semua dalam genggaman.

Sekarang Bulan Bintang boleh fokus jual lebih banyak baju tanpa risau stok habis! Dapatkan demo PERCUMA dan majukan bisnes korang macam Bulan Bintang 🚀!


Caption 3:
📣Owner Kedai Butik!📣 Mesti korang susah nak urus bisnes bila tak masuk kedai kan?

Dengan StoreHub POS, urus kedai jadi lebih fleksibel. Tak kisah kat mana korang berada,  Korang boleh check semua data bisnes korang dari laptop 💻 atau mobile fon 📱. Nak tengok stok? Satu klik je dah settle. Semua info terkini sentiasa ada di hujung jari.

Tengoklah Bulan Bintang, diorang tak perlu risau lagi. Bisnes lebih lancar, stok sentiasa teratur!

Dah ready nak buat bisnes korang maju 🚀 macam Bulan Bintang? Daftar untuk demo PERCUMA!


Headline 1: Urus Kedai Dengan POS StoreHub!
Healdine 2: Semau Urusan Kedai Dalam 1 Sistem POS
Headline 3: Sistem POS Retail All-in-one

Miss Lily Shop
Caption 1:
Susah nak tarik customer datang balik ke butik korang? Sales tak naik-naik? 📉

Dengan StoreHub POS, korang boleh guna feature 💰 Cashback dan 💬 SMS Marketing automatik untuk tarik customer balik ke butik. Korang boleh set Cashback untuk setiap transaksi dan boleh blast SMS promo terus ke customer pilihan korang. Confirm customer datang balik 😉.

Sekarang, customer Miss Lily Shop makin ramai, sales pun meningkat. Korang bila lagi? Daftar untuk demo PERCUMA sekarang!


Caption 2:
📣Owner Kedai Butik!📣  Mesti korang terfikir kenapalah customer dah kurang, sales pun tak macam dulu? 🤔

POS StoreHub bagi peluang untuk korang guna 💰 Cashback dan 💬 SMS automatik. Dengan feature ni, customer korang rasa lebih dihargai dan confirm datang balik ke kedai! Set cashback points dan SMS promo secara automatik kepada customer korang. Semua dalam 1 sistem, POS StoreHub.

Daftar untuk demo PERCUMA sekarang! 👇🏻


Caption 3:
💥 Penat nak fikir cara nak buat customer repeat beli?

StoreHub POS ada jawapan dia! 💰 Cashback dan 💬 SMS marketing buat customer datang balik setip bulan. Set Promo SMS dan biar sistem hantar SMS kepada pelanggan yang target. Tak perlu buat manual, semua jalan sendiri automatik. Confirm customer datang!

Sekarang jumlah sales Miss Lily sentiasa meningkat 📈 dengan strategy ni, korang tak nak ke? 
Daftar di bawah untuk demo PERCUMA sekarang!

Headline 1: Strategi Sales 🔥 dengan POS StoreHub
Healdine 2:POS StoreHub: CashBack & Auto SMS!
Headline 3: SMS Marketing Dengan POS StoreHub!

Inhanna
Caption 1:
Susah nak tahu item mana yang cepat habis? Susah nak track semua stok? 😵‍💫 

Dengan StoreHub POS, senang je nak chek stok dan tahu mana item yang paling laku. Semua info ada depan mata, cuma beberapa klik je untuk tengok report sales dan semak stok. Tak perlu risau stok habis lagi!

Daftar dibawah untuk demo PERCUMA dan tiada lagi masalah stok kurang lepas ni!

Caption 2:
Stok tak terurus memang mimpi ngeri! 😱

Tapi dengan StoreHub POS, urusan stok jadi mudah. Interface POS yang simple dan senang, tanpa pening kepala bila korang uruskan stok. Lagi best, korang boleh tengok mana barang yang paling laku, semua dari satu sistem je. 

Dah ready nak buat bisnes korang maju 🚀 macam InHanna? Daftar untuk demo PERCUMA sekarang!

Caption 3:
📊 “Dulu stok selalu tak terurus, sekarang dengan StoreHub POS semua jadi smooth."" 

Owner kedai butik mesti pernah ada masalah kira stok salah, stok barang hot selling tak cukup. Dengan StoreHub POS, korang boleh tengok report dan manage semua stok dengan mudah. Tak perlu risau item habis!

Sekarang, InHanna fokus sales je, biar StoreHub urus stok dan yang lain! Daftar untuk demo PERCUMA sekarang!

Headline 1: Check Stok, Sale Semuanya Dalam 1 Sistem
Healdine 2: Urus Stok Mudah Dengan StoreHub POS!
Headline 3: StoreHub POS Mudahkan Bisnes Korang!",MS Testimonials
,"[Updated E-invoicing]
Caption 1:
Confused by e-invoicing? 🤔 You’re not alone. Businesses everywhere are struggling with paperwork, manual processes, and end-of-month submissions.

But with StoreHub’s built-in e-invoicing: 
📄 E-invoices are automatically sent on time, every time. 
⏳ Customers can scan a QR code and fill in their details themselves—no hassle!

✅ Stay compliant without the stress.

Fill out the form to see how StoreHub makes e-invoicing a breese.

Caption 2:
Feeling overwhelmed by e-invoicing? 😵 You’re not alone! Many businesses are tangled up in confusing paperwork and manual entries.

StoreHub has the solution: 
📧 Automate your e-invoicing process—no more manual submissions. 
⚡ Fast, easy, and accurate—keep your customers happy with instant QR code invoicing.

✅ Compliance made simple.

Learn how StoreHub can simplify your e-invoicing journey. Fill out the form today!

Caption 3:
E-invoicing got you stressed? 😫 You’re not alone. Businesses everywhere are feeling the pressure of new regulations and manual processes.

With StoreHub: 
🖥️ Automatically generate and send e-invoices with sero manual input. 
📲 Let customers handle their own e-invoicing requests with a simple QR code scan.

✅ Compliance? Sorted.

Discover how StoreHub can take the pain out of e-invoicing. Click to learn more!","Caption 1:
电子发票要怎么申请？要怎么设置？哪里提交？🤔。许多企业每个月都在花时间手动处理一大堆文件流程。

让 StoreHub 的内置电子发票功能帮你省时间：
📄 电子发票会自动准时提交给税务局。
⏳ 客户只需扫码填写资料就能获得电子收据——无需烦恼！
✅ 无需为新政策头疼

填写表格，了解StoreHub如何轻松搞定电子发票。
Caption 2:
被电子发票搞得焦头烂额吗？😵 您不是唯一的！许多企业都被繁琐的paperwork和手动上传记录困扰。

StoreHub为您提供解决方案：
📧 自动化电子发票流程——再也不用手动提交了。
⚡ 快速、简单、准确——通过二维码开票给顾客。

✅ 合规做生意就是那么简单。


填写表格，了解StoreHub如何简化您的电子发票流程！


Caption 3: 
电子发票让您压力山大？😫 您不是一个人。许多企业都在为新规定和手动流程感到头疼。
别担心！交给StoreHub解决：
🖥️ 自动生成并发送电子发票，0 手动操作。
📲 让客户通过简单的二维码扫描，自行处理发票请求。
✅ 合规流程？轻松搞定。

点击了解StoreHub如何让电子发票流程变得更简单！


","Caption 1:
Pening dengan e-invois? 🤔 Jangan risau, korang tak keseorangan. Ramai bisnes tengah struggle dengan borang bertimbun, proses manual nak hantar setiap hujung bulan.

Tapi dengan POS StoreHub: 📄 E-invois dihantar automatik, on time setiap kali. ⏳ 

Pelanggan boleh scan QR code dan isi maklumat sendiri—tak payah susah-susah!

✅ Patuh undang-undang tanpa stress.

Daftar untuk demo PERCUMA dan nikmati betapa mudahnya e-invois dengan StoreHub!


Caption 2:
Tak faham cara nak setel e-invois? 😵 Jangan risau, bukan korang je yang tak faham! Banyak bisnes serabut dengan proses manual mengisi borang yang memeningkan.
StoreHub ada solusinya: 
📧 Proses e-invois kedai anda secara automatik! Tak perlu submit manual lagi. 
⚡ Laju, senang, dan tepat! Invois QR code tersedia untuk pelanggan.
✅ Patuh undang-undang dan senang.
Jom cuba demo PERCUMA StoreHub dan nikmati e-invois dengan mudah!


Caption 3:
E-invois buat korang stress? 😫 Jangan risau, ramai bisnes lain pun rasa benda yang sama dengan peraturan baru dengan proses yang snagat manual.

Dengan StoreHub: 
🖥️ E-invois direkod dan dihantar automatik, tak payah buat manual. 
📲 Pelanggan hanya perlu scan QR untuk dapatakn e-invois sendiri.


✅ Patuh undang-undang? Setel.

Daftar sekarang untuk demo PERCUMA
",E-Invoice Creative
,-,"[Qunkee VP5 - Serve Customers Better]
Caption 1:
🌟 使用StoreHub POS系统 加快30%的服务效率。我们的简洁界面让员工轻松管理订单和顾客记录，即使是年长的员工也能快速上手操作。


📱  简化顾客点单/付款的过程
🛒 上传商品图片更方便选择
🔍 容易操作的系统界面

用StoreHub提升您的服务质量。立即探索更多功能！👇

Caption 2: 
⏱️ 使用StoreHub的POS系统简化生意运营，提升效率。员工也能够管理好顾客信息并查看购买记录，针对顾客情况提供更贴心的服务。从简化产品介绍到订单处理，我们的系统让您的服务高效率。
📊 实时顾客分析报告
📸 可制定菜单图片&介绍
🎯 提升员工服务速度&效率
通过StoreHub改变您的客户体验。立即开始优化您的运营！👇
Caption 3:
🚀 利用StoreHub的智能POS功能提升员工效率和客户满意度。随时查看客户积分，方便快速看图下单。如果您也想让生意跑得更顺畅就赶快升级您的系统吧！
📈 实时查看客户数据
🖼️ 产品介绍管理
⚡提升30%的运营效率

用StoreHub提供更优质的客户体验。预约您的免费DEMO吧！👇
",-,VP-Video 5
,"[Merchants Lane - vp3]
Caption 1:
🍽️ Short on staff? With StoreHub, your team can serve customers faster and more efficiently with QR Order & Pay. Streamline operations even during peak hours without the extra waitstaff.
Solve your staffing issues today—get a free demo! 👇

Caption 2:
👨‍🍳 Struggling to hire enough waitstaff? StoreHub’s all-in-one POS lets you reduce labour costs by empowering customers to order and pay directly from their phones. Keep your service smooth and your customers happy, no matter how busy it gets.
Discover how StoreHub can transform your business—sign up now! 👇

Caption 3:
💼 Serving customers with a small team? StoreHub’s POS system helps you manage orders, payments, and customer service all in one place. Even with fewer staff, you can ensure top-notch service and fast turnaround times.
Upgrade your POS today—get your free demo now! 👇",-,-, VP3_MY_ML_20240730_v2.mp4 Merchants Lane vp3
,"Caption 1:
🚀 Ready for a mature system that solves problems instantly? 
StoreHub makes it easy to expand, integrate online sales, and streamline your business operations. 🌐 

👉 Experience hassle-free management with StoreHub. Get your FREE demo today!

Caption 2:
🌟 Unlock new features with StoreHub’s mature system. From easy online integration to seamless store expansion, we've got your business covered. 📈 

💼 Simplify your operations with StoreHub. Book a FREE demo now!

Caption 3:
✨ StoreHub's mature system supports your business growth. Streamline operations, solve issues quickly, and explore powerful features like online sales integration. 🌍

 📊 Elevate your business with StoreHub. Try it for FREE today!","[Qunkee VP 6 - Storehub generic]
Caption 1: 
🚀 想要能够帮你解决业务问题的神器？StoreHub 生态系统让您同步处理线上销售，优化运营，扩展销售渠道。🌐

👉 体验躺平式管理，立即获取您的免费DEMO！


Caption 2: 
🌟 解锁StoreHub全新功能，让您的业务从线上到多店扩展轻松无忧！📈

💼 简化运营、提升效率，就选StoreHub！立即预约免费DEMO！


Caption 3:
✨ StoreHub成熟的系统助力您的业务增长。简化运营、快速解决问题，体验线上销售整合等强大功能。🌍

📊 提升您的业务，立即免费试用StoreHub！
",-,VP-Video 6
,"[Face Capture]

Caption 1:
Are you still dealing with punch cards and time-tracking errors? 😅

Those manual fixes are a headache!

But imagine a world where payroll errors are a thing of the past, and you don’t waste hours fixing them. ✨

StoreHub’s Face Capture does exactly that by automatically logging hours and preventing mistakes!

Ready to take control and simplify your payroll operations? Request a free demo today!

Caption 2:
⏳ Wasting time on fixing payroll errors? StoreHub’s Face Capture feature automates clock-ins and prevents mistakes. Less time managing staff, more time growing your business!
Discover how easy it can be—request a demo now! 👇


Caption 3:
👥 Struggling with time-tracking errors? StoreHub’s Face Capture ensures accurate clock-ins every time. No more manual corrections, just seamless staff management.
Ready to simplify your payroll? Get your free demo today! 👇",-,-,Face Capture
,"[Move2StoreHub] - Resto

Caption 1:
🍽️ Is your current POS system holding you back? Slow service, missed orders, and unhappy customers? It's time for an upgrade.
With StoreHub, you’ll get:

📲 QR Order & Pay to combat staff shortages
🛠️ Reliable order printing with sero mistakes
📦 Smart inventory management so you never run out
Switch to a POS that makes your business run smoother.

Ready to transform your restaurant? Get your free demo today! 👇

Caption 2:
🍴 Tired of poor system performance and frustrated customers? StoreHub POS gives you the tools to serve faster, manage better, and keep customers coming back!

📲 QR Order & Pay for faster service during peak hours
💳 Loyalty programs that drive repeat business
👨‍🍳 Face Capture Clock-In for easy staff management
Say goodbye to inefficiencies and hello to smoother operations!

Switch to StoreHub now and get a free demo! 👇

Caption 3:
🚀 Ready to level up your F&B business?
If your current POS is causing missed orders and slow service, it’s time for StoreHub.

🛠️ Accurate order printing for sero mistakes
📦 Seamless inventory management to stay stocked
📲 Table ordering to increase order sise and speed
Don’t let inefficiencies slow you down. Move to StoreHub today!

Book your free demo and see the difference. 👇",-,-,Move2StoreHub
,"[Halloween Promo]
1. 
🎃 No Tricks, Just Treats! 🎃 This Halloween, don’t miss out on our spooktacular limited-time promo!
Boost your sales, streamline operations, and keep customers coming back with StoreHub’s all-in-one POS system.

🎯 Hurry! Offer ends soon—book your FREE demo today!

2. 
👻 Is your POS system haunting your business? 👻 Say goodbye to order nightmares and inventory scares!
With StoreHub, you get fast QR ordering, seamless inventory tracking, and a CRM that keeps customers loyal.

🕸️ Act fast! Our Halloween promo won’t last forever—sign up now!

3. 
💀 Don’t let inefficiencies haunt your business this Halloween! StoreHub’s reliable POS system will streamline your operations and help you crush the busy season.

🕷️ Limited-time offer—get your free demo before the promo disappears!",-,-,Halloween
,"[Halloween Inventory]
1.
🎃 Is your stock running as wild as Halloween costumes flying off the shelves? 🎃 Struggling to track inventory between your store and online sales? With StoreHub, you can seamlessly sync your stock across all platforms—so you never oversell or miss a customer order.

📦 Manage seasonal rushes with ease:
🔗 Sync online & in-store sales
📊 Get real-time inventory updates
🛒 Keep your best-sellers in stock

🎯 Don’t let the Halloween rush scare you—manage it effortlessly with StoreHub!

2.
👻 Lost track of your Halloween stock? Don’t let overselling haunt your business! 👻 Managing both in-store and online orders during the holiday rush can feel like a nightmare. 

But with StoreHub’s smart POS system, you can:
📦 Sync inventory across all platforms
📊 Track sales in real-time
🎯 Avoid stockouts of seasonal best-sellers

🎃 Stay ahead of the Halloween rush—keep your inventory in check with StoreHub!

3.
🕷️ Stop inventory spooks from slowing you down this Halloween! 🕷️
Struggling to keep track of costumes, décor, and seasonal items? With StoreHub’s all-in-one POS, you can:
🛍️ Easily manage online and in-store sales
📈 Get instant sales reports to discover what’s flying off the shelves
🧙 Automate reorders so you’re always stocked

🎯 Don’t let the busy season scare you—stay in control with StoreHub’s smart solutions!",-,-,Halloween
,"[Choose Your Fighter]
1. Choose your fighter! 👊
Looking for the perfect POS for your F&B business? Whether you need lightning-fast order processing or powerful inventory management, StoreHub’s POS systems have you covered.
Which one will you pick? 💪
Reliable. Efficient. Made for F&B.

2. Struggling with service speed or staff shortages? 🍽️
From quick QR Ordering to smart inventory tracking, StoreHub’s POS systems are built to streamline your F&B operations. Choose the hardware that fits your needs and never miss an order again!
Find your perfect POS today.

3. One POS. Two power-packed options. 💼
Whether you need seamless table ordering or advanced order printing, StoreHub has the hardware to boost your business performance.
Which system will level up your F&B operations?",-,-,ChooseYourFighter_V3_1.mp4
,"[VP 1 - Matchy & Co]

Caption 1:
🚀 Running a store is easier when you’ve got the right data! No more guessing which items are hot sellers 🔥 or when to bring in extra staff. With StoreHub, you’ll have all the insights you need to keep your business running smoothly and effortlessly. 💼✨ Ready to see your store thrive? Let's make it happen! #RetailSuccess #StoreHub #DataDriven

Caption 2:
📊 Know your best sellers. 🕒 Staff up at the right times.
With StoreHub, running your store is smooth sailing! 🛒💨 Get all the data you need in one place to stay on top of your business and never miss a beat. 🎯 Let’s make every decision count.

Caption 3:
🛍️ Stop guessing, start knowing!
StoreHub gives you real-time data on your sales, staff, and stock – so you can focus on what matters most: running a smooth, successful store. 🔄📈
Take charge of your business with insights that matter.



S3 Version:
Caption 1:
🚨 Ready to level up your store? Now’s the time!
📊 Get all the data you need with StoreHub’s POS system and enjoy up to 55% OFF on hardware! 💻⚡
Smooth operations, smarter decisions – it’s all within reach. Don’t miss out!

👉 Click here to claim your discount & run your store like a pro! 💼✨


Caption 2:
📉 Tired of inefficiency?
Get the insights you need to run your store smoothly with StoreHub – and save up to 55% on POS hardware! 🛒💡
It’s time to stop guessing and start growing with a system built for smarter retail. ⏳ Offer won’t last long!

💥 Grab this deal today and streamline your business!


Caption 3:
🔥 Don’t miss out on up to 55% OFF StoreHub hardware!
From stock management to staff scheduling, you’ll have everything you need to run a smooth business. 📊💼 Why wait? Simplify your operations and save big today!

👉 Claim your discount now and take control of your store’s success.",-,-,VP1 - MatchyMatchy
,"[CN Promo]
Caption 1:
💥 Limited Time Promo!
Get up to 55% off on POS hardware and boost your F&B or retail store’s efficiency!
Easily manage your inventory, employees, and sync online & offline with StoreHub.
Act now, don’t miss out!

Caption 2:
🎉 Up to 55% off on POS hardware!
Whether you own a restaurant or a retail store, simplify your operations with StoreHub—manage your stock, employees, and online stores with ease.
Limited time offer, grab it now! 💪

Caption 3: 
🛍️ 55% Discount is here!
The must-have POS system for F&B and retail owners—StoreHub helps you manage inventory, staff, and online/offline syncing effortlessly.
Take advantage of the promo and upgrade your business now! 🔥

","Caption 1:
💥 限时促销！
POS收银机高达55%折扣，让您的餐饮和零售店效率增加10倍！
快来体验StoreHub带来的便捷 —— 库存盘点、员工管理、线上线下同步全搞定！
马上注册，别错过优惠！

Caption 2:
🎉 POS收银机折扣高达55%！
无论是餐厅还是零售店，用StoreHub简化运营，轻松管理库存、员工和电商网店。
限时优惠，抓紧机会！💪

Caption 3:
🛍️ 55%折扣来袭！
餐饮与零售店主必备的POS系统，StoreHub帮您轻松管理库存和员工，线上线下经营一致同步。
趁着促销，赶快升级您的生意！🔥

",-,GIF
,"[Restaurant Revenue]

1.
Boost your restaurant's revenue by speeding up orders and reducing mistakes with StoreHub. Get up to 55% off today.

2.
Slow service hurts your bottom line. StoreHub helps you serve more customers faster, keeping revenue flowing. Save up to 55% now.

3.
Want to increase profits? StoreHub helps you manage orders and stock better, so you can serve more customers and grow your revenue. Get up to 55% off.

Headlines:
1.
Grow your restaurant’s revenue faster.

2.
Serve more customers, boost revenue.

3.
Increase profits with faster orders.",-,-,MY
,"[Search Ad]
1.
Still using a manual system? It's costing you time and money. With StoreHub, you can manage orders and stock faster, whether you're in retail or F&B. Book a free demo today.

2.
If your current system slows you down, it’s time for a change. StoreHub helps you run your business smoothly, keeping your operations on track. Ready to see how? Book a free demo now.

3.
Manual or outdated systems hurting your business? StoreHub helps retail and F&B owners simplify everything, from orders to inventory. Find out how with a free demo.


1.
Ditch the manual system, grow your business.

2.
Retail or F&B – StoreHub makes it easy.

3.
Run your business faster with StoreHub.",-,-,Search Ad
,-,-,"[Angle: From manual excel sheets to Storehub POS]

Caption 1: 
Penat gila urus stock dan sale guna Excel. Asyik key-in data stok satu-satu, leceh betul! 📊  Pastu bila kira, tak tally pulak! 😩 Customer detail pun berterabur. Memang stres. 😤

Dah tiba masa korang cuba StoreHub, semua senang urus dalam satu sistem POS. Stop stress tu! Jom try StoreHub dengan demo FREE ! Daftar sekarang.

Caption 2:
Serius lah, korang masih guna excel untuk bisnes, buang masa je. ⏳ 

Stok, customer, promosi semua boleh jadi serabut kalau tak ada sistem yang betul. Dah tiba masa korang switch ke StoreHub POS! Semua jadi mudah, dan sekarang ada diskaun hardware POS sehingga 55%. 🎉 Takkan nak tunggu sampai pening lagi?

Jom try StoreHub, sebelum jadi makin serabut! 💪

Caption 3: 
Hujung bulan mesti stres kan? 😅 Stok tak terurus, customer detail berterabur, promosi tak sampai. Memang pening bila nak siapkan e-invoicing! 😩 Tapi dengan StoreHub, semua tu jadi mudah. Korang boleh urus stok, pelanggan, dan data promosi dalam satu tempat, lagi best boleh siapkan E-invoicing dalam beberapa klik je. ✔️

Jom cuba  demo PERCUMA StoreHub. Hujung bulan takkan serabut lagi! 🎊

Headlines: 
POS Khas untuk Kedai Retail
Demo Percuma POS StoreHub 


","Kfora VP1 VPS
"
,"[D3 PRO APPLE VIDEO] - S1
Caption 1:
Your business just got smarter. Meet the D3 Pro—designed to streamline how you run things. Fast, reliable, and sleek, it's a perfect fit for your retail or F&B space.

Caption 2:
Looking for a seamless experience? The D3 Pro handles the pressure so you can focus on what matters—your customers. No fuss, just function.

Caption 3:
Time is money. The D3 Pro works at your speed, giving you the tools to keep up with your customers’ demands, effortlessly.

Headlines:
Meet the D3 Pro: Smarter, Sleeker, Faster
Efficiency Made Simple
The D3 Pro: Built for Business

[D3 PRO APPLE VIDEO] - S2+3
Caption 1:
Take 55% off your upgrade to the D3 Pro. Elevate your day-to-day operations with hardware that keeps up. Grab it now before the deal's gone.

Caption 2:
Ready for an upgrade? The D3 Pro is 55% off, but only for a limited time. Perfect for retail and F&B owners who need a reliable solution.

Caption 3:
Get the power of D3 Pro at 55% off. Don’t miss out—this deal won’t last. Fast, intuitive tech designed to keep your business moving.

Headlines:
55% Off D3 Pro – Limited Time!
Upgrade Now: 55% Off the D3 Pro
Run Smarter with 55% Off",-,-,[Acquisition Version] - Apple Video
,"[Should I Use] 

Retail
Captions:

1. Is StoreHub right for your clothing store? See how our POS system simplifies your day-to-day. Click for a free demo.
2. Running a retail shop? StoreHub makes managing stock, sales, and customer data easy. Try a demo and find out if it works for you.
3. From fashion to electronics, we’ve got your retail covered. StoreHub POS is tailored to fit the way you sell. Book your demo now.

Headlines:

1. POS Built for Retailers
2. Does StoreHub Work for Retail?
3. See How StoreHub Fits Your Store


F&B
Ad Copy 1:
🍽️ Own a restaurant, bar, or café? Managing your business doesn’t have to be stressful. With StoreHub POS, you can streamline everything—orders, inventory, and staff.
💡 Discover how StoreHub can make your operations smoother and your life easier. Book a free demo today!

Ad Copy 2:
Running a food and beverage business? From handling peak hours to managing stock, StoreHub POS has you covered.
✅ Simplify order management
✅ Keep inventory accurate in real-time
✅ Improve customer experience
👀 See how StoreHub can transform your F&B operations. Try it now!

Ad Copy 3:
🍹 From cafés to bars to restaurants—StoreHub POS helps you take control of your F&B business.
🚀 Streamline orders, track inventory effortlessly, and manage staff efficiently—all in one place.
Ready to see the difference? Experience it with a free demo today.

Headlines:
Simplify Your Restaurant or Café with StoreHub
Is StoreHub the Right POS for Your F&B Business?
Streamline Your F&B Operations – Try StoreHub
Manage Your Bar or Café Efficiently with StoreHub


Retail/F&B/Services Combo
Captions:

1. Retail, F&B, or services—StoreHub works across industries. See how we fit into your business with a free demo.
2. Whether you run a store, a café, or something in between, StoreHub POS is built to handle it. Discover how we can help with a demo.
3. Clothing, groceries, electronics—whatever you sell, StoreHub POS has a solution for your business. Try a demo to see if it fits.


Headlines:

1. POS for Every Business Type
2. See How StoreHub Fits Your Industry
3. POS Built for All Kinds of Shops","## RETAIL 
Caption 1:
StoreHub 适合您的服装店吗？看看我们的POS 系统如何简化店里日常管理。点击获取免费 DEMO。
Caption 2:
开零售店的你，还在烦库存、销售和顾客数据？StoreHub 让管理变简单！

试试看，看看适不适合你的生意。


Caption 3:
无论你是卖衣服还是电子产品，StoreHub POS 都能帮你搞定零售管理！根据你的销售方式量身定制。赶快预约DEMO吧！


Headlines:
专为零售商打造的POS系统
StoreHub适合零售吗？
体验 StoreHub 如何提升你的生意

###FNB

Caption 1:
有开餐厅、酒吧或咖啡馆吗？StoreHub POS让您的业务顺畅运营。预约免费 DEMO 了解更多吧！



Caption 2:
做餐饮生意就没时间休息吗？来看看 StoreHub POS 如何帮你搞定订单、库存和顾客管理，让你把时间留给更重要的事。

想知道秘诀吗？现在就领取免费DEMO 吧
Caption 3:
掌控您的餐饮店。不管是开咖啡馆到超市，StoreHub POS 帮助您更高效地运营。

今天就注册领取免费DEMO体验吧!
Headlines:
酒吧和餐厅都在用的 POS 系统
StoreHub 适合您的餐饮业务吗？
通过StoreHub简化您的餐饮业务

#### Generic

 Caption 1
经营零售、餐厅还是服务业？StoreHub POS 统统搞定生意大小事！现在就预约免费 DEMO 体验吧！
Caption 2
无论您经营商店、咖啡馆还是其他类型的业务，StoreHub POS 都能让你管理变简单，库存、销售一手掌握！立即预约 DEMO 试试看！



Caption 3
服装、杂货、电子产品——无论您是卖什么，StoreHub POS 都有适合你的系统。立即预约 DEMO 试试看！
Headlines
各行各业都适用的 POS 系统！
看看StoreHub如何帮助你的行业成长
适用于各种商店的POS系统






",-,Should I Choose
,"[QUNKEE VP6]

Caption 1:
🚀 Ready for a mature system that solves problems instantly? 
StoreHub makes it easy to expand, integrate online sales, and streamline your business operations. 🌐 

👉 Experience hassle-free management with StoreHub. Get your FREE demo today!

Caption 2:
🌟 Unlock new features with StoreHub’s mature system. From easy online integration to seamless store expansion, we've got your business covered. 📈 

💼 Simplify your operations with StoreHub. Book a FREE demo now!

Caption 3:
✨ StoreHub's mature system supports your business growth. Streamline operations, solve issues quickly, and explore powerful features like online sales integration. 🌍

 📊 Elevate your business with StoreHub. Try it for FREE today!","Caption 1: 
🚀 想要能够帮你解决业务问题的神器？StoreHub 生态系统让您同步处理线上销售，优化运营，扩展销售渠道。🌐

👉 体验躺平式管理，立即获取您的免费DEMO！


Caption 2: 
🌟 解锁StoreHub全新功能，让您的业务从线上到多店扩展轻松无忧！📈

💼 简化运营、提升效率，就选StoreHub！立即预约免费DEMO！


Caption 3:
✨ StoreHub成熟的系统助力您的业务增长。简化运营、快速解决问题，体验线上销售整合等强大功能。🌍

📊 提升您的业务，立即免费试用StoreHub！",-,VP-Video 6 - Qunkee VP6
,"[QUNKEE VP 7]
Caption 1:
🚀 Ready to take your bakery to the next level? Discover why StoreHub’s POS system is the go-to choice for smooth operations! 🌟

📱 Track and resolve issues via mobile
🍞 Streamlined order management
📊 Real-time sales insights
🛍️ Effortless inventory tracking
💳 Supports multiple payment methods

Don't wait—start now and experience the difference! 🎉

Caption 2:
🍰 Running a bakery just got easier with StoreHub! After learning about its powerful features, I couldn’t wait to sign up. Now, managing everything on-the-go is a breese! 🌟

📱 Mobile issue resolution
📦 Efficient inventory management
💰 Instant sales reports
📈 Boost customer loyalty
🔔 Automated notifications

Make the switch today and see the benefits for yourself! 🚀

Caption 3:
🎂 Simplify your bakery operations with StoreHub's robust POS system! From instant mobile support to powerful management tools, it’s designed to help you thrive. 🍞

📱 Resolve issues anytime, anywhere
🔄 Sync orders seamlessly
💸 Real-time financial tracking
🏆 Loyalty program integration
🔄 Automatic stock updates

Don't hesitate—sign up and transform your bakery business today! 💪","Caption 1:
🚀 准备把您的烘焙店提高效率吗？快来看看为什么StoreHub的POS系统是顺畅运营的首选！🌟

📱 通过手机追踪和解决问题
🍞 精简的订单管理
📊 实时更新销售数据
🛍️ 轻松库存跟踪
💳 支持多种付款方式

别再等了—现在就开始体验不一样的运营效果吧！🎉

Caption 2: 
🍰 换用StoreHub后经营多家烘焙店变得更轻松！试用了各种智能功能后，马上注册给多家分店使用。

现在随时随地打开手机就能管理所有店铺简直太方便了！🌟

📱 移动设备就能解决问题 
📦 高效的库存管理 
💰 即时生成的销售报告 
📈 提升客户忠诚度工具 
🔔 自动检测&发送通知提醒 

立即切换，亲自体验好处吧！🚀

Caption 3:
🎂 用StoreHub的强大POS系统简化您的烘焙店运营！从即时移动支持到强大的管理工具，它为您的成功而设计。🍞

📱 随时随地解决问题 
🔄 同步整合订单 
💸 实时财务跟踪 
🏆 自带Loyalty计划功能
🔄 自动库存更新

别再犹豫，立即注册，体验数据化运营！💪",-,VP-VIDEO 7 - Qunkee VP7
,"[Merchants Lane VP4]

S1:
Caption 1: 
Running your restaurant shouldn’t be a headache. Simplify day-to-day tasks with an all-in-one POS system. Run your store smoothly from your iPad. It’s simple, reliable, and works without a hitch.

Caption 2:
Struggling with long queues or slow service? The solution is easier than you think. With StoreHub, you can run your F&B business from an iPad. No complicated setups, just smooth, reliable service.

Caption 3:
Tired of juggling orders, payments, and staff? Let StoreHub take care of it. Our easy-to-use POS system gets you up and running in no time—right from your iPad.

Headlines:
Run Your Store From an iPad—No Fuss.
POS that Simplifies, Not Complicates.
Manage Your F&B Business in Just a Few Taps.

S2+3:
Caption 1:
You know a good POS system saves time. With StoreHub, get up to 55% off and run your restaurant smoothly from an iPad. Simple setup, stable performance—no complaints.

Caption 2:
Looking for a reliable POS? StoreHub gives you an all-in-one solution—now up to 55% off. Easy setup, optional startup service, and no headaches. Focus on what matters: your customers.

Caption 3:
Want a POS that just works? StoreHub runs on your iPad, is easy to set up, and gives you everything you need to manage your F&B business. Up to 55% off. Reliable, simple, and hassle-free.

Headlines:
POS You Can Rely On—Now Up to 55% Off.
Run Your Business Smoothly with StoreHub.
Easy POS Setup. Get Up to 55% Off Today.",-,-,VP4_NEW Merchants Lane VP4
,"[MATCHY & CO] VP2
S1

Caption 1: 
What if you could predict what your customers want to buy next? StoreHub helps you analyse shopping patterns so you can design products your customers will love—and buy. Ready to turn data into sales?

Caption 2: 
Struggling to understand what’s selling and what’s not? StoreHub gives you real insights into your customers’ preferences. Design the next best-seller based on actual trends, not guesswork.

Caption 3: 
Want to know what your customers really want? With StoreHub, you can track their favorite colors, trends, and shopping habits—so your next product is a hit.

Headlines:
Design Best-Sellers with Real Customer Data.
Know What Your Customers Want to Buy Next.
Turn Shopping Trends into Sales Success.

S2+3
Caption 1:
Already using customer data but not seeing results? Matchy & Co turns insights into action—create designs based on real trends and watch your sales grow. Get up to 55% off today and start seeing results.

Caption 2:
Want a data-driven edge? With StoreHub, you can analyse shopping patterns, track trends, and design best-sellers. Get up to 55% off now—affordable and reliable for every retail business.

Caption 3:
Take customer data to the next level. StoreHub helps you turn insights into sales. From tracking trends to forecasting your next best-seller, we’ve got you covered—now up to 55% off.

Headlines:
Turn Data Into Sales—Up to 55% Off.
Predict Trends. Create Best-Sellers. Save 55%.
Customer Data You Can Use—Get 55% Off.",-,-,VP2 - Matchy& Co
,"[MATCHY & CO] VP3

S1:
Caption 1:
Overcomplicated POS systems slowing you down? StoreHub makes it easy. Run your business from an iPad or Android, with a simple setup and a user-friendly interface your team can master fast.

Caption 2:
Complicated tech holding your business back? StoreHub’s POS system is designed for simplicity—easy to set up, easy to use, and even easier to train your team on. Manage everything right from your iPad or Android.

Caption 3:
POS systems shouldn’t be hard. With StoreHub, you can get your team up and running in no time. Simple setup, easy to train, and picture-based products—no need to memorise names.

Headlines:
POS That’s Easy to Use and Train On.
Simplify Your Business with StoreHub.
Run Your Store Smoothly—No Tech Hassles.


S2+3:
Caption 1:
Tired of complicated POS systems? StoreHub is the easy solution—set up in minutes, train your team fast, and manage everything with ease. Now up to 55% off. It’s POS without the headache.

Caption 2:
Looking for a simple, reliable POS? StoreHub works on iPads and Android devices, making it easy to use for you and your team. Get 55% off today and streamline your store’s operations.

Caption 3:
Frustrated with complex POS systems? StoreHub is built for ease—easy setup, picture-based products, and smooth training for your team. Get up to 55% off now and switch to a POS that works.

Headlines:
Simple POS Setup—Up to 55% Off.
Easy to Use. Easy to Train. 55% Off.
Ditch Complicated POS—Try StoreHub.",-,-,VP3- Matchy&Co
,"[MATCHY & CO] VP4
S1:
Caption 1:
Still counting stock and sales manually? With StoreHub, everything is automatic. From stock tracking to daily profit margins and customer data—it’s all done for you. Say goodbye to manual tasks.

Caption 2:
Doing stock counts by hand? StoreHub automates everything—inventory, sales, customer visits. You get real-time data, and all your key numbers at your fingertips. It’s that simple.

Caption 3:
Stop wasting time on manual tasks. StoreHub automates your stock and sales tracking, while giving you insights on daily profits and customer behavior. Run your business smarter, not harder.

Headlines:
Automate Stock & Sales with StoreHub.
No More Manual Counting—It’s All Automatic.
Track Profits & Customers—Automatically.

S2+3

Caption 1:
Still handling stock counts and sales manually? StoreHub automates everything, giving you up-to-date stock levels, daily profit margins, and customer data. Get up to 55% off and make running your business easier.

Caption 2:Manual tracking taking up too much time? With StoreHub, everything from inventory to daily profits and customer behavior is automated. Now up to 55% off—switch to a smarter way to manage your store.

Caption 3:Stop counting stock by hand. StoreHub automates your sales, stock, and customer data, giving you everything you need in one place. Get up to 55% off and start running your store more efficiently.

Headlines:
Automate Your Store—Up to 55% Off.
Manage Stock, Sales & Customers Automatically.
No More Manual Work—Get 55% Off StoreHub.
Storytelling Approach:
For Top of Funnel:",-,-,VP4 - Matchy&Co
,"[2025 - New Years]
[compelted] New Year Promo",[compelted] New Year Promo,[Requested] New Year Promo,-
,"[Raya]
[completed] Raya 25 Ads","[Raya]
[completed] Raya 25 Ads","[Raya]
[completed] Raya 25 Ads",Raya
,"[D3 Unboxings]
Ad Caption 1: Need a POS that keeps up with your busiest hours?
The new StoreHub D3 Pro is built for speed and durability – with a faster processor, sharp 1920x1080 display, and more port options for all your devices.
Get a free demo and see how it fits your setup.

Ad Caption 2: Say goodbye to slow systems.
With a sleek aluminium design, dual screens, and an upgraded processor, the D3 Pro makes every transaction smoother and quicker. Perfect for busy days and crowded counters.
Ready to upgrade? Request a demo today.

Ad Caption 3: Give your customers a better view – and your team a better tool.
The D3 Pro’s dual screens, sharper display, and extra connectivity mean you’re ready for anything. Built to work hard and look great while doing it.
Curious? Book a free demo.

Short Headlines
Ready for a faster, sharper POS?
Meet the POS built for busy days
Upgrade your setup with D3 Pro’s dual screens
Smooth transactions, stylish design
","Caption !:
您的POS系统跟不上忙碌的营业高峰？
全新StoreHub D3 Pro带来更快的处理器、1920x1080高清显示屏，以及更多端口连接选项，坚固耐用，满足您的生意需求。
立即申请免费DEMO，亲身体验！

Caption 2:
不再担心系统 lag啦！
D3 Pro 高级银铝设计，双屏幕和升级处理器，让每笔交易更流畅更快速，再多顾客也能轻松应对！
准备好升级了吗？立即申请免费DEMO。

Caption 3:
D3 Pro 提供更多接口，满足各种设备连接需求，助您高效运作，还能提升店铺形象。

升级版更清晰的显示屏，前后双屏设计，让顾客查看订单更便捷，员工操作更省心。
感兴趣？马上预约免费DEMO。

Headlines:
准备好体验更快、更清晰的 POS 系统了吗？
D3 Pro 是专为忙碌生意而打造的收银系统！
升级您的设备，享受D3 Pro 双屏幕带来的便利，
让交易更流畅，让店铺更时尚！

",-,"Unboxing Android D3 Pro

CN"
,"[Qunkee VP8]

Caption 1:
🌟 Elevate customer service with StoreHub’s intuitive POS system. Our easy-to-use interface allows staff to effortlessly manage orders and customer preferences, enhancing the overall experience. Even older staff can navigate it seamlessly, transforming how you serve your customers.

📱 Simplify Customer Transactions
🛒 Visual Product Selection
🔍 User-Friendly Interface

Enhance your service quality with StoreHub. Discover more features today! 👇

Caption 2:
⏱️ Streamline operations with StoreHub’s POS system designed for efficiency. Staff can now manage customer details and track purchases instantly, ensuring personalised service. From simplified product selection to seamless order processing, our system empowers your team to excel.

📊 Instant Customer Insights
📸 Visual Menu Selection
🎯 Enhanced Staff Productivity

Transform your customer experience with StoreHub. Start optimising your operations now! 👇

Caption 3:
🚀 Boost staff performance and customer satisfaction with StoreHub’s advanced POS features. Easily track customer credits, streamline ordering with visual aids, and empower your team to deliver exceptional service every time. Revolutionise your business operations today!

📈 Real-Time Customer Data
🖼️ Visual Product Management
🌐 Improved Operational Efficiency

Unlock better customer experiences with StoreHub. Get started with a free demo! 👇

","Caption 1: 
🌟 使用StoreHub容易操作的POS系统，轻松提升顾客体验！直观的操作界面让员工能快速处理订单和顾客需求，连aunty uncle也能轻松掌握，彻底优化你的服务流程，提升效率。
📱 简化下单与付款步骤
🛒 看图下单，更快更准确
🔍 一目了然的界面
轻松提升服务品质，马上了解更多！👇


Caption 2: 
⏱️ 生意越做越大，如何让每位顾客都感觉被重视？让StoreHub的POS系统帮您！轻松管理顾客资料和订单，为他们提供更个性化的服务。从商品推荐到快速结账，StoreHub让您的团队表现更加出色。
📊 实时顾客洞察
📸 直观的视觉菜单 
🎯 提高员工效率
提升顾客体验，现在就开始优化你的运营！👇

Caption 3: 
🚀 让StoreHub POS的强大功能来帮助您提升员工表现和顾客满意度。不仅能够轻松追踪顾客积分，还能通过直观的视觉菜单简化下单流程，保证每次服务都更出色。马上革新您的业务运营！
📈 实时顾客数据
🖼️ 直观的商品管理
🌐 提升运营效率
让StoreHub为您带来更好的顾客体验，马上预约免费试用！👇
",-,VP-Video 8 - Qunkee VP8
,-,-,"[Angle: Comprehensive Inventory/Stock management easier with StoreHub)]

Caption 1: 
""Supplier mana nak contact kali ni? Supplier A, B, atau C?"" 🤔
Dah tak payah pening lagi! Dengan POS StoreHub, semua info supplier korang tersimpan rapi dalam satu sistem. Nak order? Check je report stock korang dimana sahaja! 📲

Dapatkan demo PERCUMA StoreHub – urusan stok tak pernah semudah ni!

Caption 2:
""Ada banyak supplier? Lepas tu stok tak terurus?"" 😵‍💫
Kalau kedai korang ada banyak supplier, faham sangat lah kesusahan tu. POS StoreHub bantu korang urus supplier dan stok dalam satu tempat je – tak perlu pening-pening dah! Tak payah tengok banyak file, semua ada dalam satu sistem.

📲 Daftar sekarang untuk demo PERCUMA dan diskaun sebanyak 55% untuk perkakasan. 

Caption 3: 
Stok bercelaru? Supplier banyak sangat nak ingat?
Dulu pening nak urus supplier mana kasi stok mana. Dengan StoreHub, semua stok dan supplier tersusun rapi – senang je nak check dan manage! Tak payah buka banyak fail lagi! 📦📑

🚀 Jom transform bisnes korang dengan StoreHub. Dapatkan demo PERCUMA hari ini!

Headlines: 
POS Khas untuk Kedai Retail
Demo Percuma POS StoreHub 
POS StoreHub Diskaun 55%

","Kfora VP2 VPS
"
,-,-,"[Angle: Micromanagement]

Caption 1: 
""Cabaran terbesar tu micromanagement"" 😩
Kena check CCTV sebab staff kata dah sampai, tapi sebenarnya belum? Dengan StoreHub, setiap staff check-in pakai selfie – terus nampak bila dah sampai! Kehadiran lebih senang pantau, kira komisen pun lagi tepat! 💼

Tak perlu pening lagi, jom try StoreHub sekarang! 🚀

Caption 2:
""Susahnya nak pantau staff setiap masa?"" 😫
Nak pastikan staff datang on-time, tapi asyik kena tengok CCTV? Dengan StoreHub, kehadiran staff senang je dipantau – selfie dulu sebelum mula kerja! 💼

Lepas tu, kira komisen pun automatik! Jom try StoreHub, operasi korang confirm jadi lebih lancar. 📲

Caption 3: 
Penat kene double check kehadiran staff?🕵️‍♂️ Stress kira komisen staff satu-satu? 😫
Dulu susah, sekarang ada StoreHub. Setiap kehadiran direkod dengan selfie, dan komisen kira automatik ikut ID! Tak payah lagi pening kira manual.

Nak kerja lebih senang? Jom try StoreHub sekarang! 👌

Headlines: 
POS Khas untuk Kedai Retail
Demo Percuma POS StoreHub 
POS StoreHub Diskaun 55%


","Kfora VP3 VPS
"
,"[Membership V1 - RETAIL]
Caption 1:
Tired of managing loyalty with extra tools?
StoreHub Loyalty now includes Membership, built into your POS. 🛒
✔ Reward shoppers with points, vouchers, and cashback.
✔ Track spending and offer tiered Membership perks.
Simplify loyalty and keep customers coming back!

Caption 2:
One system for sales and Membership. 🛍️
With StoreHub, shoppers earn rewards, level up tiers, and return more often – no extra setup.

Caption 3:
Loyalty meets Membership. Simple rewards, happy shoppers. 🎁

Headlines:
Membership rewards shoppers
Simple Membership for all
POS + Membership in one
Bring your shoppers back","Caption 1:
🛍️通过StoreHub，让您的零售店变得更智能、更高效！


传统收银机已经被淘汰了！使用StoreHub，您可以在POS系统中享受Loyalty和Membership功能！

🏷️ 用积分、折扣和独家优惠奖励顾客
📱 捕捉顾客数据，更懂顾客，促销更精准
🔄 库存实时更新，简化您的商店管理


一个系统搞定所有需求——StoreHub简单易用，功能强大，还能随时扩展！


立即申请免费DEMO!
Caption 2:
StoreHub 让顾客变成常客 💥

我们的POS系统内含Loyalty和Membership功能，让您提供更有趣的奖励、顾客互动和追踪。

📊 轻松收集顾客数据
💳 提供现金返还、折扣和优惠码
🛒 一站式解决方案，适用于您的零售店！

立即申请免费DEMO!
Caption 3:
📲 一站式POS管理所有业务！
使用StoreHub POS + Loyalty + Membership来获得忠实顾客。🎯

立即申请免费DEMO!

","Caption 1:
🛍️ Bawa bisnes retail korang ke tahap baru dengan StoreHub!


Tak perlu guna sistem lama lagi. Dengan StoreHub, Loyalty + Membership semua dah ada dalam 1 POS.

🏷️ Hadiahkan pelanggan dengan mata ganjaran, diskaun, dan hadiah eksklusif
📱 Mudah kumpul data customer untuk kongsikan promosi terbaru.
🔄 Selaraskan stok yang mudah dan kemas kini masa nyata untuk kedai anda

Tak perlu pening lagi guna banyak sistem – StoreHub lengkap, mudah, dan penuh ciri menarik!

Dapatkan demo PERCUMA hari ini!
Caption 2:
Tukar customer baru jadi customer regular dengan StoreHub! 💥


POS StoreHub ada Loyalty + Membership yang mudahkan pengumpulan dan penebusan mata ganjaran, tracking, dan engagement customer.
📊 Kumpul data pelanggan dengan mudah
💳 Bagi cashback, diskaun, dan kod promo menarik.
🛒 Semua yang korang perlukan untuk kedai retai korang dalam satu sistem!

Dapatkan demo PERCUMA hari ini!
Caption 3:
📲 Satu POS untuk uruskan semuanya!

Dengan StoreHub, korang dapat Loyalty + Membership dalam 1 sistem POS. Customer setia pun bertambah! 🎯

Dapatkan demo PERCUMA hari ini!
",Membership
,"[Membership V2- GENERIC]
StoreHub Loyalty just got better! 🌟
Membership is now built into your POS – loyalty without the hassle.
✔ Let diners and shoppers join as members.
✔ Offer rewards like cashback, discounts, and vouchers.
✔ Track data and grow your loyal customer base.

Caption 2:
Why juggle systems?
StoreHub POS + Membership = all-in-one simplicity. 🛍️🍴

Caption 3:
Membership done right. Your POS does it all! 🌟

Headlines:
All-in-one Membership system
Loyalty + Membership combined
Grow members with ease
Integrated Membership solution","Caption 1: 
🍽️🛍️ 一站式POS解决方案：StoreHub

您正在经营餐厅还是零售店吗？

StoreHub将POS、Loyalty和Membership整合为一体，简化管理！

🔄 销售、库存、奖励多店同步
📈 通过会员等级福利，轻松提升顾客忠诚度
👥 快速收集顾客信息，提升回头率

StoreHub帮助您增加回头客，提高收入，并节省时间。这就是您唯一需要的系统！

立即申请免费DEMO!
Caption 2: 
提高顾客忠诚度，尽在StoreHub 💡
POS、Loyalty和Membership，一站式管理，适用于餐饮和零售。

🏆 奖励您的最佳顾客
📊 追踪数据，做出更明智的决策
🛍️ 简化业务，助力增长

立即申请免费DEMO!
Caption 3: 
🎯 StoreHub = 带来忠实顾客的 POS、Loyalty和Membership —— 适用于餐饮和零售业。

立即申请免费DEMO!

","Caption 1:
🍽️🛍️ Satu POS untuk Semua Keperluan bisnes korang: StoreHub

Ada bisnes restoran atau kedai runcit?

StoreHub menggabungkan POS, Loyalty, dan Membership dalam satu sistem yang mudah digunakan!

🔄 Selaraskan jualan, stok, dan ganjaran di semua lokasi
📈 Membina kesetiaan customer dengan membership berperingkat yang mudah
👥 Kumpul data customer dengan mudah dan tingkatkan interaksi bersama customer

StoreHub membantu anda tingkatkan jualan yang berulang, tingkatkan untung, dan menjimatkan masa. Inilah sistem yang korang perlukan!

Dapatkan demo PERCUMA hari ini!
Caption 2:
Tingkatkan kesetiaan pelanggan dengan StoreHub 💡

Semua keperluan POS, Loyalty, dan Membership dalam satu sistem – dibina khas untuk kedai F&B dan Retail.

🏆 Bagi ganjaran kepada customer membership
📊 Semak data jualan dan customer untuk keputusan yang lebih bijak
🛍️ Tingkatkan jualan berulang-kali dengan mudah

Dapatkan demo PERCUMA hari ini!


Caption 3:
🎯 StoreHub = 1 sistem POS unutk program Loyalty, dan Membership – semua dalam satu sistem untuk bisnes F&B dan Retail korang.

Dapatkan demo PERCUMA hari ini!
",Membership
,"[Membership V8 - FNB]
Caption 1:
Say goodbye to stamp cards and juggling multiple systems. 🎉
StoreHub Loyalty now includes Membership – making loyalty simple.
👉 Set up Membership tiers and rewards.
👉 Let diners earn points, redeem perks, and return more often.
Your regulars will love it, and so will your bottom line.

Caption 2:
Turn diners into members with StoreHub Loyalty. 🍽️
Membership makes loyalty easy – from welcome rewards to points redemption – all in one system.

Caption 3:
Make Membership easy. 🎁
Loyalty built into your POS.


Headlines:
Diners love Membership perks
Loyalty + Membership made easy
Say goodbye to stamp cards
All-in-one POS for F&B","Caption 1: 
🍽️ 用StoreHub改变您的餐厅！ 厌倦了管理多个系统？

使用StoreHub，您可以在一个平台上管理POS + Loyalty + Membership。轻松追踪订单、同步库存和奖励常客。

🏆 用积分、优惠券和现金返还奖励忠实顾客
📊 掌握关键数据，以提升顾客体验
💡 告别复杂的设置，体验顺畅又简单的整合管理

StoreHub：一站式解决方案，让您的餐厅吸引更多回头客！

立即申请免费DEMO!


Caption 2: 
让顾客不断回访的工具 —— StoreHub 🍴
POS系统内置Loyalty和Membership功能，让您轻松追踪、奖励和吸引食客。🍽️

🏆扫码即得奖励
🏆可定制会员等级
🏆告别传统集章卡！

立即申请免费DEMO!
Caption 3: 
💡 StoreHub POS + Loyalty = 顾客满意！ 
轻松追踪、奖励和吸引顾客。🏆

立即申请免费DEMO!

","Caption 1:
🍽️ Ubah cara restoran korang beroperasi dengan StoreHub!

Pening nak urus banyak sistem?

Dengan StoreHub, semuanya ada dalam satu tempat – POS + Loyalty + Membership.

Mudah nak track order, selaraskan stok, dan hadiahkan mata ganjaran untuk customer yang loyal. 
🏆 Hadiahkan customer loyal dengan mata ganjaran, discount, dan cashback
📊 Dapatkan data customer dengan mudah untuk meningkatkan jualan yang berulang-kali
💡 Tak perlu lagi pening setup sistem membership/loyalty yang rumit dan mahal. 
StoreHub: Penyelesaian all-in-one untuk meningkatkan jualan dan membina hubungan dengan customer setia korang.

Dapatkan demo PERCUMA hari ini!
Caption 2:
Tingkatkan customer yang datang berulang-kali dengan StoreHub🍴

Ciri-ciri Loyalty + Membership yang tersedia dalam POS anda memudahkan tracking, pengumpulan dan penebusan mata ganjaran, dan penglibatan pelanggan. 🍽️

🏆 Satu QR Code untuk mata ganjaran ganjaran
🏆 Tahap keahlian yang boleh diubah-suaikan
🏆 Tiada lagi kad cop untuk membership!

Dapatkan demo PERCUMA hari ini!


",Membership
,"[Christmas] - FnB V1
1.Caption:
🎄 Christmas rush coming? No problem. StoreHub’s all-in-one POS keeps orders flowing and customers happy.

✨ Up to 55% off – simplify your season!

2. Caption: 
🍽️ Packed house? Short staff? With QR Order & Pay, customers order fast, and you stay in control.

🎉 Grab up to 55% off StoreHub now!

3. Caption: 
📊 No more stock chaos this Christmas. Track your best-sellers and manage inventory with ease.

💰 Up to 55% off – run your F&B business smarter.

Facebook Ad Headlines:
Don’t let chaos ruin your Christmas rush. 🎄
Serve faster. Save more. Up to 55% off StoreHub.
Manage your holiday crowd with ease.
Make Christmas smooth. POS + QR ordering.


[CHRISTMAS ADS] FnB V2
1. Caption: 
🎯 Hit your revenue goals this Christmas. Manage orders, stock, and staff with ease using StoreHub’s POS.

🎁 Request a free demo today!

2. Caption: 
🎄 Sleigh the Christmas rush! StoreHub keeps your F&B business running smoothly—from QR orders to inventory.
🎉 Book a free demo now.

3. Caption: 
🍽️ Too busy this season? Stay in control. StoreHub simplifies orders, stock, and staff management.

🎁 Request your free demo today!

Facebook Ad Headlines:
Sleigh your revenue goals this Christmas! 🎯
Keep your F&B business merry and bright.
Manage the holiday rush with ease.
Run your business smarter this festive season.

[CHRISTMAS ADS] Retail
Caption 1:
🎄 Make this holiday season stress-free! StoreHub keeps your inventory accurate, staff organised, and sales on track.

Top Features:
💳 Quick and easy payment solutions
📊 Real-time sales tracking and reporting
📦 Multi-location inventory management
👥 Comprehensive employee management

🚀 Manage your retail store smarter. Get a free trial today!

Caption 2:
🛒 Hit your retail revenue goals this Christmas! Track sales in real time, manage multiple locations, and sync stock seamlessly.

What We Offer:
💳 Fast and secure payment processing
📊 Instant sales reports to identify best sellers
📦 Efficient inventory management across multiple locations
👥 Streamlined employee management

✨ Discover how StoreHub transforms your store. Start for free!

Caption 3:
🛒 Hit your retail revenue goals this Christmas! Track sales in real time, manage multiple locations, and sync stock seamlessly.

Key Benefits:
💳 Take payments quickly with our sleek hardware
📊 Discover your best sellers with instant reports
📦 Manage inventory across multiple locations
👥 Manage your employees in one system

Get started with StoreHub for retail stores today! 👇

[CHRISTMAS ADS] FnB + Retail Combo

1.
🎁 Wrap up the year with smoother operations! End 2024 strong with StoreHub’s all-in-one POS system.

🌟 Why StoreHub?
📊 Real-time sales tracking
📦 Multi-location inventory syncing
💳 Fast, easy payment processing
🎟️ Built-in loyalty programs

🚀 Get up to 55% off! Book your free demo now—limited time only!

2. 🎄 No more overselling or chaos! With StoreHub, manage your sales, staff, and inventory seamlessly.

🌟 Why StoreHub?
📊 Accurate sales insights
📦 Real-time inventory management
🍽️ Streamlined order handling for F&B
👥 Easy employee scheduling

🎁 55% off this Christmas! Book your free demo before it’s gone!

3. One POS for Retail & F&B Success! ✨ Smooth operations, happy customers! StoreHub gives you the tools to end the year stress-free.

🌟 Why StoreHub?
🛒 Manage both online & offline stores
📊 Sync inventory across locations
🍽️ Speed up orders during peak hours
🎟️ Integrated loyalty programs

🔥 Up to 55% off! Don’t wait—request your free demo today!

Headlines:
🎄 Up to 55% off StoreHub—End the year stress-free!
Manage your business better this Christmas!
Retail & F&B: One POS, all the solutions.
Smoother operations with 55% off StoreHub!
",-,-,[MY] Christmas Ads
,"[Bulletproof]
Caption 1:
🍽️ Tired of slow service and missed orders? 🍽️ With StoreHub, you can streamline your F&B operations and boost customer satisfaction.

📲 QR Order & Pay speeds up service
📦 Inventory management means you'll never run out of stock
👨‍🍳 Employee management keeps your team on track

Don’t let downtime disrupt your business. Stay ahead with StoreHub!

👉 Book your free demo now!

Caption 2:
🚀 Ready to streamline your F&B business? 🚀 StoreHub’s POS system keeps things running smoothly, so you can focus on what matters – your customers.

📲 QR Order & Pay for faster, safer transactions
🛠️ Accurate order printing every time
📊 Real-time insights to track sales and stock

Stop letting inefficiencies hold you back!

👉 Get a free demo and see the difference!

Caption 3:
🍴 Boost your F&B business with StoreHub! 🍴 No more waiting for orders to print, no more stockouts, just fast, reliable service.

🛠️ sero mistakes with automated order printing
📦 Sync inventory across locations
💳 Loyalty rewards to bring customers back

Get your business running smoothly with the #1 POS in Malaysia!

👉 Sign up for a free demo today!

Short Headlines:
🚀 Upgrade to StoreHub
No More Downtime!
🍽️ Streamline Your Service
Boost Sales with StoreHub
📦 Keep Your Stock in Check, Always with StoreHub
💳 Reward Customers Easily
Manage Staff Effortlessly with StoreHub","Caption 1:
🍽️ 还在烦服务慢、漏单问题吗？🍽️ 使用StoreHub，您可以简化F&B操作并提升顾客满意度！
📲 QR Order & Pay 让服务快又准
📦 库存自动更新，不用担心缺货
👨‍🍳 员工管理更简单，团队更高效
别让问题扰乱您的业务。与StoreHub一起保持领先！
👉 立即预约免费DEMO！

Caption 2:
🚀 准备好简化您的F&B业务了吗？🚀 StoreHub的POS系统确保操作顺畅，让您能专注于最重要的——您的顾客。
📲 QR Order & Pay，下单更快 支付更安全
🛠️ 每个订单都准确打印，0漏单
📊 实时销售&库存追踪，生意动态随时掌握
不要让低效拖累生意发展！
👉 获取免费DEMO，体验不一般的效率！


Caption 3:
🍴 用StoreHub提升您的F&B生意！🍴 再也不用烦漏单、缺货问题，只有流畅又高效的操作体验！
🛠️ 自动订单打印，零错误
📦 多分店库存同步，轻松掌控
💳 忠诚奖励计划，让顾客常回来
使用马来西亚排名第一的POS系统，让您的生意更顺畅！
👉 今天就注册免费DEMO！






","Caption 1:
🍽️ Lambat hantar makanan? Order selalu salah? 😩
Jangan sampai customer lari! Dengan POS StoreHub, semuanya lebih lancar:
📲 QR Order & Pay – servis laju, customer happy
📦 Pantau stok supaya bahan tak tiba-tiba habis
👨‍🍳 Urus staff dengan mudah, kerja lebih teratur
Jangan sampai operasi slow kacau bisnes korang! Upgrade ke StoreHub sekarang! 🚀
👉 Tempah demo percuma hari ini!


Caption 2:
🚀 Bisnes F&B makin sibuk? Jangan biarkan operasi huru-hara!

Dengan StoreHub POS, semuanya jalan lancar, korang boleh fokus pada customer:
📲 QR Order & Pay – pelanggan order sendiri, servis laju
🛠️ Pesanan automatik, tak ada lagi order tersalah cetak
📊 Pantau jualan & stok dalam satu sistem je
Jangan biarkan sistem lambat halang bisnes korang! Try StoreHub sekarang!
👉 Tempah demo percuma & tengok sendiri!



Caption 3:
🍴 Order lambat, stok habis? F&B memang mencabar! 😩

Tapi dengan StoreHub, semua lebih smooth:
🛠️ Pesanan automatik – tak ada lagi order silap
📦 Pantau stok real-time, tak perlu kira manual
💳 Buat loyalty program, tarik pelanggan repeat beli
Jangan buang masa—guna POS #1 di Malaysia sekarang! 🚀
👉 Tempah demo percuma hari ini!

",Bulletproof
,"[Ditch Pen & Paper]
Caption 1:
✍️ Still using pen and paper to manage your F&B business? It’s time for a change.

StoreHub’s all-in-one POS helps you:
📲 Track sales and inventory in real-time
📊 Access reports anytime, anywhere
⚙️ Eliminate manual errors and streamline your operations

Stop juggling between paper logs and systems. Make your work easier with StoreHub today! 👇

Caption 2:
📋 Tired of lost receipts and messy paper trails? StoreHub has you covered.

With our all-in-one POS, you can:
💼 Manage inventory and sales from a single system
📈 Get detailed reports in seconds
🎯 Boost efficiency and accuracy in your F&B business

Switch to a smarter solution with StoreHub today. Book your FREE demo! 👇

Caption 3:
📑 Still relying on pen and paper for your daily tasks?

StoreHub’s all-in-one POS lets you streamline everything:
🛠️ Manage orders, stock, and staff from one platform
📉 Get real-time sales insights at your fingertips
🔄 Sync data seamlessly for smooth operations

Ditch the old ways and make the switch to StoreHub now! 👇

Short Headlines:
Ditch the pen & paper
streamline your F&B business!
Run your business smarte
From paper to POS
Simplify your operations.
Make the switch
All-in-One POS","Caption 1:
✍️ 还在用手写单管理F&B生意吗？是时候升级了！
StoreHub的全能POS帮助您： 
📲 实时追踪销售和库存，不怕漏算
📊 随时随地查看报告
⚙️ 员工不再搞错订单，简化操作更省时

不用手写记单后又跑去系统下单做double-work！试试StoreHub，让运营更顺手！👇


Caption 2:
📋 收据老是找不到？纸质记录乱七八糟？StoreHub帮你解决！
用我们的全能POS，您可以：
💼 同个系统管理库存和销售
📈 打开手机就能获取最新的报告
🎯 提高F&B业务的效率和准确性
今天就切换到更智能的解决方案，马上预约您的免费DEMO！👇
Caption 3:
📑  还在用纸笔处理日常任务？太Out啦！
StoreHub的全能POS让您简化一切： 
🛠️ 同个系统就能管理订单、库存和员工
📊 实时销售数据，轻松掌握业绩动态
🔄 数据同步更新，运营流畅无阻
摆脱旧方式，马上切换到StoreHub！👇

Headlines:
别再用纸和笔
简化您的F&B业务！
更智能地管理您的业务
从手写单到POS
简化您的运营
切换到智能解决方案
全能POS
","Caption 1:
✍️ Masih guna pen & kertas untuk urus restoran atau cafe korang? Dah tiba masanya untuk berubah.
StoreHub POS All-in-One memudahkan korang:
📊 Rekod jualan & stok secara masa nyata
📲Akses laporan di mana saja, bila-bila masa
⚙️ Elak kesilapan manual dan lancarkan operasi
Tak perlu lagi pening dengan log kertas. Mudahkan kerja korang hari ini dengan StoreHub! 👇



Caption 2:
Owner Restoran dan Cafe mesti stress bila resit hilang dan kertas berselerak  📋? StoreHub ada solusinya.
Dengan POS All-in-One kami, korang boleh:
💼 Urus stok & jualan dalam satu sistem
📈 Dapatkan laporan lengkap dalam masa beberapa saat
🎯 Tingkatkan efisyensi & ketepatan bisnes F&B korang
Tukar kepada solusi lebih bijak dengan StoreHub sekarang. Book demo PERCUMA korang hari ini! 👇



Caption 3:
📑 Masih bergantung pada pen & kertas untuk kerja harian?
Dengan StoreHub POS All-in-One, semua urusan jadi mudah:
🛠️ Uruskan order, stok, & staf dalam satu sistem
📉 Jejak jualan secara masa nyata di hujung jari
🔄 Data sync automatik untuk operasi lancar
Tinggalkan cara lama dan bertukar ke StoreHub sekarang! 👇



Headlines:
Stop guna pen & kertas
Efisyenkan bisnes F&B korang!
Urus bisnes dengan lebih bijak
Dari pen & kertas ke POS
Mudahkan operasi bisnes.
Tukar sekarang
POS All-in-One


",Ditch Pen & Paper
,"[Stop this madness]
Caption 1:
😵 Tired of the chaos in your F&B business? It’s time to stop the madness with StoreHub’s all-in-one POS. 

With real-time inventory updates, easy order management, and a reliable system, you can:
✔️ Keep track of ingredients and stock
✔️ Cancel orders with just a tap
✔️ Ensure smooth operations every day

Ready for a more organised business? Try StoreHub today! 👇

Caption 2:
🤯 Feeling overwhelmed with constant questions from your team?

StoreHub’s all-in-one POS answers them all!
✅ Real-time stock management
✅ Instant order corrections
✅ Reliable POS that your team can trust

Stop the madness and start running your business with ease. Get started with StoreHub today! 👇

Caption 3:
💥 Stop the madness of disorganised operations!

StoreHub’s all-in-one POS is the solution!
✅ Seamlessly track your stock
✅ Instantly cancel orders
✅ Reliable POS system that works every time

Switch to StoreHub and bring order to your business today! 👇

Short Headlines:
Stop the madness
Try StoreHub POS today!
Get reliable POS
Stop the chaos!
Answer your team’s questions in seconds 
Ditch the confusion
","Caption 1:
😵 你的F&B生意每天都乱糟糟？让StoreHub全能POS帮你搞定一切！
有了实时库存更新、简单点单管理和超稳POS系统，你可以： 
✔️ 随时掌控食材和库存
✔️  一键取消订单，超方便
✔️ 确保每天的运营顺畅
准备好让您的业务更有序了吗？今天就试试StoreHub！👇
Caption 2:
🤯 每天被团队丢问题轰炸？
StoreHub的全能POS，帮你一次搞定！
✅ 实时库存管理，保证永不缺货
✅ 订单修改秒处理，避免出错
✅ 让你的团队更顺手的POS系统
别再抓狂了！用StoreHub轻松经营生意 👉 现在就试试！👇
Caption 3:
💥 别让混乱的运营搞到没时间休息！
StoreHub全能POS，帮你轻松掌控！
✅ 随时追踪库存
✅ 一键取消订单
✅ 超稳POS系统，每次都能可靠运作
换上StoreHub，让你的生意更有条理！👇
Headlines:
停止混乱
今天试试StoreHub POS！
获得可靠的POS
别再手忙脚乱！
秒解团队问题
摆脱困惑


","Caption 1:
😵 Pening urus restoran sendiri? Semua benda kena jaga, sampai tak cukup tangan?
Dah tiba masa hentikan kekalutan ni dengan StoreHub POS all-in-one! Dengan sistem ni, korang boleh:
✔️ Pantau stok & bahan mentah secara real-time
✔️ Batalkan pesanan dalam satu klik je
✔️ Pastikan operasi harian berjalan lancar
Senang kan? Urus bisnes tanpa stress! Jom try StoreHub sekarang! 👇


Caption 2:
🤯 Staff asyik tanya soalan yang sama?
""Banyak lagi stok?"" ""Boleh cancel order ni?"" ""Sistem sangkut tak?""
Jangan pening kepala! POS all-in-one StoreHub ada jawapan untuk semua ni:
✅ Pantau stok automatik, tak perlu kira manual
✅ Boleh edit & cancel order dengan cepat
✅ Sistem laju & boleh diharap, tak sangkut-sangkut
Cukup lah stress urus kedai. Jom buat kerja lebih mudah dengan StoreHub! 👇


Caption 3:
💥 Kalau operasi huru-hara, macam mana nak jalan bisnes retail?
POS all-in-one StoreHub buatkan semuanya lebih teratur & senang urus!
✅ Pantau stok tanpa pening kepala
✅ Batalkan pesanan dalam beberapa saat
✅ Sistem POS yang stabil & boleh diharap
Jangan tunggu lagi, tukar ke StoreHub sekarang & urus bisnes dengan lebih lancar! 👇



Headlines:
Berhenti pening kepala!
Guna StoreHub POS sekarang confirm senang!
POS yang laju & boleh diharap, jom try!
Cukup lah serabut, buat bisnes lebih teratur!
Staff banyak tanya? Biar POS StoreHub jawabkan!
Tak perlu pening, urus kedai dengan mudah!

",Stop Madness
,"[Store Revenue]
Caption 1: 📈 Is your POS system holding you back? What if you could see your revenue increase with better management? 

With StoreHub, you get:
💡 Instant sales insights
📦 Real-time inventory tracking
👨‍💻 Easy multi-location management

StoreHub is built for growth. Ready to see your revenue climb?

👉 Book your FREE demo today!

Caption 2: 
🚀 Stop letting outdated systems slow you down! With StoreHub, you’ll get all the tools to boost your store’s performance.

📊 AI-powered sales reports
🔄 Seamless stock syncing across locations
👨‍💼 Simplified employee scheduling

Take control of your store’s success.

Get your FREE demo today! 👇

Caption 3: 
💸 Want to see a revenue boost? It starts with having the right tools. StoreHub helps you:

📦 Track your stock across all locations
💻 Access sales data in real-time
📈 Watch your revenue grow

Start making smarter decisions today.

Claim your FREE demo now! 👇

Headlines:
Boost your revenue with StoreHub POS!
Ready to grow your store’s revenue? Start today!
See your revenue climb with real-time data!
","Caption 1:
每天做工做到头昏脑胀，却不知道生意到底赚了多少？POS 系统太旧，只会拖慢你的脚步！

用 StoreHub，就像店里装了一个「聪明大脑」，帮你稳稳看清方向： 
💡 实时销售数据，知道什么最赚钱
📦 库存随时更新，不怕断货或积货
👨‍💻 多间分店也能轻松管理

生意做大不是梦，用 StoreHub 掌控数据开始！
👉 马上预约免费 DEMO 吧！


Caption 2:
还在用 Outdated 的收银系统？像用老爷车跑高速，迟早出问题！
StoreHub 帮你升级装备：
 📊 AI 自动生成销售报告，分析清楚赚什么
 🔄 各分店库存同步，不用到处打电话问
 👨‍💼 员工排班简单清晰，不用花几天时间来烦

想让生意跑得快、做得稳？交给 StoreHub！

现在就预约免费的 DEMO 吧！👇
Caption 3:
想看到 Sales 不断增长吗？你需要的是一套“看得清、管得准”的系统。
StoreHub 就像你生意的方向盘：
 📦 全店库存状况一眼看完
 💻 销售数据实时更新
 📈 看到赚钱趋势，计划才有方向
聪明做生意，从 StoreHub 开始！
👇 立即领取您的免费 DEMO！
Headlines:
StoreHub POS 帮助你提升收入！
准备好让你的商店收入增长了吗？今天就开始！
实时数据掌握趋势，让你找到提升销售的关键！
","Caption 1:
📈 Owner Restoran! Sistem POS lama buat bisnes slow? Dah tiba masa tukar!
Dengan StoreHub, semuanya lebih lancar & sales lebih padu!
💡 Laporan jualan on-the-spot, terus nampak top seller
📦 Pantau stok real-time, tak perlu kira manual
👨‍💻 Urus semua cawangan dalam satu sistem
Nak tengok bisnes korang berkembang? Jom upgrade ke StoreHub sekarang! 🚀
👉 Tempah demo PERCUMA hari ini!
Caption 2:
🚀 Sistem lama buat bisnes slow? Tukar sekarang!
Dengan StoreHub, semuanya lebih mudah:
📊 Laporan jualan AI – tahu apa yang laku, apa yang slow
🔄 Pantau stok automatik, semua lokasi sync sekali
👨‍💼 Urus staff & jadual kerja dengan senang
Jangan biar sistem lama halang kejayaan korang!
👉 Tempah demo PERCUMA sekarang & rasa perbezaannya!
Caption 3:
💸 Nak bisnes korang lagi banyak sales? Kena ada sistem POS yang betul!
Dengan StoreHub, korang boleh:
📦 Pantau stok semua lokasi dalam satu tempat
💻 Akses data jualan real-time, tak perlu tunggu report
📈 Buat keputusan bijak & tengok pendapatan naik
Nak bisnes lebih teratur & sales lebih banyak? Try StoreHub sekarang!
👉 Tuntut demo PERCUMA hari ini!
Headlines:
Nak Sales meningkat? Tukar ke StoreHub POS!
Bersedia nak besarkan bisnes? Start dengan StoreHub!
Jangan biar bisnes slow, upgrade sekarang!
Pantau stock & sales real-time & tengok jualan meningkat!



",Store Revenue
,"[Task Iceberg]
Caption 1:
💼 Running your business should be easy, not a juggling act.

With StoreHub’s all-in-one POS, you can:
📦 Sync your online & offline stock
📊 Analyse customer data with AI insights
🔧 Access 30+ powerful features to run your business smoothly

No more struggling with outdated systems. Make your operations seamless with StoreHub!

👉 Book your free demo today and discover how easy it is to manage it all. 👇

Caption 2:
❄️ Don’t let your business feel like an iceberg—only dealing with the tip of the problem.

With StoreHub, you get:
🛒 A POS system that syncs your online & offline stock
💻 AI-powered customer data analysis to make informed decisions
⚙️ 30+ features designed to streamline every part of your business

Ready to take control? Your full solution is waiting.

🚀 Get started now with a free demo. 👇

Caption 3:
🧊 Running a business shouldn’t feel like an iceberg.
Under the surface, there’s so much more you need—like syncing your stock and analysing customer data.

With StoreHub’s all-in-one POS, you can:

🔄 Keep your stock in sync across all channels
📊 Leverage AI to understand customer trends
⚙️ Access 30+ features for a smooth business operation

Ready for smarter business management? Book your free demo today! 👇

Headlines:
Run Your Business Smarter
Sync Your Stock Across All Channels
Unlock AI Insights
30+ Features with StoreHub.
Take Control of Your BusinesS
StoreHub’s All-in-One POS.","Caption 1:
💼 经营您的生意应该简单，不应该零零散散那么复杂！

通过 StoreHub 的全能 POS 系统，您可以：
📦  线上线下库存同步 – 不怕卖到缺货，让顾客跑单
📊  AI 分析顾客数据 – 知道顾客爱什么
🔧 30多种强大的功能 – 确保业务顺畅运行
别再被旧系统拖累，用 StoreHub 让生意更 smart！
👉 立即预约您的免费 DEMO，体验轻松管理一切。👇
Caption 2:
❄️别让你的生意像冰山一样，表面看着很好，底下超多问题要解决！
StoreHub 可以帮您：
🛒 线上线下库存同步 – 不怕顾客下单后才发现没货
💻 AI分析顾客数据 – 知道顾客爱什么
⚙️ 30多种功能 – 让您的一切运营都在一个地方监督
准备好掌控一切了吗？你的全方位解决方案就在这里！
🚀 马上预约免费 DEMO 👇


Caption 3:
🧊 做生意不应该像冰山一样只看表面，底下的运营才是关键！
除了营销，还有库存管理、顾客分析、销售分析……是不是很头疼？


使用StoreHub的全能POS，您可以：
🔄 所有渠道的库存自动同步，不怕超卖！
📊 AI 数据分析自动生成图表更易懂
⚙️ 30+ 强大功能 – 管理订单、顾客、促销，全都搞定！
找到适合的 POS 帮助您一起管理好生意！ 现在就预约免费 DEMO 吧！👇
Headlines:
更智能地经营您的业务
所有渠道的库存自动同步
AI 实时观察生意动态
StoreHub 提供 30多种功能
全面掌控您的生意
StoreHub 一站式 POS 系统

","Caption 1:
💼 Mengurus perniagaan anda sepatutnya mudah, bukannya susah.
Dengan POS lengkap StoreHub, anda boleh:
📦 Menyelaraskan stok dalam talian & luar talian
📊 Menganalisis data pelanggan dengan wawasan AI
🔧 Akses lebih dari 30 ciri berkuasa untuk memastikan operasi perniagaan berjalan lancar
Tak perlu susah lagi guna sistem lama. Lancarkan operasi kedai dengan StoreHub!
👉 Tempah demo percuma hari ini dan nikmati betapa mudahnya untuk mengurus semuanya. 👇
Caption 2:
 ❄️ 不要让您的生意像冰山一样——仅仅应对问题的冰山一角。
使用StoreHub，您将获得：
🛒 一个同步线上与线下库存的POS系统
💻 使用AI分析客户数据，做出明智决策
⚙️ 30多种功能，帮助您优化业务每个环节
准备好掌控一切了吗？完整解决方案等着您。
🚀 立即开始，预约免费演示。👇
Caption 3:
❄️ Jangan biarkan perniagaan anda terasa seperti iceberg—hanya menangani masalah di bahagian permukaan.
Dengan StoreHub, anda dapat:
🛒 Sistem POS yang menyelaraskan stok dalam talian & luar talian anda
💻 Analisis data pelanggan yang didorong oleh AI untuk membuat keputusan yang lebih baik
⚙️ Lebih dari 30 ciri untuk mempermudah setiap bahagian perniagaan anda
Bersedia untuk mengawal semuanya? 
🚀 Mulakan sekarang dengan demo percuma. 👇
Headlines:
Uruskan Perniagaan dengan Lebih Bijak
Selaraskan Stok kedai Online dan Fizikal
Terokai Zaman AI untuk Bisnes Korang
30+ Ciri dengan StoreHub
Kawal Bisnes Korang dengan Sepenuhnya
POS All-in-One StoreHub
",Task Iceberg
,"[What's Slowing Down]
Caption 1:
🔍 Struggling with overselling, employee management, or stock orders?

StoreHub helps you solve all that with:
📦 Real-time stock syncing
👥 Effortless employee management
📑 Invoicing built into your POS
📊 AI-powered stock ordering recommendations

Get your business running smoother and smarter.

🚀 Book your free demo now! 👇

Caption 2:
⚠️ Is your business running into these challenges?

❌ Overselling stock
❌ Managing employees
❌ No invoicing solution
❌ Uncertain about what stock to order

StoreHub’s all-in-one POS takes care of it.

✅ Sync stock across all locations
✅ Manage staff with ease
✅ Handle invoicing directly in the POS
✅ AI-driven stock ordering insights

Start optimizing your store today.

👉 Get your free demo! 👇

Caption 3:
🚨 Solve your store's headaches with StoreHub.

No more:

❌ Overselling stock
❌ Stressful employee management
❌ Complicated invoicing
❌ Guessing what to restock

All-in-one POS to streamline your operations.
✅ Sync your stock
✅ Manage employees
✅ Smart stock recommendations

Run your business with confidence.
🎯 Book a demo now! 👇
","Caption 1:
💼 经营您的生意应该简单，不应该零零散散那么复杂！

通过 StoreHub 的全能 POS 系统，您可以：
📦  线上线下库存同步 – 不怕卖到缺货，让顾客跑单
📊  AI 分析顾客数据 – 知道顾客爱什么
🔧 30多种强大的功能 – 确保业务顺畅运行
别再被旧系统拖累，用 StoreHub 让生意更 smart！
👉 立即预约您的免费 DEMO，体验轻松管理一切。👇
Caption 2:
❄️别让你的生意像冰山一样，表面看着很好，底下超多问题要解决！
StoreHub 可以帮您：
🛒 线上线下库存同步 – 不怕顾客下单后才发现没货
💻 AI分析顾客数据 – 知道顾客爱什么
⚙️ 30多种功能 – 让您的一切运营都在一个地方监督
准备好掌控一切了吗？你的全方位解决方案就在这里！
🚀 马上预约免费 DEMO 👇


Caption 3:
🧊 做生意不应该像冰山一样只看表面，底下的运营才是关键！
除了营销，还有库存管理、顾客分析、销售分析……是不是很头疼？


使用StoreHub的全能POS，您可以：
🔄 所有渠道的库存自动同步，不怕超卖！
📊 AI 数据分析自动生成图表更易懂
⚙️ 30+ 强大功能 – 管理订单、顾客、促销，全都搞定！
找到适合的 POS 帮助您一起管理好生意！ 现在就预约免费 DEMO 吧！👇
Headlines:
更智能地经营您的业务
所有渠道的库存自动同步
AI 实时观察生意动态
StoreHub 提供 30多种功能
全面掌控您的生意
StoreHub 一站式 POS 系统

","Caption 1:
🔍 Selalu ada masalah overselling, susah nak urus staff dan stok?
Dah sampai masa korang guna sistem POS StoreHub untuk majukan bisnes korang sebab:
📦 Penyelarasan stok masa nyata
👥 Pengurusan staff yang mudah
📑 Cetak dan hantar e-invois terus di POS
📊 Cadangan pesanan stok berkuasa AI
Pastikan bisnes korang beroperasi lebih lancar dan pintar.
🚀 Dapatkan DEMO PERCUMA sekarang! 👇
Caption 2: 
⚠️ Owner kedai retail mesti hadapi cabaran macam ni kan?
❌ Stok terjual lebih dari sepatutnya
❌ Staff suka tipu punch-card
❌ Tiada sistem untuk e-invois
❌ Selalu teragak-agak item apa nak restok 
Sistem POS all-in-one StoreHub’s boleh setelkan semua tu.
✅ Selaraskan stok untuk semua lokasi
✅ Guna “Face-Capture” untuk kehadiran staf 
✅ Urus e-invois terus di POS
✅ Re-stok barang dengan panduan AI
Optimumkan kedai anda hari ini.
👉 Dapatkan DEMO PERCUMA sekarang! 👇


Caption 3:
🚨 Setelkan masalah mengurus kedai retail korang dengan StoreHub.
Tiada lagi:
❌ Stok terjual lebih dari sepatutnya
❌ Stress mengurus staff
❌ Sistem e-Invois yang rumit
❌ Meneka stok apa yang perlu restok
POS StoreHub memudahkan operasi dengan:
✅ Menyelaraskan stok guna AI
✅ Urus kehadiran dan sale staff dengan mudah
✅ Setelkan e-invois dari POS
Uruskankan bisnes korang dengan lebih keyakinan.
🎯 Tempah demo sekarang! 👇
",What's Slowing Down
,"[Customers Slip Away]
Caption 1: 
🚨 Are slow systems and missed orders costing you customers? StoreHub helps your business run smoother so you can keep your customers coming back.

📲 Quick QR Order & Pay – reduce wait times and combat labour shortages
📦 Real-time inventory management – never run out of stock
💳 Built-in loyalty programs – reward your regulars

Ready to keep your customers happy and your revenue growing?
Book your free demo today! 👇

Caption 2: 
⚡ Tired of juggling multiple systems? With StoreHub, you get it all in one POS system—inventory, sales, and customer loyalty all covered!

📊 Track sales and stock in real time
📲 Easy online and in-store sync
💼 Employee management made simple

Switch to StoreHub and streamline your operations today.
Get your free demo now! 👇

Caption 3: 
🔥 Make your operations smoother with StoreHub POS! Wave goodbye to inefficiencies and start managing your business like a pro.

🛠️ Effortless stock tracking – never oversell
📈 AI-powered reporting – know exactly what’s working
📲 Integrated takeaway & delivery – low fees, high profits

Want to see how?
Book your free demo today! 👇

Short Headlines
Keep Your Customers Coming Back with StoreHub POS
Manage Inventory, Staff & Orders All in One System
Upgrade Your POS for Faster Service & Fewer Mistakes
Start Streamlining Your Business with StoreHub Today","Caption 1:
🚨 系统慢和漏单问题正在让您的顾客流失吗？StoreHub帮助您出餐速度更快，顾客更常来。
📲 扫码下单+付款 – 顾客下单不用等，减少人手需求
📦 实时库存管理 – 不怕断货，避免顾客白跑一趟
💳 会员&积分系统 – 吸引常客，提升回头率

想让顾客满意开心，业绩翻倍张？
立即预约免费DEMO！👇


Caption 2:
⚡ 管理多个系统太麻烦？ StoreHub 一站式搞定库存、销售、忠诚度管理，让运营更简单！
📊 实时销售 & 库存追踪 
📲 线上线下数据同步
💼 员工管理更省心 

现在就切换 StoreHub，简化您的运营方式！
👉 预约免费演示！



Caption 3:
🔥 运营太乱？出单一直搞错？StoreHub POS 让你像专业人士一样管理好生意！
🛠️ 库存管理更准确 – 不超卖、不缺货
📈 AI 数据分析 – 告诉你什么最赚钱
📲 整合外卖 & 配送 – 低成本，高利润
💡 想知道它如何帮到你？
👉 立即预约免费DEMO！
想看看如何操作？
立即预约免费演示！👇



Headlines:
StoreHub POS 让顾客更常回来

一站式管理库存、员工和订单

升级您的POS，实现更快的服务，更少错误

今天就开始使用StoreHub简化您的业务！



","Caption 1:
🚨 Lambat hantar order, customer terus lari? 😩
Jangan biarkan servis slow rosakkan bisnes cafe dan restoran korang! StoreHub buat semuanya lebih lancar:

📲 QR Order & Pay – kurangkan masa tunggu, kurang masalah pekerja
📦 Pantau stok real-time, tak ada lagi bahan habis tiba-tiba
💳 Buat loyalty program, tarik customer repeat
Bersedia nak buat customer happy & tingkatkan jualan?
👉 Tempah demo percuma sekarang!


Caption 2:
⚡ Pening kepala sebab kena guna banyak sistem? 🤯

Dengan StoreHub POS, semua ada dalam satu tempat—urus stok, sales & customer dengan mudah!

📊 Pantau stok & jualan secara real-time
📲 Sync order online & offline tanpa masalah
💼 Urus pekerja dalam satu sistem je
Jangan buang masa, tukar ke StoreHub & buat bisnes lebih lancar!

👉 Tempah demo percuma sekarang!



Caption 3:
🔥 Owner Restoran! POS slow buat bisnes sangkut? Tukar sekarang!

Dengan StoreHub POS, korang boleh urus kedai macam PRO!

🛠️ Stok auto-track, tak ada lebih jual atau tak cukup bahan
📈 Laporan AI—tahu apa yang jual & apa yang tak
📲 Penghantaran & self-pickup dah built-in, untung lebih
Nak tengok sendiri macam mana ia berfungsi?/

👉 Tempah demo percuma sekarang!



Headlines:
Jangan biar customer lari, guna StoreHub POS!
Urus stok, staff & order dalam satu sistem!
Upgrade POS, servis lebih laju, kurang masalah!
Mudah urus bisnes, lebih untung dengan StoreHub!



",Customers Slip Away
,"[D3 White background]
Caption 1:
🚀 Serve your customers faster with StoreHub
No more long waits or missed orders. With StoreHub’s POS, you’ll speed up service and keep customers happy.
💡 Streamlined order management for quicker checkouts
💳 Integrated loyalty program to boost repeat business
📊 Real-time data and reports to manage your operations effortlessly

Join over 17,000 businesses trusting StoreHub to grow their sales!
Book a free demo today! 👇

Caption 2:
📈 Increase customer loyalty with StoreHub
Keep your customers coming back with features designed for seamless service and loyalty rewards.
🌟 Loyalty programs that reward repeat customers
⚡ Fast and accurate order management
🛠️ Manage your business operations from anywhere, at any time

Over 17,000 businesses trust StoreHub to streamline their operations.
Get started with a free demo now! 👇

Caption 3:
💼 Manage your daily operations effortlessly with StoreHub
StoreHub’s all-in-one POS system lets you track sales, manage staff, and keep your inventory in check.
📊 Real-time data to monitor performance
🛠️ Employee management features for smooth scheduling
🔗 Seamless syncing between online and offline sales

See why over 17,000 businesses trust StoreHub.
Claim your free demo today! 👇

Short Headlines:
Serve customers faster, increase sales
Boost loyalty with StoreHub POS
Join 17,000+ businesses with StoreHub
Simplify your operations with StoreHub POS","Caption 1:
🚀 用StoreHub为客户提供更快服务
告别长时间等待和错过的订单。使用StoreHub的POS，您将加快服务速度，让客户满意。
💡 简化的订单管理系统，快速结账
💳 集成的忠诚计划，促进回头客
📊 实时数据和报告，轻松管理您的运营
加入超过17,000家信任StoreHub以增长销售的企业！
立即预定免费演示！👇
Caption 2:
📈 提高客户忠诚度，选择StoreHub
通过无缝的服务和忠诚奖励功能，让客户不断回归。
🌟 奖励回头客的忠诚计划
⚡ 快速准确的订单管理
🛠️ 随时随地管理您的业务运营
超过17,000家企业信任StoreHub来简化其运营。
立即开始免费演示！👇
Caption 3:
💼 用StoreHub轻松管理日常运营
StoreHub的一体化POS系统让您轻松追踪销售、管理员工并保持库存管理。
📊 实时数据监控业绩
🛠️ 员工管理功能，顺畅排班
🔗 在线与线下销售的无缝同步
看看为什么超过17,000家企业信任StoreHub。
立即申请免费演示！👇


Headlines:
更快为客户提供服务，增加销售
使用StoreHub POS提升忠诚度
加入17,000+家使用StoreHub的企业
使用StoreHub POS简化您的运营
","Caption 1:
🚀 Layan customer korang dengan lebih pantas menggunakan StoreHub
Tak perlu risau order lambat atau terlepas lagi. Dengan POS StoreHub, korang boleh percepatkan servis dan pastikan customer happy.
💡 Urus order dengan mudah untuk pembayaran lebih cepat
💳 Program membership tersedia untuk buat customer repeat
📊 Data & laporan masa nyata untuk urus operasi tanpa masalah
Lebih 17,000 bisnes happy guna POS StoreHub untuk tingkatkan sales mereka.
Book demo PERCUMA korang hari ini! 👇


Caption 2:
📈 Tingkatkan kesetiaan customer dengan StoreHub
Pastikan customer repeat order dengan program yang direka untuk memudahkan servis dan ganjaran kesetiaan.
🌟 Hadiahkan ganjaran untuk customer setia
⚡ Urus order dengan cepat dan tepat
🛠️ Uruskan operasi perniagaan anda dari mana sahaja, pada bila-bila masa
Lebih 17,000 bisnes dah meudahkan operasi bisnes dengan StoreHub.
Daftar untuk demo percuma sekarang! 👇


Caption 3:
💼 Urus operasi harian bisnes korang tanpa stress dengan StoreHub.
POS All-in-One StoreHub memudahkan korang semak sales, urus staf, dan kawal stok dengan lancar.
📊 Data masa nyata untuk pantau prestasi
🛠️ Ciri pengurusan staf untuk jadual kerja yang teratur
🔗 Sync automatik jualan dari marketplace dan kedai 
Nak tahu kenapa lebih 17,000 bisness percayakan StoreHub?
Daftar untuk demo PERCUMA korang hari ini! 👇



Headlines:
Customer happy, sales meningkat
Tarik customer setia dengan StoreHub POS
Sertai lebih 17,000 bisnes yang guna StoreHub
Mudahkan operasi korang dengan StoreHub POS

",D3 White Background 
,"[SMS so Hot]
Caption 1:
🔥 Using StoreHub's automated SMS is so hot right now
Reach your customers instantly with automated SMS!
📲 Instant updates for customers on orders, promotions, and more
⚡ Save time by automating your messaging
💬 Keep customers engaged with personalised SMS campaigns

Get ahead of the competition and start using StoreHub’s automated SMS today!
Book a free demo now! 👇

Caption 2:
🔥 SMS automation with StoreHub is trending
Get your promotions straight to your customers' phones – automatically!
📈 Increase engagement with personalised, timely messages
💡 Save time with automated order and stock updates
🌟 Boost customer loyalty with consistent communication

Join thousands of businesses using StoreHub’s SMS automation.
Sign up for your free demo today! 👇

Caption 3:
🔥 StoreHub's automated SMS – the must-have tool for 2024
Connect with your customers in real-time, 24/7!
📲 Automated SMS keeps your customers informed without the hassle
⚡ Boost efficiency and reduce manual tasks
💬 Drive sales and build loyalty with personalised messages

Don’t miss out! Get started with StoreHub’s SMS automation today.
Book your free demo! 👇

Short Headlines:
SMS automation – it's hot, it's fast, it’s StoreHub
Boost engagement with automated SMS
Automate your SMS, save time, and grow your business
StoreHub SMS – Hot and ready to go",-,"Caption 1:
🔥 Ramai bisnes dah guna SMS automatik StoreHub – korang bila lagi?

Terus contact customer , tak perlu susah payah fikir cara nak customer repeat!

📲 Hantar SMS menu baru, promo & banyak lagi
⚡ Jimat masa, tak perlu hantar manual satu-satu
💬 Buat pelanggan rasa dihargai dengan SMS peribadi
Jangan ketinggalan! Gunakan SMS automatik StoreHub sekarang! 🚀

👉 Tempah demo percuma hari ini!


Caption 2:
🔥 SMS automatik StoreHub tengah trending!

Promosi sampai terus ke handphone customer—tak susah pun!

📈 Hantar mesej peribadi ikut waktu yang tepat
💡 Update customer secara automatik dengan item terbaru & stok
🌟 Buat customer setia dengan komunikasi konsisten
Dah ramai bisnes guna SMS automatik StoreHub. Korang bila lagi?

👉 Daftar demo percuma sekarang!
Caption 3:
🔥 StoreHub’s SMS automatik— wajib untuk bisnes tahun 2025!
Berhubung dengan customer 24/7 tanpa stress!
📲 Update customer secara automatik, tanpa pening kepala
⚡ Lancar operasi, kurang kerja manual
💬 Tingkatkan sales & buat customer datang balik
Jangan tunggu sampai pesaing guna dulu!
👉 Tempah demo percuma sekarang!
Headlines:
SMS automatik, laju & mudah dengan StoreHub!
Nak customer repeat? Guna SMS automatik!
Automate SMS, jimat masa, tingkatkan jualan!
SMS automatik StoreHub—terus jalan, terus untung!





",Automated SMS
,-,-,"Caption 1: 
Penat kira stok secara manual? 😩
Dengan StoreHub, kemas kini inventori jadi automatik dan pantas.

✅ Pindahkan stok dalam beberapa klik sahaja.
📊 Semua maklumat diselaraskan—tak perlu lagi guna kertas atau periksa berkali-kali.

Jimat masa dan fokus pada mengembangkan bisnes anda.
👉 Isi borang untuk cuba StoreHub hari ini!

Caption 2: 
Pengiraan stok manual makan masa? ⏰
StoreHub mudahkan pengurusan stok anda dengan pindahan automatik yang lancar.

💡 Pindahkan stok antara lokasi dengan mudah.
⚡ Jimat masa, kurangkan kesilapan, dan pastikan operasi berjalan lancar.

Biar StoreHub uruskan semuanya.
👉 Mulakan dengan isi borang sekarang!

Caption 3: 
Pengurusan stok tak patut melambatkan perniagaan. 😤
Dengan StoreHub, pantau dan pindahkan stok tanpa masalah.

🎯 Pindahan stok cepat, mudah, dan tepat.
🛠️ Pasukan anda boleh fokus melayan pelanggan, bukan kira stok.

Sedia nak mudahkan operasi bisnes anda?
👉 Isi borang dan temui StoreHub hari ini!

Optional Caption:
🔄 “Dengan StoreHub, kami hanya tekan butang dan pindahan stok jadi automatik.” Penat kira stok secara manual? 😫
Dengan StoreHub, semuanya ada dalam sistem—cepat dan automatik.

📊 Tak perlu lagi periksa berkali-kali atau guna rekod kertas.

Fokus pada kembangkan bisnes anda, bukan kira stok!
👉 Isi borang untuk cuba StoreHub sekarang!

Short Headlines:
Tak perlu lagi pening kepala kira stok manual. StoreHub mudahkan segalanya.
Pindahkan stok dalam klik, bukan minit.
Permudahkan inventori dengan StoreHub.
Jimat masa, urus stok lebih bijak dengan StoreHub.",VP #1 - 5Luxe Scents
,"[Membership V3]
Caption 1:
💭 Struggling to keep customers coming back after their first visit? Tired of seeing new faces but no repeat business? With StoreHub Loyalty, you can turn casual visitors into loyal regulars who keep returning for more.

📊 Build customised memberships, track points automatically, and reward your customers effortlessly.
🔥 No more missed rewards or stamp cards. 

Boost repeat visits, grow your revenue, and build a thriving community!

Get a FREE demo today!

Caption 2:
Customers love rewards, but they hate juggling loyalty cards and stamps. How can you keep them engaged without adding more work for yourself?

With StoreHub Loyalty, everything is built right into your POS system:
✅ Digital memberships
✅ Real-time points tracking
✅ Automated rewards

💡 Keep your customers coming back while you save time and avoid manual work. Simplify your loyalty program and watch your business thrive!

Caption 3:
⏳ Running a retail or F&B business and finding it tough to get customers to return? Repeat customers are your lifeline, but managing loyalty programs can be a headache.

StoreHub Loyalty makes it easy with:
✅ Easy-to-set-up memberships
✅ Custom rewards and discounts
✅ No more messy paper systems

🚀 Keep your best customers engaged and boost profits with every visit. It’s simple, effective, and built for your business!

Headlines:
Turn one-time buyers into loyal fans
StoreHub Loyalty: Memberships made easy
Keep them coming back – no more manual work
All-in-one POS with automated loyalty",-,-,V3
,"[NEW YEAR FNB V2 - NON PROMO]
Caption 1:
🎉 Ready to make 2025 your restaurant’s best year yet? Managing your F&B business can be stressful, but it doesn’t have to be. Simplify everything with StoreHub:
✅ Better employee scheduling
✅ Faster order management to reduce customer wait times
✅ Easy stock tracking and restocking alerts
🚀 Optimise table turnover, keep customers happy, and boost your bottom line. Start 2025 the smart way with StoreHub’s all-in-one POS!

Caption 2:
🍽️ Tired of juggling endless tasks in your restaurant? New year, new you—simplify your 2025 resolutions with StoreHub!
💡 Streamline your F&B operations with:

Real-time stock tracking so you never oversell
Faster, smoother orders for shorter wait times
Efficient employee management to avoid chaos
🔑 Optimise every part of your business with one simple tool. Serve more customers and grow your profits with ease!
Caption 3:
🌟 2025 Resolutions for every F&B owner:
1️⃣ Cut customer wait times
2️⃣ Improve stock accuracy
3️⃣ Simplify employee management
4️⃣ Optimise table turnover
How? With StoreHub's all-in-one POS.
💼 Save time, avoid mistakes, and make running your restaurant smoother than ever. Start the year strong—see how StoreHub can transform your business today!

Headlines:
2025: Simplify your restaurant management with StoreHub
Save time, serve more: Make 2025 easier with StoreHub
Cut wait times, boost profits – all-in-one F&B POS
Start 2025 strong – streamline your restaurant today!",-,-,-
,"[KFORA VP4]
Caption 1. 
How do you ensure your store is top of mind when customers shop? 🛍️ StoreHub Loyalty combines cashback rewards and membership features to keep your customers coming back.

💳 Simple, automated cashback setup.
👥 Manage customer data easily with memberships.
📲 Send targeted messages to remind customers to visit your store.

Stay unforgettable. 👉 Try StoreHub today!

Caption 2. 
Do your customers remember to come back? 🤔 With StoreHub Loyalty, cashback rewards and memberships give them a reason to always choose your store first.

💡 Automated cashback makes setup a breese.
📚 Use customer data to create targeted promotions.
📲 Send SMS blasts to bring customers back.

Turn occasional shoppers into loyal fans. 👉 Sign up for StoreHub now!

Caption 3.
It’s easy to attract new customers—but harder to keep them coming back. StoreHub Loyalty offers cashback rewards and memberships to help you build lasting relationships.

💳 Set up cashback in minutes—it’s all automated.
👥 Membership tools to manage customer data effectively.
📲 Targeted marketing keeps your store top of mind.

Smarter tools, better results. 👉 Experience StoreHub today!

Headlines
Cashback + Membership = More Loyal Customers 💳
Easy cashback setup, loyal customers for life 📲
Manage loyalty with cashback and memberships 🛍️
Keep your customers coming back with StoreHub 👥",-,"[KFORA VP4]
Caption 1. 
Bagaimana nak pastikan pelanggan ingat kedai anda bila nak membeli-belah? 🛍️
StoreHub Loyalty gabungkan ganjaran cashback dan fungsi keahlian untuk menarik pelanggan kembali.

💳 Tetapan cashback yang mudah dan automatik.
👥 Urus data pelanggan dengan mudah melalui keahlian.
📲 Hantar mesej sasaran untuk ingatkan pelanggan ke kedai anda.

Pastikan kedai anda sentiasa diingati. 👉 Cuba StoreHub hari ini!

Caption 2. Cashback Jadikan Kedai Anda Pilihan Utama
Adakah pelanggan masih ingat untuk kembali? 🤔
StoreHub Loyalty dengan ganjaran cashback dan keahlian memberi sebab untuk mereka sentiasa pilih kedai anda dahulu.

💡 Tetapan cashback automatik yang mudah dan cepat.
📚 Gunakan data pelanggan untuk buat promosi yang tepat.
📲 Hantar SMS untuk menarik pelanggan kembali.

Ubah pembeli sekali-sekala jadi pelanggan setia. 👉 Daftar dengan StoreHub sekarang!

Caption 3. Urus Kesetiaan Pelanggan Dengan Mudah
Mudah menarik pelanggan baru—tapi susah nak buat mereka kembali.
StoreHub Loyalty menawarkan ganjaran cashback dan keahlian untuk bantu anda bina hubungan jangka panjang.

💳 Tetapan cashback hanya beberapa minit—semuanya automatik.
👥 Alat keahlian untuk urus data pelanggan dengan efektif.
📲 Pemasaran sasaran untuk pastikan pelanggan ingat kedai anda.

Alat yang pintar, hasil yang lebih baik. 👉 Cuba StoreHub hari ini!

Headlines
Cashback + Keahlian = Pelanggan Lebih Setia 💳
Tetapan cashback mudah, pelanggan setia untuk selamanya 📲
Urus kesetiaan dengan cashback & keahlian 🛍️
Pastikan pelanggan kembali dengan StoreHub 👥





",VP4
,"[5LuxeScentsCo] VP 1
Caption 1:
Still tracking stock with pen and paper? 😵‍💫 StoreHub simplifies stock management with automated inventory tracking and stock transfer tools.

📦 Manage over 100 SKUs in just a few clicks.
⏱️ Save hours spent on manual calculations.
🤝 Keep your operations smooth with synced systems.

Stop wasting time—start simplifying today. 👉 Try StoreHub now!

Caption 2:
Manually checking stock back and forth is exhausting, right? 🤔 StoreHub makes it easy with real-time inventory updates and automated stock transfers.

💡 Track morning and evening stock in minutes, not hours.
📦 Transfer stock across locations with just one tap.
🤝 Spend less time calculating and more time growing your business.

Run your store like a pro. 👉 Sign up with StoreHub today!

Caption 3. 
Tired of messy, manual stock management? StoreHub replaces paper systems with efficient, automated tools.

📦 No more back-and-forth stock calculations.
⏱️ Save time with easy stock transfers.
👥 Simplify staff workflows for smoother operations.

Smart tools for smarter retail. 👉 Experience StoreHub now!

Headlines
Ditch the manual work—track stock smarter 📦
Stock transfers made easy with StoreHub ⏱️
Simplify your inventory, save more time 🤝
Run smoother operations with StoreHub 🛍️",-,"[5LuxeScentsCo] VP 1

Caption 1:
Asyik kira stok cara manual sampai pening? 😵‍💫 Dengan StoreHub, semua urusan stok korang jadi automatik—cepat, senang, tak pening kepala!

📦 100 SKU? Boleh settle dalam beberapa klik je!
⏱️ Tak payah habiskan masa buat kiraan manual yang leceh.
🤝 Operasi kedai jadi lebih smooth, korang rileks je.

Dah masanya untuk upgrade cara korang buat bisnes. 👉 Jom cuba StoreHub sekarang!

Caption 2:
Berapa lama lagi nak bazir masa kira stok cara manual? 🤔 StoreHub boleh ubah cara korang urus bisnes dengan sistem inventori masa nyata.

💡 Semak stok pagi & malam dalam beberapa minit je
📦 Stok habis? Transfer stok ke cawangan lain dengan satu klik
🤝 Masa & tenaga korang boleh simpan untuk yang expand bisnes

Ubah cara korang urus bisnes. 👉 Daftar StoreHub sekarang!

Caption 3:
Asyik kira stok cara manual sampai tersalah kira? 😬 Stop cara lama, jom move on dengan StoreHub, sistem yang jimat masa & tenaga korang!

📦 Kira stok automatik, tak perlu pening kepala lagi
⏱️ Transfer stok ke cawangan lain dengan satu klik
👥 Mudahkan aliran kerja kakitangan untuk operasi yang lebih lancar.

Jom upgrade kedai retail korang—Cuba StoreHub sekarang! 👉

Headlines
Tak payah kira stok manual lagi, jimat masa ⏱️
Transfer stok jadi super senang dengan StoreHub 📦
Mudahkan inventori anda, jimat lebih masa 🤝
Jalankan operasi dengan lancar bersama StoreHub 🛍️",[5LuxeScentsCo]  VP #1
,"[5LUXE SCENTS] VP2
Caption 1:
😤 If your current POS feels limited, it’s time for StoreHub. Like 5Luxe Scents, our merchants made the switch—and they haven’t looked back.

📦 Transfer stock instantly—no more manual updates.
📋 Track receipts, stock, and attendance in one place.
📊 Get AI-powered insights to grow your business.

Thousands of merchants have made the switch. Will you? 👉 Try StoreHub today!

Caption 3:
Switched and Loving It
""We used to use Loyverse, but it was so difficult."" Sound familiar? 😅
Thousands of merchants like you have switched to StoreHub—and here’s why:

📦 Automated stock transfers—no more one-by-one updates.
⏱️ Employee schedules and attendance? Handled.
📊 All your business data in one place, whenever you need it.

Switch smarter. 👉 Discover the difference with StoreHub today!

Updated Headlines:
Made the switch? See the difference. ✅
Stop struggling—switch to StoreHub. 🛑
Upgrade your store with ease. 📦
Smoother systems, smarter stores. 📊",-,"Caption 1:
😤 POS yang korang guna sekarang macam tak cukup power? Dah tiba masanya upgrade ke StoreHub! Tengok 5Luxe Scents Co, dah tukar dan tak pernah rasa rugi.

📦 Transfer stok automatik—tak perlu kemas kini cara manual lagi.
📋 Semak resit, stok, dan kehadiran staf dalam satu sistem.
📊 Gunakan data AI untuk kembangkan bisnes korang.

Lebih 17,000 bisnes dah upgrade. Korang bila lagi? 👉 Cuba StoreHub sekarang!

Caption 2:
Owner kedai Retail 📣! Kenapa settle dengan sistem POS biasa-biasa? Kalau sistem lama buat korang pening, ini masanya untuk tukar ke StoreHub! ⏳ Ramai bisnes dah kata benda sama—dah cuba sistem lain, tapi tak cukup power.

StoreHub:
💡 Automasi pengurusan stok & kehadiran staf.
📱 Uruskan segalanya dari telefon anda, di mana sahaja.
🎉 Buat customer happy dengan program membership automatik dalam sistem yang sama.

Upgrade ke POS yang bantu bisnes korang grow. 👉 Start dengan StoreHub sekarang!

Caption 3:
Upgrade & Puas Hati! ""Dulu kami guna Loyverse, tapi leceh sangat."" Korang pun pernah alami benda yang sama? 😅 Sebab tu ramai bisnes macam korang dah tukar ke StoreHub!

📦 Transfer stok automatik—tak payah kemas stok manual satu-satu.
⏱️ Jadual kerja & kehadiran staf? Semua settle siap-siap.
📊 Semua data bisnes dalam satu tempat—bila-bila boleh check.

Jangan tunggu lama-lama. 👉 Cuba StoreHub & rasa bezanya hari ini!

Headlines:
POS lama tak best? Tukar ke StoreHub sekarang! 💡
Jangan susah hati—beralih ke StoreHub. 🛑
Upgrade kedai korang dnegan StoreHub. 📦
Urus bisnes macam pro dengan StoreHub. 📊",VP #2 - 5Luxe Scents
,"[Ohh Sunday VP3]
Caption 1:
Frustrated with complicated POS systems? 😩
With StoreHub’s easy-to-use interface, you’ll be up and running in no time.
✅ Quick setup, simple to use.
🔧 Get answers fast with our FAQ and online tutorials.
Focus on your business, not tech headaches.
👉 Fill out the form to start with StoreHub today!


Caption 2:
Don’t let tech slow you down. 🤯
StoreHub is built to be simple—get started with ease thanks to its user-friendly design.
💡 Intuitive POS system.
📚 Fast help with our FAQ and online training.
Take control of your business today.
👉 Fill out the form and try StoreHub now!
Caption 3:

Switching to a new POS should be simple, not stressful. 😤
With StoreHub, it’s all about ease—no complicated setup.
🎯 Quick to learn and set up, on your own terms.
⚡ Focus more on running your store and less on tech issues.
Ready to make the change?

👉 Fill out the form and get started with StoreHub today!
 Headlines:
Simple. Fast. Ready to use.
Get your store up and running with StoreHub.
Run your business smoother with StoreHub.
Make the switch today—StoreHub makes it easy.



","[Ohh Sunday VP3]

Caption 1:
您的POS系统是不是复杂又难用？😩
StoreHub 给您最简洁的系统界面，2天内轻松上手！

✅ 快速设置，操作无压力。
🔧 常见问题解答+在线教程，随时解决您的疑问

让您专注发展业务，不再被技术难题困扰！
👉 马上填写表格，开始使用StoreHub吧！
Caption 2:
别让系统问题拖垮您店里的运营。🤯
StoreHub设计直观易懂，让您轻松上手。

💡 简单易用的界面
📚 常见问题解答+在线培训，快速获得技术帮助

从今天起，掌控您的业务！
👉 填写表格，马上体验StoreHub！
Caption 3:
换POS系统就该像换手机一样简单！😤
使用 StoreHub，无需复杂设置，轻松搞定。

🎯 详细FAQ解答让您快速完成安装与操作
⚡ 节省时间，全心专注提升营业额

准备好切换到StoreHub 吗？


👉立马填写表格，今天就开始使用！
Headlines:
简单、快速、即刻使用。
StoreHub 助您轻松开店运营！
使用StoreHub，经营更轻松。
今天就做出改变——StoreHub让一切更简单。



",-,VP3
,"[Ohh Sunday VP4]
Caption 1: 
Tired of missing customer orders? 😩
With StoreHub's built-in web store, everything becomes so much simpler—orders are handled directly online.

✅ Customers can place their orders and pay right away.
🔧 All order details are clearly visible.

No more missed orders!
👉 Fill out the form and get started with StoreHub!



Caption 2:
Customers have to DM you every time they want to order? 🤯
StoreHub’s built-in web store allows customers to easily place orders and pay directly.

💡 Automatically capture customer details.
📚 All order data is clearly visible, saving you time.

Say goodbye to missed orders.
👉 Fill out the form and experience StoreHub now!



Caption 3:
Never worry about missing customer orders again! 😤
StoreHub’s built-in web store makes order management effortless, with all details visible once the customer places an order.

🎯 Customers place orders and pay directly.
⚡ Quickly view order details, saving you time and effort.

Want a simpler way to run your business?
👉 Fill out the form and get started with StoreHub today!


Headlines:
Built-in web store, easy order management.
Run your business more efficiently with StoreHub.
Customers order online directly, saving time and hassle.
No more missed orders—StoreHub makes it easy.


","[Ohh Sunday VP4]
Caption 1:
经常错过顾客的DM信息，少接生意？😩
StoreHub 自带与您的库存数据连接的Webstore——订单直接在线处理，实时更新。


✅ 顾客可以直接下单并支付
🔧 所有订单&物流信息一目了然

不再错过任何一个客户！
👉 填写表格，开始使用StoreHub！


Caption 2:
每次顾客想下单时都要先DM？🤯
StoreHub的内置Webstore让您的顾客可以轻松查看商品信息，直接下单支付。

我们的Webstore能够帮您：
💡 自动收集顾客信息
📚 所有订单数据一目了然，保证不出错，节省您的时间


无需再烦恼漏单问题
👉 填写表格，马上体验StoreHub！



Caption 3:
再也不担心错过顾客订单了！😤
StoreHub自带的Webstore让订单管理更轻松。顾客完成下单后，所有信息都能在后台查看。

🎯 顾客直接下单并支付
⚡ 快速查看订单信息，省时省力


想要更轻松的运营方式吗？
👉 填写表格，立即开始使用StoreHub！


Headlines:
内置Webstore，轻松接单。
使用StoreHub，管理订单更高效。
客户直接在线下单，省时又省心。
不再漏单，StoreHub让运营更简单。



",-,VP4
,"[Ohh Sunday VP5]
Caption 1:
Are your customers forgetting to return? 😟 StoreHub Loyalty offers cashback AND memberships, so your customers always have a reason to come back.

💳 Easy-to-track cashback rewards.
👥 Build memberships that grow loyalty.
📈 See all the data in one system.

Turn one-time shoppers into lifetime fans. 

👉 Try StoreHub today!
Caption 2:
Customers only shop once and never return? 🚪 StoreHub Loyalty gives you the tools to keep them coming back.

💡 Cashback rewards and memberships in one system.
📲 Send SMS promotions directly to their phones.
📊 Track every reward and redemption effortlessly.

Happy customers, thriving business.

 👉 Get started now!
Caption 3:
Do you really know who your regulars are? 🤔 With StoreHub Loyalty, it’s simple to reward customers and keep them coming back.

👗 Cashback rewards tailored for retail.
👥 Build memberships that make them feel valued.
📚 All your loyalty data in one place.

Run a smoother, smarter retail store.

 👉 Try StoreHub for free!
Headlines
Cashback + Memberships = More Loyal Customers 💳
Reward your customers, track your growth 📈
Loyalty tools made simple for retail 🛍️
Turn shoppers into members with StoreHub 👥
","[Ohh Sunday VP5]
Caption 1:
顾客很久没回来光顾了吗？😟
StoreHub Loyalty 提供 Cashback 和 Membership 功能，让顾客更爱回头消费！

💳 自动追踪Cashback 兑换率，随时调整更吸引顾客的奖励
👥 开启 Membership 计划，把顾客变成常常回来的忠实会员
📈 数据集中管理，所有信息一目了然
把“一次消费”变成“忠实常客”！
👉 立即体验 StoreHub！
Caption 2:
顾客只来过一次就不见踪影？🚪
StoreHub Loyalty 帮您吸引顾客反复回来光顾！
💡 现金回扣和会员功能集成在一个平台
📲 通过短信直接发送促销活动
📊 轻松追踪奖励和兑换数据

让顾客买得更开心，生意更火红
👉 现在就开始吧！
Caption 3:
您知道如何留住您的老顾客吗？🤔使用 StoreHub Loyalty，让奖励更简单，顾客更常回头！

👗 零售专属现金回扣功能，吸引顾客再次光临
👥 打造让顾客感到惊喜的会员计划
📚 所有忠诚数据都集中在一个系统里，管理超省心

让您的零售店运营更轻松、更智能！
👉 立即免费试用 StoreHub！
Headlines
现金回扣 + 会员 = 更多忠实顾客 💳
奖励顾客，同时提升业绩 📈
为零售商量身定制的Loyalty工具 🛍️
用 StoreHub 将顾客变成会员 👥



",-,VP5
,"[Ohh Sunday VP1]
Caption 1:
Running your retail store with spreadsheets? 📝 Manual entries lead to mistakes—and lost sales.

With StoreHub:
⏰Inventory updates in real-time
📦No more overselling or overstocking
🛍️ Track every product effortlessly

Say goodbye to human errors. 👋 Your stock. Accurate. Always.

Choose StoreHub & Request a free demo today


Caption 2:

Ever lost track of stock? Or sold an item you didn’t actually have?
That’s the manual system headache.

StoreHub POS tracks your inventory:
✔️ Real-time updates
✔️ Accurate stock counts
✔️ Peace of mind

Stay stocked, not stressed with StoreHub. Request a free demo today.
Caption 3:  

Tired of fixing errors in Excel? Manual inventory means mistakes, confusion, and losses.

Switch to StoreHub POS:
✨ Automated inventory tracking
✨ Real-time stock updates
✨ Sales and stock, perfectly in sync

Run your store. Not your spreadsheets with StoreHub. Get a free demo today.
 Headlines:
Real-time inventory. Real peace of mind.
Manual mistakes? StoreHub stops them.
Track your stock. Never oversell again.
Ditch spreadsheets. Run your store with ease.
","[Ohh Sunday VP1]
Caption 1: 
还在用 Excel 管理您的零售店？📝 手动记录最容易出错，导致销售损失。
使用 StoreHub：
⏰ 实时更新库存
📦 不再超卖或积压货物
🛍️ 轻松追踪每件商品
告别人为错误！👋 确保您的库存永远准确无误。
选择 StoreHub，立即申请免费DEMO！
Caption 2:
库存跟踪混乱？售出缺货商品？ 手动系统太麻烦了！
StoreHub POS 库存管理：
✔️ 实时更新
✔️ 精准库存统计
✔️ 轻松无忧管理
保持库存准确，不再烦恼。
立即申请 StoreHub 免费DEMO！
Caption 3:
用 Excel 管库存？错误、混乱、损失接踵而来！
升级到 StoreHub POS：
✨ 自动追踪库存
✨ 实时更新数据
✨ 销售与库存完美同步
告别Excel，用StoreHub管理您的店铺！


立即获取免费DEMO！
Headlines
📊 实时库存，安心无忧。
❌ 告别手动错误，StoreHub 帮您搞定！
📦 精准库存追踪，不再超卖！
💻 告别Excel，轻松管理您的店铺。

",-,VP1
,"[Ohh Sunday VP2]
Caption 1:

Tired of seeing customers come once and never return? 😓 With StoreHub Cashback, every purchase becomes a reason for them to come back! 

💰 Offer cashback rewards and watch your repeat sales grow. 
📈 Happy customers = loyal customers. 

Keep them coming back for more! 🛍️


Caption 2:
Other boutiques don’t offer cashback? 🤔 That’s your edge! With StoreHub Cashback, customers choose you first. 
⭐ More repeat sales. More loyal customers. 
Turn every visit into a return trip and leave the competition behind. 🏆


Caption 3:
Before StoreHub Cashback, bringing customers back felt like guesswork. 🤷‍♂️ Now, every purchase creates loyalty. 
💳 Customers love earning cashback—and they love coming back. 
🥳 More repeat sales. Less guesswork. More smiles at checkout! 

Request a StoreHub free trial today😁


Headlines:
💰 Cashback that keeps them coming back!
🔄 Repeat customers? StoreHub makes it simple.
🏆 Loyalty that sets your store apart.
📈 More cashback. More repeat sales.


","[Ohh Sunday VP2]
Caption 1:
顾客买一次就不回头了？😓 别担心！有了 StoreHub Cashback，每次消费都是他们回头的理由！
💰 提供现金回馈，轻松提升回头率。
📈 顾客开心 = 忠实回头客！
让他们一次又一次地回来消费吧！🛍️


Caption 2:
别家服装店没有Cashback？🤔 那您的超车机会来了！有了 StoreHub Cashback，顾客优先选择您！
⭐ 更多忠实顾客，更多回头消费。

让每次光顾都变成回头之旅，超越竞争对手！🏆
Caption 3:
用 StoreHub Cashback之前，留住顾客全靠猜。🤷‍♂️现在，每笔消费都在赢得顾客心！
💳 顾客赚现金回馈，越赚越想回来！
🥳 回头客更多，运营更省心，顾客笑容更灿烂！😁
立即申请 StoreHub 免费试用！
Headlines
💰 现金返利，让顾客不断回头！
🔄 想要更多回头客？用 StoreHub 轻松搞定！
🏆 用顾客忠诚度打造独特竞争力！
📈 更多返利，更多回头消费！


",-,VP2 - OhhSunday
2025,,,,
,-,-,"[Pen & Paper VS POS]
Caption 1
🛑 Owner kedai Kafe, penat dengan order salah & proses lambat bila ambil order guna kertas?

Lepas guna StoreHub POS dengan QR Order & Pay:
✅ Tiada lagi order salah!
✅ Proses order 2x lebih cepat 🚀
✅ Pelanggan puas hati & datang lagi 😍
✅ Siap ada E-Invoicing, 
✅ Urus stok & semak sales yang mudah!

💥 Diskaun 55% perkakasan POS hari ini je!
📲 Jom ubah cara berniaga—Dapatkan Demo PERCUMA sekarang!

Caption 2: 

Staff kurang, waktu busy… tapi order jalan smooth sebab semua customer guna QR Order & Pay.
Mesti owner-owner cafe suke feature QR order betul tak? 

Lagi complete kalau guna POS StoreHub sebab: 
✅ Tak payah ambil order satu-satu—semua self-service!
✅ Kalau silap, customer sendiri tekan salah 😅
✅ POS laju, E-invoicing pun terus siap!
✅ Customer happy, repeat datang makan lagi 😍

💥 Diskaun 55% perkakasan POS hari ini je! Dapatkan Demo PERCUMA sekarang. 

Caption 3: 

Dulu guna kertas ambil order— kertas hilang, tulis salah, lupa hantar order. 
Sekarang, semua customer order sendiri guna QR Order & Pay dengan POS StoreHub!

✅ Proses order 2x lebih cepat 🚀
✅ Kalau salah order, customer sendiri tersilap tekan
✅ Staff pun tak pening nak ulang-ulang order
✅ Siap ada E-Invoicing & sales report pun senang cek!

Nak kurang silap & kerja jadi lancar?
👉 Cuba demo StoreHub hari ni!

Headlines:
Tiada Lagi Salah Order Bila Guna POS Storehub!
Storehub QR Order = Order Laju & Tepat
Customer Order Sendiri, Staff Pun Kurang Stress
Tak Payah Guna Kertas Dah! Semua Gune QR Je!
Order Tepat, Servis Laju, Customer Puas Hati",VP1 The Pinggan
,-,-,"[Customer Data increased sales by 15%]

Caption1: 
🤔 Customer datang sekali je? Sayanglah!

Dengan StoreHub, lepas customer bayar je 💳, dia terus dapat 5% cashback 💰.
Next time datang, customer hanya perlu scan & redeem 🎉.
✅ Senang untuk customer 😍
✅ Kita dapat data terus 📱
✅ Sales naik, pelanggan repeat 📈
✅ Siap ada E-Invoicing, 
✅ Urus stok & semak sales yang mudah!

👉 Nak sistem yang buat customer datang balik? Try demo percuma StoreHub sekarang! 🔗

Caption 2: 
Owner-Owner Cafe yang tak simpan data customer = rugi besar! 📉

StoreHub bantu kumpul nombor phone masa order—terus masuk sistem 📲.
Lepas tu, cashback automatik 🎁 untuk setiap pembelian.
📈 Sales naik 10–15%
💳 Loyalty jalan sendiri
🧾 Tak perlu sistem asing-asing, semua dalam satu je!
✅ Siap ada E-Invoicing, 
✅ Urus stok & semak sales yang mudah!

👉 Tempah demo percuma & tengok sendiri senangnya! 🚀

Caption 3:
🙄 Customer lupa kedai korang? Sebab tak ada sebab nak datang balik?

Dengan StoreHub, korang bagi sebab yang kuat untuk customer datang balik sebab ada cashback untuk setiap order 🛒.
Customer happy, repeat sale makin naik 💸.
✅ Dapat data 📱
✅ Cashback auto 💥
✅ Semua dalam StoreHub POS ⚙️
✅ Siap ada E-Invoicing, 
✅ Urus stok & semak sales yang mudah!

👉 Nak loyalty program yang jalan sendiri dalam 1 sistem POS? Jom try demo StoreHub sekarang! ✨

Headlines: 
StoreHub Cashback Buat Customer Repeat!
Customer Happy Repeat Order Bila gune StoreHub!
5% Cashback = Sales Naik 15%!
POS + Membership + Loyalty = Semua Dalam StoreHub
Nak Tarik Customer Datang Balik? Guna StoreHub Cashback!


",VP2 The Pinggan
,-,-,"[StoreHub Engage + auto SMS]

Caption 1: 
🧠 Selalu lupa nak blast SMS ke customer untuk repeat order?
Auto-SMS jadi mudah dengan StoreHub Engage, semua jalan sendiri 🔁.
Lepas makan 🍽️, customer dapat SMS 💬.
2 minggu lepas tu, sistem ingatkan pasal cashback 💰.

✅ Customer rasa dihargai 🥰
✅ Semua auto, tak payah buat manual
✅ Repeat customer makin ramai 🔁
✅ Siap ada E-Invoicing, 
✅ Urus stok & semak sales yang mudah!

👉 Nak engage customer tanpa stress? Try StoreHub sekarang! 🚀

Caption 2: 
👋 Owner -Owner Cafe! Customer korang makan sekali, lepas tu hilang?

Dengan StoreHub mudah je nak panggil customer datang balik secara automatik. Tak payah buat manual.
SMS hantar ikut timing ⏱️, confirm customer rasa kita appreciate dia 🫶.

✅ SMS follow-up selepas 2 jam & 2 minggu 📆
✅ Cashback reminder jalan sendiri 💡
✅ Semua dalam satu sistem POS 📲
✅ Siap ada E-Invoicing, 
✅ Urus stok & semak sales yang mudah!

👉 Book demo PERCUMA & tengok macam mana StoreHub boleh bantu 💼

Caption 3: 
😓 Susah nak buat customer datang balik ke cafe korang? 
Ni rahsia The Pinggan Cafe dekat Johor, Guna StoreHub Engage hantar SMS  💌 ke customer secara automatic .
Customer pun rasa dihargai bila kita SMS ingatkan diorang ada cashback. 

✅ Repeat order naik 📈
✅ Customer trust makin kuat 💖
✅ Semua data dan loyalty dalam satu sistem 🔧
✅ Siap ada E-Invoicing, 
✅ Urus stok & semak sales yang mudah!

👉 Nak sistem yang buat customer rasa korang ingat dia? Try StoreHub 💫

Headlines: 
Naik Repeat Sales 15% Bila Guna StoreHub
StoreHub Engage = Customer Ingat, Customer Datang Balik
SMS Automatik, Kita Fokus Urus Kedai
StoreHub Automasikan SMS ke Customer
Tingkatkan Sales Dengan Storehub Engage 
",VP3 The Pinggan
,-,-,"Caption 1: 
🍴 Cashback dari POS StoreHub buat customer repeat sampai 8 kali sebulan 🤯 
Owner restoran — nak bagi reason kuat untuk customer repeat? Guna sistem loyalty terus dalam StoreHub!

✅ Scan > Order > Bayar—cashback terus masuk 🎉
✅ Tak payah kupon manual, semua auto
✅ Order jalan laju, customer pun happy 🚀
✅ Semua sales & stok settle dalam satu sistem 🧾

👉 Nak loyalty program yang power & jimat masa? Dapatkan demo PERCUMA StoreHub sekarang!

Caption 2: 
☕ Owner kafe! Bayangkan pelanggan datang 8 KALI sebulan semua sebab CashBack dari sistem POS StoreHub  🤯 

Dulu bagi kupon, customer buang je.
Dengan Cashback StoreHub, semua auto track & customer repeat datang!

✅ Customer cuma perlu scan, order & bayar 📱
✅ Cashback terus masuk phone customer 💸
✅ Proses order 2x lebih cepat 🚀
✅ Siap ada E-Invoicing & urus stok pun senang!

👉 Nak pelanggan repeat tanpa perlu kejar-kejar? Jom try StoreHub! 🚀

Caption 3:
☕ 8 kali sebulan customer repeat datang — semua sebab 5% cashback je! 🔥
Owner kafe — cukup-cukuplah stress bagi kupon kertas!
Dengan StoreHub POS, loyalty customer jalan sendiri tanpa pening!

✅ Cashback auto masuk lepas bayar 💳
✅ Tak perlu kupon, semua dalam sistem
✅ Order 2x lebih cepat 🚀
✅ Urus sales & stok lebih smooth 📦

👉 Nak loyalty system yang buat customer tak sabar nak datang balik? Tempah demo StoreHub hari ni! 

Headlines: 
8X Repeat Customers Sebulan Dengan Cashback! 😱
Cashback StoreHub: Pelanggan Repeat Sampai 8 Kali!
5% Cashback Je, Sales Meningkat Dengan StoreHub! 🔥
Customer Repeat Tanpa Kejar, Guna StoreHub!
Nak Customer Datang Lagi & Lagi? Cashback-Storehub!",VP4 The Pinggan
,-,-,"Caption 1: 
🍴 Dekat Johor, ramai owner kafe & restoran dah guna StoreHub — sebab nak setup dan guna senang terus boleh jalan bisnes! 💨
Bukan setakat sistem power, StoreHub hantar team terus datang JB setting & ajar korang!

✅ Staff StoreHub turun kedai, tolong setup semua 💪
✅ Menu, POS, order semua siap dalam satu hari
✅ Proses order laju, pelanggan puas hati 🚀
✅ Stok & sales boleh semak bila-bila masa 📊

👉 Tak nak pening nak setup? Try demo PERCUMA StoreHub sekarang!

Caption 2:
🍽️ Baru buka Cafe, sales terus jalan laju! Staff StoreHub siap datang setup POS sampai smooth! 🚀
Owner restoran/kafe — takut sistem baru susah nak guna? Dengan StoreHub, semua jadi senang!

✅ Onboarding tanpa pening, staff ajar terus di kedai
✅ Order 2x lebih cepat 🚀
✅ Pelanggan happy, repeat datang 😍
✅ E-Invoicing & urus sales/stok dalam satu sistem!

👉 Nak bisnes jalan smooth dari hari pertama? Try StoreHub sekarang!

Caption 3:
☕ Cafe kat JB nak jalan laju? Staff StoreHub boleh turun ajar terus! 🔥
Owner kafe Johor — tak payah risau setting susah.
StoreHub siap guide satu-satu sampai kedai korang ready jalan.

✅ Training & support terus dekat kedai, bukan cakap online je
✅ Order 2x lebih laju 🚀
✅ Semua stok & sales auto track 📈
✅ Pelanggan repeat sebab servis laju & puas hati 😍

👉 Nak tengok StoreHub buat kerja korang jadi ringan? Book demo sekarang!

Headline:
Kat JB, Restoran Jalan Laju Guna StoreHub! 🚀
Buka Kedai Kat Johor, Setup POS StoreHub Terus Siap!
Staff StoreHub Turun Kedai, Bantu Setup POS!
Kafe Jalan Smooth Dari Hari Pertama Guna StoreHub
Owner Cafe Johor, Tak Payah Risau Setup POS StoreHub!
",VP5 The Pinggan
,"[No E-invoicing]
Caption 1: 
💸 Restaurant owners, wasting money on a POS that doesn’t do what you need? You’ve spent too much on systems that don’t help with the basics:
❌ No e-Invoicing – falling behind on regulations.
❌ Manual stock checks – wasting time you don’t have.
❌ No QR payments – frustrating your customers during peak hours.

With StoreHub, you get:
✅ Integrated e-Invoicing – stay compliant effortlessly.
✅ QR Order & Pay – speed through busy hours.
✅ Real-time inventory tracking – no more overselling.

💡 Cut costs, not corners. Book a free demo today and see how StoreHub transforms your restaurant!

Caption 2: 
🛍️ Retailers, fed up with outdated POS systems that fail your business? Stop struggling with systems that let you down:
❌ No e-Invoicing – putting compliance at risk.
❌ Poor stock visibility – causing missed sales.
❌ No loyalty features – keeping customers from coming back.

Switch to StoreHub for solutions that work:
✅ Integrated e-Invoicing – simplify compliance.
✅ Real-time stock syncing – keep shelves full and sales flowing.
✅ Built-in loyalty programs – increase repeat customers.

🎯 Stop losing sales. Start growing. Book a free demo today and see how StoreHub works for your store!

Caption 3: 
💡 Business owners, tired of juggling outdated systems and daily headaches? Running a business is hard enough without these problems:
❌ No e-Invoicing – leaving you vulnerable to penalties.
❌ Stock issues – during your busiest hours.
❌ Limited data insights – holding back your growth.

With StoreHub, you can:
✅ Automate compliance with e-Invoicing.
✅ Sync inventory across locations – no more stockouts.
✅ Drive sales with AI-powered insights and loyalty tools.

📅 Start 2025 on the right track – up to 55% off StoreHub! Book your free demo today.

Updated Headlines
Overpaying for your POS? Get StoreHub now!
Stay compliant and grow sales with StoreHub POS.
Retailers and restaurateurs: Save up to 55% this January!
One POS system, countless solutions – try StoreHub.
","[No E-invoicing]
Caption 1:
💸 餐厅老板，是不是厌倦了花钱买POS系统却不符合需求？你已经在这些基本功能不足的系统上浪费了太多钱：
❌ 没有电子发票 – 可能无法满足法规要求。
❌ 手动盘点库存 – 浪费了宝贵时间。
❌ 没有二维码支付 – 高峰时让顾客感到失望。

使用StoreHub，您将获得：
✅ 集成电子发票 – 轻松合规。
✅ 二维码点单和支付 – 快速应对繁忙时段。
✅ 实时库存追踪 – 再也不用担心超卖。

💡 节省成本，不降质量。立即预约免费演示，看看StoreHub如何改变您的餐厅！

Caption 2:
🛍️ 零售店老板，是不是受够了不可靠的POS系统？别再受制于这些让您头疼的系统：
❌ 没有电子发票 – 让合规变得困难。
❌ 库存管理混乱 – 导致销售损失。
❌ 没有顾客忠诚计划 – 留不住顾客。

切换到StoreHub，解决所有问题：
✅ 集成电子发票 – 简化合规流程。
✅ 实时库存同步 – 保证货架充足，销售流畅。
✅ 内置会员奖励计划 – 提高顾客回购率。

🎯 别再丢失销售机会。开始增长吧。立即预约免费演示，看看StoreHub如何为您的门店提供解决方案！

Caption 3:
💡 企业老板，是不是厌倦了使用老旧系统并处理每日的麻烦？经营业务已经够难了，别再受这些问题困扰：
❌ 没有电子发票 – 面临罚款风险。
❌ 库存问题 – 在最忙碌的时候发生。
❌ 数据分析不足 – 阻碍业务增长。

使用StoreHub，您可以：
✅ 自动化电子发票合规。
✅ 跨多个地点同步库存 – 再也不用担心缺货。
✅ 借助AI销售洞察和会员工具提升销量。

📅 从2025年开始走上正轨 – 享受高达55%的折扣！立即预约免费演示。

Updated Headlines:

POS系统收费太高？选择StoreHub！
使用StoreHub POS，保持合规并提升销售。
零售店和餐厅老板：一月优惠高达55%！
一个POS系统，多种解决方案 – 试试StoreHub吧。","[No E-invoicing]
Caption 1:
💸 Pemilik restoran, dah bosan buang duit untuk POS yang tak memenuhi keperluan anda? Anda dah habiskan banyak wang pada sistem yang tak bantu perkara asas:
❌ Tiada e-Invois – ketinggalan dalam pematuhan peraturan.
❌ Stok diperiksa secara manual – membazir masa anda.
❌ Tiada pembayaran QR – mengecewakan pelanggan semasa waktu puncak.

Dengan StoreHub, anda dapat:
✅ E-Invois terintegrasi – patuh peraturan tanpa usaha tambahan.
✅ QR Order & Pay – urus waktu sibuk dengan pantas.
✅ Penjejakan stok masa nyata – tiada lagi jualan berlebihan.

💡 Jimat kos, bukan kualiti. Tempah demo percuma sekarang dan lihat bagaimana StoreHub mengubah restoran anda!

Caption 2:
🛍️ Pemilik kedai, bosan dengan sistem POS lama yang tak berfungsi untuk perniagaan anda? Hentikan masalah dengan sistem yang mengecewakan:
❌ Tiada e-Invois – risiko gagal patuhi peraturan.
❌ Pengurusan stok tak efisien – punca kehilangan jualan.
❌ Tiada ciri kesetiaan pelanggan – pelanggan tak kembali.

Berpindah ke StoreHub untuk solusi yang berkesan:
✅ E-Invois terintegrasi – mudahkan pematuhan.
✅ Penyekalan stok masa nyata – pastikan rak penuh dan jualan lancar.
✅ Program kesetiaan pelanggan terbina dalam – tingkatkan pelanggan setia.

🎯 Hentikan kehilangan jualan. Mulakan pertumbuhan. Tempah demo percuma sekarang dan lihat bagaimana StoreHub sesuai untuk perniagaan anda!

Caption 3:
💡 Pemilik perniagaan, letih menguruskan sistem lama dan masalah harian? Jalankan perniagaan anda dengan lebih mudah tanpa masalah ini:
❌ Tiada e-Invois – risiko denda.
❌ Masalah stok – waktu sibuk terganggu.
❌ Kekurangan data – menyekat pertumbuhan.

Dengan StoreHub, anda boleh:
✅ Automasi pematuhan dengan e-Invois.
✅ Selaraskan stok di semua lokasi – tiada lagi kehabisan stok.
✅ Tingkatkan jualan dengan analitik AI dan alat kesetiaan pelanggan.

📅 Mulakan 2025 dengan langkah yang betul – dapatkan diskaun sehingga 55%! Tempah demo percuma sekarang.

Headlines:

Bayar lebih untuk POS? Beralih ke StoreHub!
Patuh peraturan dan tingkatkan jualan dengan StoreHub POS.
Pemilik restoran dan kedai: Jimat hingga 55% Januari ini!
Satu sistem POS, banyak penyelesaian – cuba StoreHub.",No e-Invoicing
,"[Are You Tired Of]
F&B Captions
Caption 1
🥘 Restauarant owners, Tired of running out of bestsellers while poor sellers pile up?
StoreHub's inventory management helps you:
✅ See which dishes sell best.
✅ Order stock before you run out.
✅ Reduce waste and maximise profits.

Book a free demo and say goodbye to stock stress!

Caption 2
⏱️ Restauarant owners, Struggling with labour shortages during lunch rush?
StoreHub's QR Order & Pay lets your customers:
✅ Scan a QR code to order.
✅ Pay directly from their phones.
✅ Enjoy faster service with fewer staff.

Make peak hours a breese – book a free demo today!

Caption 3
🚀 Restauarant owners, Is slow service costing you customers?
With StoreHub, you can:
✅ Speed up orders with QR Order & Pay.
✅ Track sales and stock in real-time.
✅ Focus on what you do best – running your restaurant.

Start growing your business with StoreHub – book a free demo now!

F&B Headlines
Tired of stock issues? Let StoreHub help!
Serve more customers, even with fewer staff.
No more wasted food or missed sales.
Boost efficiency with StoreHub’s QR Order & Pay.

Retail Captions
Caption 1
🛍️ Store Owners, Tired of selling out of your bestsellers while poor sellers sit on shelves?
StoreHub’s inventory management helps you:
✅ Track your top-selling items.
✅ Order the right stock at the right time.
✅ Keep customers happy with better availability.

Book a free demo and get control of your stock today!

Caption 2
📉 Store Owners, Is slow-moving inventory eating up your profits?
With StoreHub, you can:
✅ See what’s selling and what’s not.
✅ Mark down slow movers with ease.
✅ Free up cash for better-performing items.

Turn stock struggles into sales wins – book a demo now!

Caption 3
💡 Store Owners, are you struggling to grow your customer base?
StoreHub helps you:
✅ Build loyalty with integrated rewards.
✅ Track customer purchases effortlessly.
✅ Drive repeat sales with targeted promotions.

Discover how StoreHub transforms retail – book your free demo today!

Retail Headlines
Stop overselling and underselling – get StoreHub!
Track sales and stock like a pro.
Manage inventory and customers, all in one system.
Maximise sales with StoreHub’s smart tools.","F&B Captions
Caption 1
🥘 晚餐时段刚开始，热门菜品就卖光了 而仓库里还有一堆滞销食材？
StoreHub 的库存管让你掌控食材用量：
✅ 自动分析哪些菜品最受欢迎
✅ 库存不足提醒，及时补货
✅ 减少浪费，提升利润

📢 预约免费DEMO，解决库存烦恼！




Caption 2
⏱️ 餐厅老板们，中午高峰时段人手不足让你头疼吗？
StoreHub 的 QR Order & Pay 功能让你更轻松：
✅ 顾客扫码就能自行点餐
✅ 手机上就能“埋单”，减少排队等待时间
✅ 更少员工，也能提供让顾客满意的服务

轻松应对高峰时段 – 立即预约免费DEMO！



Caption 3
🚀餐厅老板们 —— 经常让顾客等餐太久，抱怨服务慢？
StoreHub 让你的餐厅运营更高效：
✅ QR 码点餐，顾客自助下单，减少等待时间
✅ 库存 & 销售自动更新，不怕热门菜品卖完才发现
✅ 优化出餐流程，提升翻台率


📢 预约免费DEMO，让你的餐厅生意更兴旺！



F&B Headlines
库存问题让您烦恼吗？让 StoreHub 帮助您！
即使人手不足，也能服务更多顾客。
再也不会浪费食物或错失销售机会。
使用 StoreHub 的二维码点餐支付，提高效率！


Retail
Caption 1
🛍️ 爆款总是一下就卖光，剩下的滞销货却堆到没地方放？


StoreHub 智能库存管理可以帮你：
✅ 分析哪个是热卖产品
✅ 提早规划进货，不怕断货影响生意
✅ 让顾客想买的东西永远有货，提高回头率！

📢 别等库存管理变成烦恼，预约免费DEMO！
Caption 2
📉 库存一堆卖不出的货、资金被卡死，感到心累？


StoreHub让你轻松把库存变现：
✅ 追踪商品销量，快速找出“卖不动”的产品
✅ 提早降价清货，不用拖到过季亏本大甩卖
✅ 让好卖的产品有更多资金补货，赚钱更轻松！

💰 库存动起来，生意赚更多！预约免费DEMO！


Caption 3
💡 生意做那么久，顾客来了又走，怎么让他们一直回头？

StoreHub 让他们变成你的忠实顾客：
✅ 会员积分奖励系统，买越多赚越多
✅ 自动追踪购买记录，了解顾客喜好
✅ 个性化促销，推送更精准的优惠

📢 别让顾客跑去别家！预约免费 DEMO 了解更多吧！
Retail Headlines
不再超卖或缺货 – 用 StoreHub 轻松解决！
智能追踪销售与库存
一套系统搞定库存与顾客管理
利用 StoreHub 智能工具，最大化销售额

","F&B Captions
Caption 1
🥘 Owner restoran, mesti korang stres bila menu best seller habis tapi menu yang kurang laku bertimbun?
Pengurusan inventori StoreHub membantu anda:
✅ Lihat menu mana yang paling laris.
✅ Pesan stok sebelum kehabisan.
✅ Kurangkan pembaziran dan maksimakan keuntungan.

Tempah demo percuma dan tak perlu stres pasal stok lagi!

Caption 2
⏱️ Owner restoran, mesti stres bila staf tak cukup masa waktu makan tengah hari, customer banyak?
QR Order & Pay StoreHub membolehkan customer korang:
✅ Imbas kod QR untuk membuat pesanan.
✅ Bayar terus dari telefon mereka.
✅ Nikmati servis lebih pantas dengan kurang tenaga kerja.

Jadikan waktu puncak lebih mudah – tempah demo percuma hari ini!

Caption 3
🚀 Owner restoran, terasa macam proses order korang slow buat korang kehilangan customer?
Dengan StoreHub, korang boleh:
✅ Mempercepat pesanan dengan QR Order & Pay.
✅ Semak jualan dan stok secara masa nyata.
✅ Fokus pada apa yang penting – menguruskan restoran korang.

Mula kembangkan restoran korang dengan StoreHub – tempah demo percuma sekarang!

F&B Headlines
Penat dengan isu stok? Biar StoreHub bantu!
Staff tak cukup? Tiada masalah kalau guna StoreHub POS.
Tiada lagi pembaziran makanan atau kehilangan jualan.
Tingkatkan kecekapan dengan QR Order & Pay StoreHub.

Retail Captions

Caption 1
🛍️ Owner kedia butik, mesti korang stres bila barang best seller habis tapi barang yang kurang laku bertimbun?
Pengurusan inventori StoreHub membantu korang:
✅ Jejak produk yang paling laris.
✅ Pesan stok yang betul pada masa yang tepat.
✅ Kekalkan kepuasan pelanggan dengan ketersediaan yang lebih baik.

Tempah demo percuma dan ambil alih kawalan stok korang hari ini!

Caption 2
📉 Owner kedai retail, risau banyak sangat barang kurang laku tak terjual?
Dengan StoreHub, anda boleh:
✅ Kenal pasti apa yang laku dan apa yang tidak dengan mudah.
✅ Kurangkan order produk yang kurang laku dengan mudah.
✅ Bebaskan tunai untuk produk yang lebih menguntungkan.

Ubah cabaran stok menjadi jualan – tempah demo sekarang!

Caption 3
💡 Owner kedai baju, stres ke nak cari customer yang sentiasa repeat order?
StoreHub membantu anda:
✅ Membina kesetiaan customer dengan ganjaran bersepadu.
✅ Jejak pembelian customer dengan mudah.
✅ Naikkan jualan berulang dengan promosi yang disasarkan.

Ketahui bagaimana StoreHub mengubah industri retail – tempah demo percuma anda hari ini!

Retail Headlines
Hentikan jualan berlebihan dan kekurangan stok – dapatkan StoreHub!
Jejak jualan dan stok seperti profesional.
Urus inventori dan pelanggan, semuanya dalam satu sistem.
Maksimakan jualan dengan alat pintar StoreHub.",Are You Tired Of
,"[All Your Business Needs]
Caption 1
📦 All your business needs in one place. Whether you run a café or a clothing store, StoreHub has you covered:
✅ Manage stock across locations in real-time.
✅ Offer seamless QR payments for your customers.
✅ Track sales and customer insights effortlessly.

Book your FREE demo today and simplify how you run your business!

Caption 2
🚀 Streamline your business operations with StoreHub. From restaurants to retail, we’ve got you:
✅ Integrated POS for sales, stock, and staff.
✅ Real-time inventory tracking to prevent overselling.
✅ Customer loyalty tools to keep them coming back.

Don’t miss out – book your FREE demo now!

Caption 3
✨ Run your business smarter, not harder. StoreHub is perfect for any business:
✅ Simplify stock management – no more guesswork.
✅ Speed up service with QR Order & Pay.
✅ Build loyal customers with rewards and insights.

Take the stress out of your daily operations – book a FREE demo today!

Headlines
All your business needs, in one place.
Simplify stock, sales, and staff with StoreHub.
Smarter tools for your business success.
From restaurants to retail – StoreHub’s got you covered.","Caption 1
📦 店里的运营，一站式全搞定。不论是咖啡馆还是服装店，StoreHub 都能满足您的需求：


✅ 跨门店同步库存
✅ 扫码支付更方便
✅ 记录销售 & 顾客数据


立即预约免费的DEMO，简化一切管理更轻松!
Caption 2
🚀 StoreHub 简化您的业务运营。不管是餐饮或零售业，我们都帮到您：
✅ 一站式 POS 系统 — 管理销售、库存和员工
✅ 实时库存追踪 — 不再怕超卖或缺货
✅ Loyalty 计划 — 让顾客经常回购

别错过 – 现在就预约免费的DEMO！
Caption 3
✨ 让你的生意更聪明，而不是更辛苦！StoreHub 适合任何类型的生意：
✅ 简化库存管理 – 不用靠猜的
✅ QR扫码点餐&支付 ​– 加快服务速度
✅ 设定奖励机制 – 建立忠实顾客群

让日常运营更轻松 – 立即预约免费 DEMO！
Headlines
您的生意所需，一站式搞定
StoreHub 简化库存、销售和员工管理
更智能的工具，助您生意成长
从餐饮到零售 – StoreHub 全方位覆盖一切需求

","Caption 1
📦 Semua keperluan bisnes korang, semua dalam satu tempat.
Tak kisah korang buka kafe ke, kedai baju ke — StoreHub memang cover semua!

✅ Urus stok semua cawangan secara real-time
✅ QR payment yang smooth & senang untuk pelanggan
✅ Pantau jualan & data pelanggan tanpa pening

📢 Nak kerja harian jalan lebih teratur? Tempah demo PERCUMA hari ni!

Caption 2
🚀 Nak bisnes jalan lancar? StoreHub mudahkan semua!
Dari restoran sampai retail, semua boleh guna:

✅ POS all-in-one untuk jualan, stok & staf
✅ Track stok live—elak jual lebih atau kehabisan barang
✅ Tools loyalty untuk tarik pelanggan repeat

📢 Jangan tunggu lama-lama—tempah demo PERCUMA sekarang!

Caption 3
✨ Urus bisnes dengan lebih smart, bukan lebih penat.
StoreHub sesuai untuk semua jenis bisnes!

✅ Urus stok tanpa agak-agak—semua jelas depan mata
✅ Order laju guna QR—kurang masa tunggu
✅ Bina pelanggan setia dengan reward & data yang berguna

📢 Nak kurang stres urus kedai? Tempah demo PERCUMA hari ni!

Headlines
Semua keperluan bisnes, satu tempat je!
Urus stok, jualan & staf dengan lebih senang!
Tools smart untuk bantu bisnes korang grow!
Dari restoran ke retail—StoreHub memang boleh harap!",All Your Business Needs
,"[Tougher Than Ever]
Caption 1:
Running a café shouldn’t feel like a balancing act. 🪄 StoreHub makes it easier to manage peak hours, track stock, and keep your team on schedule. With features like real-time inventory updates, QR Order & Pay, and staff shift management, you’ll save time and reduce stress.

📦 Always know what’s in stock
🕒 Manage employee shifts with ease
📲 Speed up service with QR Order & Pay

Stay strong. You’ve got this – and we’ve got your back. 💪

Caption 2:
Busy café hours don’t have to be chaotic. 🍽️ StoreHub helps you stay in control with tools like AI-powered sales insights, takeaway & delivery integration, and inventory tracking. Serve your customers better without the headaches.

📊 Get insights that improve your sales
🏠 Manage online and offline orders in one place
🚚 Integrated takeaway & delivery

Run your café smoother than ever. Try StoreHub today. 🚀

Caption 3:
Growing a café is tough. Managing it shouldn’t be. 🌟 StoreHub takes care of the day-to-day so you can focus on growing your business. Simplify everything from tracking sales to running loyalty programmes, all in one platform.

🎁 Build loyal customers with rewards
📊 See what’s working with sales reports
📦 Never run out of stock

Level up your café with StoreHub today.

Short Headlines:
Run Your Café Like a Pro with StoreHub
Simplify Café Management Today
StoreHub: For Cafés That Never Skip a Beat
From Chaos to Calm: StoreHub’s Got You","Caption 1
咖啡馆早高峰手忙脚乱？顾客排长队，员工说牛奶用完了...
StoreHub帮你轻松搞定——实时库存提示避免断货，扫码点餐省人力，智能排班不用愁，省时省力少操心！


📦 库存管理 — 随时查看货剩多少  
🕒 轻松安排员工时间表
📲 QR Order & Pay 加快服务速度

帮助你的生意成长 – StoreHub 永远支持你 💪
Caption 2
忙碌的咖啡馆高峰时段不用手忙脚乱 ☕️StoreHub 帮助你保持稳定，提供 AI Sales Reporting、外卖配送和库存追踪等工具。更高效地服务你的顾客！


📊 获取提升销量的关键数据
🏠 线上线下订单一站管理
🚚 无缝对接外卖配送服务

让您的咖啡馆运营更加顺畅。今天就试试 StoreHub 吧！🚀
Caption 3
经营咖啡馆很难，但日常管理可以很简单。🌟 StoreHub帮您处理琐事，让您专注业务增长。从销售追踪到会员奖励，一站式平台全面简化运营。

🎁 用奖励计划培养忠实顾客
📊 通过销售报表掌握经营状况
📦 智能库存永不缺货

立即用StoreHub升级您的咖啡馆！
Headlines
使用 StoreHub，像专业人士一样管理你的咖啡馆
升级咖啡馆管理，就是现在！
StoreHub：让你的咖啡馆运营 0 失误
从混乱到有序：只在 StoreHub 

","Caption 1
Urus kafe tak patut rasa macam main tarik tali sorang-sorang.😩
Dengan StoreHub, semua jadi lebih senang—nak handle peak hour, jaga stok, atau susun jadual staf pun tak serabut dah.

📦 Stok sentiasa up-to-date—takde lagi bahan habis tiba-tiba
🕒 Jadual kerja staf pun senang urus, tak kelam-kabut
📲 QR Order & Pay bagi servis lebih laju, pelanggan pun happy

Kafe sibuk, takpe. Korang kuat, kami support dari belakang. 💪

Caption 2
Waktu busy kat kafe memang gila. Tapi tak semestinya kena huru-hara. 🍽️
StoreHub bantu korang stay in control dengan tools yang power.

📊 AI tolong korang faham jualan & menu yang jalan
🏠 Order dari Grab, Foodpanda, walk-in—semua masuk dalam satu sistem je
🚚 Ambil & delivery pun terus sync, tak payah key-in banyak kali

Nak kafe jalan lancar tanpa pening? Try StoreHub sekarang. 🚀

Caption 3
Nak besarkan kafe memang susah. Tapi urusan harian tak patut jadi beban. 🌟
StoreHub tolong mudahkan semua benda—dari pantau jualan, bagi reward, sampai urus stok.

🎁 Pelanggan repeat dengan loyalty rewards
📊 Laporan jualan tunjuk apa yang jalan, apa yang tak
📦 Stok sentiasa cukup—takde kes bahan habis last minit

Nak grow kafe dengan tenang? Naik taraf ke StoreHub hari ni.

Headlines
Urus Kafe Macam Pro Dengan StoreHub
Tak Payah Pening—Urus Kafe Lebih Senang Hari Ni
StoreHub: Untuk Kafe Yang Tak Pernah Slow
Dari Serabut ke Teratur—StoreHub Ada Untuk Korang

",Tougher Than Ever
,"[Save Time]
Caption 1:
Managing staff shouldn’t take up your whole day. ⏰ StoreHub’s AI Face Capture Clock In tracks staff shifts and simplifies payroll. Save hours every week and focus on growing your café or retail store instead.

📸 AI-powered clock-in system
🕒 Accurate shift tracking
💵 Payroll made simple

You handle the big picture. Let StoreHub handle the rest.

Caption 2:
Tired of messy schedules and payroll headaches? 🗓️ With StoreHub, managing your employees is a breese. Our AI Face Capture Clock In automates shift tracking and payroll so you can spend time on what really matters: your customers.

📸 Clock in with AI face capture
🕒 No more manual shift errors
💵 Faster payroll processing

Save time. Run your F&B or retail business stress-free.

Caption 3:
Your time is better spent serving customers – not managing admin. 💡 StoreHub’s employee management tools let you track shifts, process payroll, and keep things running smoothly, all in one system.

📸 AI Face Capture Clock In
🕒 Shift tracking made simple
💵 Payroll that’s quick and accurate

Save hours every week. Focus on growing your business.

Short Headlines:
Save Time Managing Staff with StoreHub
AI Clock In: More Accuracy, Less Stress
Smarter Employee Management for F&B & Retail
Simplify Payroll, Save 103 Hours a Year","Caption 1
管理员工不应该占据您整天的时间。⏰ StoreHub 的 AI 人脸识别打卡功能能记录员工班次并简化薪资流程。每周节省数小时，让您专注于发展咖啡馆或零售店。

📸 AI 驱动的打卡系统
🕒 准确的班次追踪
💵 简单的薪资管理

您负责大局，让 StoreHub 处理其他事务。

Caption 2
厌倦了混乱的排班和薪资麻烦？🗓️ 使用 StoreHub，管理员工变得轻而易举。我们的 AI 人脸识别打卡功能自动追踪班次和薪资处理，让您专注于真正重要的事情：您的顾客。

📸 AI 人脸识别打卡
🕒 不再有人工班次错误
💵 更快的薪资处理

节省时间。无压力地管理您的 F&B 或零售业务。

Caption 3
您的时间更适合用来服务顾客，而不是处理行政事务。💡 StoreHub 的员工管理工具让您可以追踪班次、处理薪资并保持运营顺畅，一切都在一个系统中完成。

📸 AI 人脸识别打卡
🕒 班次追踪更简单
💵 薪资处理快速又精准

每周节省数小时。专注于发展您的业务。

Headlines
使用 StoreHub 节省员工管理时间
AI 打卡：更高准确率，减轻压力
为 F&B 和零售提供更智能的员工管理
简化薪资管理，每年节省 103 小时","Caption 1 (with Kafe/Kedai Runcit callout)
Urus staf tak patut makan masa satu hari penuh. ⏰
Kalau korang ada kafe atau kedai runcit,
StoreHub ada fungsi Clock In dengan AI Face Capture—
Tak payah dah kira manual, payroll pun jalan smooth!

📸 Staf clock in guna imbas muka (selfie) – tak boleh cover-cover
🕒 Waktu kerja direkod automatik & tepat
💵 Payroll senang setel, jimat masa tiap minggu

📢 Korang fokus urus bisnes, StoreHub urus benda remeh.

✅ Caption 2 (with Bisnes F&B callout)
Asyik pening kepala susun jadual staf? Payroll pun asyik salah? 😮‍💨
Kalau korang jalankan bisnes F&B atau retail,
StoreHub ada solusi paling senang untuk urus team.

📸 Clock in guna AI (selfie)—tak perlu fingerprint atau tulis nama
🕒 Shift tracking automatik, tak payah risau salah kira
💵 Payroll pun siap laju, terus boleh submit

📢 Jimat masa, kurangkan stres—biar StoreHub tolong!

✅ Caption 3 (with Kedai Makan/Kafe callout)
Masa korang patut guna untuk layan pelanggan—bukan kira jam kerja. 💡
Dengan StoreHub, korang boleh urus staf dalam satu sistem je.

📸 Clock in guna imbas muka AI (selfie)
🕒 Track shift staf terus dalam sistem—senang gila
💵 Payroll siap cepat & tepat—tak payah pening

📢 Jimat berjam-jam setiap minggu—boleh fokus besarkan bisnes!

✅ Short Headlines (in Malay – punchy & relevant):
1️⃣ Jimat Masa Urus Staf Dengan StoreHub
2️⃣ Clock In AI = Kurang Silap, Lebih Tenang
3️⃣ Urus Staf F&B & Retail Lebih Mudah
4️⃣ Payroll Cepat, Staf Teratur – Semua Dengan StoreHub",Save Hours
,"[You'll Actually Enjoy Using]
Caption 1
Not all store systems are made equal. 🛒 StoreHub makes running your retail business smooth and stress-free. From tracking your best-sellers to managing invoices, it’s a system you’ll actually enjoy using.

📊 See your top (and worst) sellers at a glance
💻 Easy-to-use, reliable hardware
🧾 Integrated e-invoicing

Simplify your day-to-day operations and focus on growing your store.

Caption 2
Running a retail store doesn’t have to be complicated. 🛍️ With StoreHub, you get an easy-to-use system that helps you track sales, manage inventory, and simplify invoicing – all in one place.

✨ Hardware that works, every time
📈 Insights into your top-selling products
💳 Seamless invoicing for smooth transactions

Less hassle, more time to grow your business.

Caption 3
Tired of clunky, outdated store systems? 🚫 StoreHub is designed for retail owners like you – intuitive, reliable, and packed with features that help you run your business effortlessly.

🛒 Track your best-selling items
🔧 Hardware that’s simple to set up and use
💸 Stress-free e-invoicing

Say goodbye to frustrating systems and hello to StoreHub!

Short Headlines:
A Store System That’s Built for Retail
Enjoy Running Your Store Again with StoreHub
Simplify Retail Management with StoreHub
Retail Systems Made Simple and Reliable","Caption 1
并不是所有店铺系统都一样优秀。🛒 StoreHub 让您的零售业务管理变得轻松无忧。从追踪畅销商品到管理电子发票，这是您一定会喜欢使用的系统。

📊 一目了然查看畅销和滞销商品
💻 简单易用的可靠硬件
🧾 集成化电子发票

简化您的日常运营，专注于店铺发展。

Caption 2
经营零售店不必那么复杂。🛍️ 使用 StoreHub，您可以拥有一个易于使用的系统，帮助追踪销售、管理库存并简化发票处理——一切尽在一个平台中。

✨ 每次都稳定运行的硬件
📈 畅销商品的数据洞察
💳 流畅的发票管理

减少麻烦，为发展业务争取更多时间。

Caption 3
厌倦了笨重又过时的店铺系统？🚫 StoreHub 专为零售店主设计，直观、可靠，功能丰富，帮助您轻松管理店铺运营。

🛒 轻松追踪畅销商品
🔧 硬件安装简单，操作便捷
💸 无忧的电子发票管理

告别令人沮丧的系统，选择 StoreHub！

Headlines
为零售打造的专属店铺系统
让经营店铺再次充满乐趣 – 选 StoreHub
简化零售管理，信赖 StoreHub","Caption 1
Tak semua sistem POS kedai sama. 🛒
Untuk owner-owner kedai baju tu, StoreHub buat kerja harian korang lagi mudah & kurang stress.
Nak track barang paling laku, urus e-invois—semua dalam satu sistem yang senang nak guna!

📊 Tahu terus design mana paling laku (dan yang mana slow)
💻 Mesin POS senang guna, tahan lasak & laju
🧾 E-invois automatik—tak payah tulis manual

📢 Jimat masa, kurang serabut—boleh fokus nak grow bisnes!

✅ Caption 2 (With Business Type Callout: Kedai Runcit)
Ada kedai runcit? Tak semestinya urus kedai kena pening kepala. 🛍️
Dengan StoreHub, semuanya jadi smooth—
Track jualan, jaga stok, buat e-invois—semua boleh settle kat satu tempat je!

✨ Mesin POS yang boleh diharap hari-hari
📈 Terus nampak barang mana paling laku
💳 E-invois automatik—transaksi lebih cepat, pelanggan pun happy

📢 Lepas ni, boleh fokus lebih pada customer & barang baru!

✅ Caption 3 (With Business Type Callout: Kedai Aksesori / Gadget)
Penat layan sistem kedai lama yang slow & leceh? 🚫
Untuk owner-owner kedai aksesori atau gadget,
StoreHub bagi solusi retail yang simple, laju, & tak menyusahkan.

🛒 Track barang paling laku—cable, casing, semua boleh tengok real-time
🔧 Peranti plug & play—setup pun sekejap je!
💸 E-invois jalan automatik—tak payah key-in satu-satu

📢 Lepas ni, urus kedai macam pro—guna StoreHub je!

✅ Headlines (Updated with Business Types)
1️⃣ Sistem POS Untuk Kedai Pakaian & Retail
2️⃣ Urus Kedai Runcit Tanpa Serabut
3️⃣ StoreHub: Untuk Kedai Aksesori & Gadget Yang Nak Jalan Laju
4️⃣ POS Laju, Barang Laku, Urus Lebih Mudah

",You'll Actually Enjoy
,"[Fun Fact]
Caption 1:
🎉 Fun Fact: Running your business just got easier with StoreHub!

Manage everything in one system:
📦 Stock management – no more overselling
💳 Customer loyalty programs that actually work
🧾 Seamless e-invoicing
👩‍🍳 Handle staff shortages like a pro
📱 Contactless ordering for faster service

Take control today – book a free demo now!

Caption 2
Fun fact: StoreHub is your business BFF! 🛍️🍽️

Here’s how it saves your day:
✅ Never run out of stock again with smarter inventory tracking
✅ Build customer loyalty effortlessly
✅ Manage invoices without breaking a sweat
✅ Solve staff shortages quickly
✅ Speed up service with contactless ordering

Take control of your F&B or retail business now – book a free demo!

Caption 3
✨ Fun Fact: StoreHub = Your time-saving superhero!

What can it do?
🚀 Keep your stock in check
👩‍❤️‍👩 Boost customer loyalty with ease
📂 Automate e-invoicing
💼 Manage staff shortages smarter
📱 Contactless ordering for happy customers

Ready to take control? Book your free demo now!

Short Headlines:
Take Control of Your Business – Start Today!
Fun Fact: StoreHub Solves It All
Everything You Need to Run Your Store Smarter
Smarter Systems = Better Business","Caption 1
🎉 有趣事实：使用 StoreHub 让您更轻松管理业务！

一站式系统管理：
📦 库存管理 – 不再超卖
💳 实用的客户忠诚计划
🧾 无缝电子发票
👩‍🍳 轻松应对员工短缺
📱 无接触点单，服务更快捷

马上掌控一切 – 立即预订免费演示！

Caption 2
有趣事实：StoreHub 是您的最佳生意伙伴！ 🛍️🍽️

它如何助您一臂之力：
✅ 智能库存跟踪，不怕缺货
✅ 轻松建立客户忠诚度
✅ 轻松管理发票，无需头疼
✅ 快速解决员工短缺问题
✅ 无接触点单，加速服务

现在就掌控您的 F&B 或零售业务 – 立即预订免费演示！

Caption 3
✨ 有趣事实：StoreHub = 节省时间的超级英雄！

它能帮您做什么？
🚀 让库存管理更简单
👩‍❤️‍👩 轻松提升客户忠诚度
📂 自动化电子发票
💼 更聪明地应对员工短缺
📱 无接触点单，让顾客更满意

准备好掌控一切了吗？立即预订免费演示！

Headlines
掌控您的业务 – 今天就开始！
有趣事实：StoreHub 解决一切
智能管理，让店铺运营更高效
更智能的系统 = 更好的业务","Caption 1
Caption 1:
🎉 Fakta Menarik: Urus bisnes korang kini LAGI SENANG dengan StoreHub! 

Urus semuanya dalam satu sistem:
📦 Pengurusan stok – elakkan kehabisan stok
💳 Program kesetiaan pelanggan yang berkesan
🧾 E-invois tanpa kerumitan
👩‍🍳 Selesaikan isu kekurangan staf macam pro
📱 Order tanpa sentuh (contactless) untuk servis lebih laju

Ambil alih kawalan bisnes hari ini – tempah demo percuma sekarang! 


Caption 2:
Fakta menarik: StoreHub ni lah kawan baik bisnes anda! 🛍️🍽️

Bagaimana ia SotreHub membantu korang?
✅ Tak perlu risau stok habis dengan pengurusan inventori pintar
✅ Bina kesetiaan pelanggan dengan mudah
✅ Urus invois tanpa pening kepala
✅ Selesaikan kekurangan kakitangan dengan cepat
✅ Order tanpa sentuh (contactless) untuk servis lebih laju

Kawal bisnes F&B atau retail anda sekarang. Tempah demo percuma!


Caption 3:
✨ Fakta Menarik: StoreHub =  superhero yang jimatkan masa korang!

Apa yang StoreHub boleh buat?
🚀 Pastikan stok anda sentiasa terkawal
👩‍❤️‍👩 Tingkatkan kesetiaan pelanggan dengan mudah
📂 Automasi e-invois
💼 Urus kekurangan kakitangan dengan lebih bijak
📱 Pesanan tanpa sentuh untuk pelanggan yang gembira

Sedia untuk ambil kawalan? Tempah demo percuma anda sekarang!
Headlines
Ambil Kawalan Perniagaan Anda – Mula Hari Ini!
Fakta Menarik: StoreHub Selesaikan Segalanya
Segalanya untuk Pengurusan Perniagaan Lebih Mudah
Sistem Pintar = Perniagaan Lebih Baik

",Fun Fact
,"[KDS]
Caption 1
🍳 NEW! Kitchen Display System (KDS) – your kitchen’s new best friend!

✅ Sync and display orders instantly – no more messy paper tickets
✅ Reduce mistakes with smooth communication
✅ Send orders to the right prep stations for faster service
✅ Track tickets, special requests, and statuses with ease

Flexible. Efficient. Insightful.
🚀 Take your kitchen operations to the next level – book a demo now!

Caption 2
Say goodbye to kitchen chaos! 👨‍🍳

With StoreHub’s Kitchen Display System (KDS):
📋 No more messy paper tickets
🎯 Fewer mistakes with smoother communication
🍽️ Quicker service with orders sent to the right prep stations
🔍 Clear views for tickets, special requests, and order statuses

✨ Run your kitchen like a pro! Book a demo today!

Caption 3 
🍽️ Introducing StoreHub’s Kitchen Display System (KDS):

📂 Organise your kitchen like never before:
✔ Instant order syncing – no messy paper tickets
✔ Send orders to the right prep stations for faster service
✔ Reduce errors with clear views of tickets and requests
✔ Insightful tracking for smooth operations

🚀 Ready to upgrade? Book your free demo now!

Short Headlines:
NEW! Run Your Kitchen Smarter with KDS
No More Paper Tickets – Kitchen Simplified
Less Mess, More Efficiency – Try KDS!
Kitchen Display System: Your Key to Faster Service","Caption 1
🍳 新品！厨房显示系统 (KDS) – 您厨房的新好帮手！

✅ 实时同步并显示订单 – 再也不用凌乱的纸质订单
✅ 流畅沟通，减少错误
✅ 将订单发送到正确的准备站，加快服务速度
✅ 轻松追踪订单、特殊要求和状态

灵活。高效。有见解。
🚀 提升厨房运作效率 – 立即预订免费演示！

Caption 2
告别厨房混乱！👨‍🍳

有了 StoreHub 的厨房显示系统 (KDS)：
📋 再也不用纸质订单的麻烦
🎯 流畅沟通，减少错误
🍽️ 订单直达正确的准备站，服务更快
🔍 清晰显示订单、特殊要求和状态

✨ 像专业人士一样管理您的厨房！立即预订演示！

Caption 3
🍽️ StoreHub 的厨房显示系统 (KDS) 正式上线：

📂 让厨房管理更有条理：
✔ 实时同步订单，无需凌乱的纸质订单
✔ 将订单送至正确的准备站，加快服务效率
✔ 清晰显示订单和请求，减少错误
✔ 高效追踪，确保运作顺畅

🚀 准备升级了吗？立即预订免费演示！

Headlines
新品！用 KDS 智能管理您的厨房
告别纸质订单 – 厨房更简洁
减少混乱，提高效率 – 尝试 KDS！
厨房显示系统：服务更快捷的关键","Caption 1
🍳 BARU! Sistem Paparan Dapur (KDS) – rakan terbaik dapur anda!

✅ Segerakan dan paparkan pesanan tanpa kertas berselerak
✅ Kurangkan kesilapan dengan komunikasi lancar
✅ Hantar pesanan ke stesen penyediaan yang betul untuk servis pantas
✅ Jejak tiket, permintaan khas, dan status dengan mudah

Fleksibel. Efisien. Berwawasan.
🚀 Tingkatkan operasi dapur anda – tempah demo sekarang!

Caption 2
Selamat tinggal kekecohan di dapur! 👨‍🍳

Dengan Sistem Paparan Dapur (KDS) StoreHub:
📋 Tak perlu lagi tiket kertas yang berselerak
🎯 Kurangkan kesilapan dengan komunikasi lancar
🍽️ Servis lebih pantas dengan pesanan dihantar ke stesen yang betul
🔍 Pandangan jelas untuk tiket, permintaan khas, dan status pesanan

✨ Urus dapur seperti seorang profesional! Tempah demo hari ini!

Caption 3
🍽️ Memperkenalkan Sistem Paparan Dapur (KDS) StoreHub:

📂 Urus dapur anda dengan lebih teratur:
✔ Segerakan pesanan tanpa tiket kertas yang berselerak
✔ Hantar pesanan ke stesen penyediaan yang betul untuk servis pantas
✔ Kurangkan kesilapan dengan pandangan jelas tiket dan permintaan
✔ Jejak operasi dengan mudah untuk kelancaran

🚀 Sedia untuk naik taraf? Tempah demo percuma sekarang!

Headlines
BARU! Urus Dapur Lebih Pintar dengan KDS
Tak Perlu Tiket Kertas – Dapur Dipermudah
Kurangkan Kekacauan, Tingkatkan Efisiensi – Cuba KDS!
Sistem Paparan Dapur: Kunci Kepada Servis Lebih Pantas",Kitchen Display
,"[FAQ]
Caption 1
❓ Q: How do I get more repeat customers?
✅ A: Use StoreHub Loyalty!

With Membership & Cashback built right into your POS, you can:
🛍️ Boost customer retention with cashback rewards
🍽️ Keep customers coming back with easy membership perks
📊 Track spending patterns for smarter decisions

📢 Ready to grow your loyal customer base? Book a free demo today!

Caption 2
FAQ: How can I keep my customers coming back?
🎉 Answer: StoreHub Loyalty!

👥 Membership features to build strong connections
💸 Cashback rewards that keep customers returning
📈 Easy-to-use insights right from your POS

🌟 F&B and retail-ready – take control of customer loyalty today.
💻 Book your free demo now!

Caption 3
🛍️ Retailers and F&B Owners: Ever wonder how to get customers to keep coming back?
It’s simple: StoreHub Loyalty!

With Membership & Cashback features built into your POS, you’ll enjoy:
✔ Increased customer retention
✔ Easy loyalty tracking
✔ Smarter, hassle-free operations

📢 Start rewarding your customers today – book a demo now!

Short Headlines:
Q: How Do I Get More Customers Back? A: StoreHub Loyalty!
Built-In Membership & Cashback for Your POS
Keep Customers Coming Back – It’s Easy with StoreHub
More Loyalty, Less Hassle – Try StoreHub Today
","Caption 1
❓ 问：如何让顾客重复光顾？
✅ 答：使用 StoreHub Loyalty！

通过集成在 POS 系统中的会员和返现功能，您可以：
🛍️ 用返现奖励提升客户留存率
🍽️ 通过简单的会员福利吸引顾客回头
📊 跟踪消费模式，做出更明智的决策

📢 准备扩大您的忠实客户群？立即预订免费演示！

Caption 2
常见问题：如何让顾客一直回来？
🎉 答案：StoreHub Loyalty！

👥 会员功能，帮助建立强大客户关系
💸 返现奖励，让顾客一次又一次回来
📈 简单易用的洞察功能，直接在您的 POS 上

🌟 适合 F&B 和零售业 – 立即掌控客户忠诚度。
💻 立即预订您的免费演示！

Caption 3
🛍️ 零售商和 F&B 业主：是否想知道如何让顾客频频光顾？
答案很简单：StoreHub Loyalty！

通过 POS 系统内置的会员和返现功能，您将享有：
✔ 提升客户忠诚度
✔ 轻松追踪忠诚度数据
✔ 更智能、更无忧的运营

📢 立即开始奖励您的顾客 – 预订演示吧！

Headlines
问：如何让顾客回头？答：StoreHub Loyalty！
内置会员和返现功能的 POS 系统
让顾客回头更容易 – 使用 StoreHub
更多忠诚度，更少麻烦 – 立即试用 StoreHub
","Caption 1:
❓ S: Bagaimana nak dapat lebih ramai pelanggan setia?
✅ J: Gunakan StoreHub Loyalty!

Dengan Membership & Cashback dalam POS StoreHub, confirm boleh:
🛍️ Tingkatkan kesetiaan pelanggan dengan ganjaran cashback
🍽️ Pastikan pelanggan kembali dengan kelebihan keahlian yang mudah
📊 Jejak corak perbelanjaan untuk membuat keputusan lebih bijak

📢 Dah ready nak tambahkan pelanggan setia korang? Tempah demo percuma hari ini!
Caption 2:
FAQ: Bagaimana nak pastikan pelanggan terus kembali?
🎉 Jawapan: StoreHub Loyalty!

👥 Ciri Membership untuk membina hubungan yang kukuh
💸 Ganjaran cashback untuk memastikan pelanggan kembali
📈 Pandangan mudah terus dari sistem POS 

🌟 Sedia untuk F&B dan Retail – ambil kawalan kesetiaan pelanggan sekarang.
💻 Tempah demo percuma sekarang!


Caption 3:
🛍️ Pemilik Peruncitan dan F&B: Pernah terfikir bagaimana nak pastikan pelanggan kembali lagi?
Caranya mudah: StoreHub Loyalty!

Dengan ciri Membership & Cashback terbina dalam POS StoreHub, korang dapat nikmati:
✔ Peningkatan kesetiaan pelanggan
✔ Penjejakan kesetiaan yang mudah
✔ Operasi lebih bijak dan tanpa kerumitan

📢 Mula bagi ganjaran untuk pelanggan korang hari ini – tempah demo sekarang!
Headlines
S: Bagaimana Nak Pastikan Pelanggan Kembali? J: StoreHub Loyalty!
Membership & Cashback Semua dalam  satu POS
Pastikan Pelanggan Kembali – Mudah dengan StoreHub
Lebih Kesetiaan, Kurang Kerumitan – Cuba StoreHub Hari Ini

",FAQ
,"[Increased Restaurants Revenue]
Caption 1
🍽️ How I Increased My Restaurant’s Profits (Only using StoreHub!)

Here’s how:
⚡ Served more customers with a reliable & fast POS
📱 Used QR Order & Pay for quicker orders (with fewer staff!)
📊 Tracked inventory to only order what I needed
💡 Discovered best-sellers with AI insights

📢 Want the same results? Take control today – book a free demo now!

Caption 2 
💡 Want to increase your restaurant’s profits?
Here’s what worked for me (thanks to StoreHub!):
✅ Faster service with a reliable POS
✅ Smooth, contactless ordering with QR Order & Pay
✅ Smart inventory tracking to avoid waste
✅ AI-driven insights to find my best sellers

🔗 Ready to grow your profits? Book a free demo now!

Caption 3
🍴 How I Boosted My Restaurant’s Profits
It’s easier than you think with StoreHub:
⚡ Faster orders, happy customers – thanks to a fast POS
📱 Quicker service with QR Order & Pay
📉 Avoid wasted ingredients by tracking inventory
💡 Get AI insights to know what sells best

📢 Your profits are just a click away – book a demo today!

Short Headlines:
How I Increased My Restaurant’s Profits (With StoreHub!)
QR Order & Pay + AI Insights = Higher Profits
Boost Restaurant Profits with Smarter Solutions
Fast POS, Smart Tracking, More Profit – Try StoreHub","Caption 1
🍽️ 如何通过 StoreHub 增加我餐厅的利润！

这是我的做法：
⚡ 通过可靠且快速的 POS 系统服务更多顾客
📱 使用 QR Order & Pay 实现更快捷的订单处理（更少员工！）
📊 跟踪库存，只订购所需物品
💡 利用 AI 洞察发现热销产品

📢 想要相同的结果？今天就开始控制，预定免费演示！

Caption 2
💡 想提高餐厅利润吗？
这是我使用 StoreHub 的成功经验！
✅ 通过可靠的 POS 系统提升服务速度
✅ 使用 QR Order & Pay 实现无接触快速点单
✅ 聪明的库存跟踪避免浪费
✅ 利用 AI 洞察发现我的热销产品

🔗 准备好提升您的利润了吗？立即预定免费演示！

Caption 3
🍴 如何提高餐厅利润
使用 StoreHub，比你想象的更简单：
⚡ 更快的订单处理，让顾客更开心 – 多亏了快速的 POS 系统
📱 使用 QR Order & Pay 提供更快速的服务
📉 通过跟踪库存避免浪费
💡 获取 AI 洞察，了解热销产品

📢 你的利润只差一个点击 – 今天就预定演示！

Headlines
如何通过 StoreHub 增加餐厅的利润！
QR Order & Pay + AI 洞察 = 更高利润
通过更智能的解决方案提升餐厅利润
快速 POS，智能跟踪，更高利润 – 试用 StoreHub","Caption 1
🍽️ Nak tahu rahsia untung restoran kita bertingkat? (Pakai StoreHub je!) 

Rahsianya:
⚡ Layan lebih ramai pelanggan dengan POS yang  laju & 'reliable'
📱 'QR Order & Pay' cepatkan 'order', kurangkan staf!
📊 Check inventory senang, takde 'overstock' bahan
💡 Kenal pasti menu paling laku dengan 'AI'

📢 Nak result sama? 'Take control' bisnes korang, daftar untuk demo percuma sekarang!







Caption 2
💡 Nak tingkat sales restoran korang? 
Ni rahsia banyak restoran yang gunakan POS StoreHub!
✅ Servis pantas sebab, POS laju dan pintar
✅ Sistem order contactless guna 'QR Pay'. 
✅ Sistem urusan inventory pintar, takde bahan membazir. 
✅ Gunakan 'AI’ untuk kena pasti 'best sellers'. 

🔗 Ready nak tingkatkan sales? Dapatkan demo percuma!
Caption 3
🍴 Macam mana sales restoran pengguna POS StoreHub selalu meningkat? Nak tahu? 
Mudah je, Korang ken pastikan:
⚡ 'Order' laju, customer happy – sebab POS pantas! 
📱 Servis cepat dengan 'QR Order & Pay'. 
📉 Elak bahan membazir, 'track inventory' tepat.
💡 Dapat 'AI insights' untuk menu paling laku. 

📢 Daftar untuk tingkatkan sales korang, Dapatkan demo PERCUMA sekarang!
Headlines
Sales Restoran Naik (Pakai StoreHub!) 
QR Pay + AI Insights = Sales Lagi Banyak! 'Boost' Sales Restoran Dengan Solusi Pintar! POS Laju, Inventori Teratur, Sales Naik – Cuba StoreHub!

",Increased Restaurant Profit
,"[Clothing Store Owner? Try SH]
Caption 1 
👗 Clothing store owner? Try StoreHub!
Here’s why 17,000+ stores in South East Asia trust us:
🛍️ Online & Offline Store Sync – seamless operations
📦 Inventory Management – never oversell or overstock
💳 Loyalty Program & Membership – keep customers coming back
📃 Integrated e-Invoicing – simplify your finances
📸 Face Capture Clock In & Out – manage staff efficiently

📢 Ready to streamline your store? Book a free demo today!

Caption 2
🛍️ Own a clothing store? You need StoreHub!
✅ Sync your online & offline stores effortlessly
✅ Track inventory with smart management tools
✅ Boost repeat customers with built-in loyalty programs
✅ Save time with e-invoicing and staff tools

📢 17,000+ stores trust StoreHub – try it today!

Caption 3
👗 Managing a clothing store just got easier.
Here’s how StoreHub helps:
✨ Online & offline sync for smooth operations
📦 Smart inventory tracking to avoid stock issues
💳 Membership & loyalty programs built right into your POS
📃 Simplify admin work with e-invoicing
📸 Staff-friendly face capture clock-ins

📢 Join 17,000+ businesses using StoreHub – book a free demo now!

Short Headlines:
Clothing Store Owner? Simplify Your Business with StoreHub
Track Stock, Boost Loyalty, Save Time – Try StoreHub
17,000+ Stores Trust StoreHub – Book Your Free Demo
Seamless Store Sync for Clothing Stores – Try StoreHub!","Caption 1
👗 衣服店老板？试试 StoreHub！
这里是为什么超过17,000家店铺在东南亚信任我们：
🛍️ 在线和离线店铺同步 – 无缝运营
📦 库存管理 – 永远不会卖超或库存过多
💳 忠诚计划与会员制 – 让顾客频繁回购
📃 集成电子发票 – 简化财务管理
📸 人脸识别打卡 – 高效管理员工

📢 准备好简化您的店铺了吗？立即预定免费演示！

Caption 2
🛍️ 拥有服装店？你需要 StoreHub！
✅ 轻松同步线上与线下店铺
✅ 使用智能管理工具跟踪库存
✅ 利用内置的忠诚度计划提高回头客
✅ 通过电子发票和员工工具节省时间

📢 超过17,000家店铺信任 StoreHub – 今天就试试！

Caption 3
👗 管理服装店变得更简单。
这是 StoreHub 如何帮助您：
✨ 线上和线下同步，确保运营流畅
📦 智能库存跟踪，避免库存问题
💳 内置的会员与忠诚计划
📃 用电子发票简化行政工作
📸 员工友好的人脸识别打卡

📢 加入超过17,000家使用 StoreHub 的企业 – 立即预定免费演示！

Headlines
衣服店老板？用 StoreHub 简化您的生意
跟踪库存，提升忠诚度，节省时间 – 试试 StoreHub
超过17,000家店铺信任 StoreHub – 预定您的免费演示
服装店无缝同步 – 试试 StoreHub！","Caption 1
👗 Owner kedai baju? Jom cuba StoreHub! Ni sebabnya kenapa 17,000+ kedai percaya dengan POS StoreHub:
🛍️ 'Sync' kedai 'online' & 'offline' – Operasi lancar tak sangkut. 
📦 'Inventory Management' – Takde lagi isu 'oversell' atau 'overstock'. 
💳 'Loyalty Program' dan 'Membership' – Senang je nak tarik customer datang balik.
📃 E-Invoicing 'integrated' – Senangkan kerja akaun korang. 
📸 'Face Capture Clock In & Out' – Urus staf lagi efisien.
📢 Korang sedia nak 'streamline' kedai? Tempah demo percuma hari ni!


Caption 2
🛍️ Nak buka butik fesyen? Korang memang kena guna POS StoreHub!


✅ Urus kedai 'online' & 'offline' korang dalam satu sistem, senang je!
✅ Semak inventori dengan alat pengurusan pintar
✅ Naikkan jualan dengan 'loyalty program' yang dah ada dalam sistem
✅ Jimat masa dengan e-invoicing dan sistem urus staf

📢 17,000+ kedai dah guna POS StoreHub – jom cuba hari ni!
Caption 3
👗 Nak urus butik fesyen sekarang dah jadi lebih senang! Ni cara StoreHub boleh bantu korang:
✨ Urus kedai 'online' & 'offline’ dari satu sistem untuk operasi lancar
📦 Semak inventory pintar elak masalah stok
💳 'Membership' & 'loyalty program' tersedia dalam POS
 📃 Senangkan kerja admin dengan sistem e-invoicing tersedia
📸 'Clock-in' guna 'face capture', tiada lagi punch kad
📢 Jom sertai 17,000+ bisnes guna StoreHub, tempah demo percuma sekarang!




Headlines
POS StoreHub Khas Untuk Butik Fesyen!
Semak Stok, Tingkatkan “Loyalty”, Jimat Masa – Cuba StoreHub
Lebih 17,000 Kedai Percaya StoreHub, Tempah Demo Percuma Anda
POS StoreHub Diskaun 55%* , Upgrade Kedai Baju Sekarang!

",Business Owner?
,"[5Luxe Scents VP3]
Caption 1:
Tired of chasing down staff attendance or dealing with punch card headaches? StoreHub’s Face Capture makes managing your team simple! With features like facial recognition clock-in and automated time tracking, you’ll save time and reduce errors. Plus, it syncs directly to your system, so everything is recorded and organised for you.

📸 Accurate face capture clock-in
🕒 Automated time tracking
📜 Detailed attendance records
💼 Improved payroll management
✅ No more buddy-punching
🚀 Save time, reduce errors

Discover why StoreHub is the smarter way to manage your staff today!

Caption 2:
Struggling with unreliable staff attendance records? StoreHub Face Capture ensures accuracy and eliminates buddy-punching. With automated time tracking and detailed attendance reports, managing payroll has never been easier. No more messy punch cards – just simple, secure clock-ins that sync to your system.

📸 Facial recognition clock-in
📜 Detailed attendance reports
🕒 Automated time syncing
✅ No more buddy-punching
💼 Simplified payroll management
🚀 Reliable and efficient

Take control of your staff management with StoreHub Face Capture today!

Caption 3:
Managing staff shouldn’t be a nightmare. With StoreHub Face Capture, you’ll enjoy stress-free clock-ins with facial recognition technology. Track attendance accurately, reduce payroll errors, and eliminate buddy-punching once and for all. It’s time to upgrade your staff management!

📸 Secure face capture clock-in
🕒 Automated and accurate attendance tracking
📜 Easy-to-use time records
✅ No buddy-punching
💼 Better payroll efficiency
🚀 Save time and improve accuracy

Say goodbye to staff management headaches – switch to StoreHub today!

",-,"[5Luxe Scents VP3]
Caption 1:
Penat nak jaga kehadiran staff? Pening kepala dengan punch card? 😵‍💫 StoreHub Face Capture selesaikan semua! Guna teknologi pengesanan muka, staff clock-in sendiri, masa kerja auto rekod, dan korang tak payah risau staf punch kad staf lain.

📸 Clock-in guna pengesanan muka
🕒 Masa kerja direkod automatik
📜 Rekod kehadiran lengkap & tepat
💼 Payroll jadi lebih senang
✅ Tiada lagi buddy-punching
🚀 Jimat masa, kurang masalah

Nak urus staff tanpa drama? 👉 Cuba StoreHub sekarang!

Caption 2:
Masih stress pasal attendance staff? 😫 Dengan StoreHub Face Capture, semuanya jadi tepat, staf dah memnag tak boeh nak tipu masa waktu kerja. Semua kehadiran terus ke sistem POS memudakan payroll, tak perlu main-main punch card lagi.

📸 Clock-in pakai muka—tak ada alasan!
📜 Attendance lengkap dalam sistem.
🕒 Masa kerja direkod automatik.
✅ Kawan punch untuk kawan? NO!
💼 Payroll pun settle cepat.
🚀 Sistem power yang korang boleh harap.

Urus bisnes dengan cara yang lagi smart. 👉 Upgrade ke StoreHub sekarang!

Caption 3:
Pengurusan staff tak patut buat korang stres. StoreHub Face Capture ada teknologi pengesanan muka untuk clock-in so korang tak perlu risau tentang buddy-punching atau attendance tak tepat buat payroll lagi mudah. Memang terbaik untuk bisnes korang!

📸 Clock-in guna pengesanan muka.
🕒 Attendance auto & tepat.
📜 Rekod masa kerja mudah & lengkap.
✅ Bye-bye buddy-punching!
💼 Payroll jalan lancar.
🚀 Jimat masa, kerja jadi mudah.

Tak payah pening—StoreHub je solusinya. 👉 Try sekarang!

Short One-Line Headlines
""Punch card? Guna Face Capture la sekarang!""
""Clock in guna muka – confirm tak boleh tipu!""
""Pantau staff dengan mudah, semua online.""
""StoreHub buat staff management lebih smooth!""
""Operasi bisness sekarang lebih teratur!""",VP #3 - 5Luxe Scents
,"[Cost Comparison]
Caption 1:
Think RM4/day POS is cheaper? 🤔 Think again! Hidden costs from poor inventory sync, manual management, and missing features can cost you more in the long run. With StoreHub at just RM6.8/day, you get:

✅ Hardware ownership
📦 Composite inventory management
📜 E-invoice integration
🤝 Customer loyalty program
📱 Automated marketing texts
🏢 Multi-store management

Stop overspending for less – Switch to StoreHub now for smarter, more efficient business management!

Caption 2:
Other POS systems may look cheaper, but they come with a price: poor features and higher manual effort. For just RM6.8/day, StoreHub gives you everything you need:

📦 Sync online & offline inventory
✅ Ownership of POS hardware
📜 E-invoice compliance
🤝 Integrated customer loyalty programs
🏢 Multi-store management

Invest in what truly saves you time and money. Switch to StoreHub today!

Caption 3:
Stop wasting time with ""cheap"" POS systems that don’t deliver. StoreHub gives you the best value at just RM6.8/day, with features designed to simplify your business:

📦 Composite inventory management
🤝 Loyalty programs included
📜 E-invoice compliance
📱 Automated marketing texts
🏢 Seamless multi-store management

Why settle for less when you can get more with StoreHub? Upgrade your POS today!

Headlines:
Smart POS, Better ROI
Save More with StoreHub
Effortless Management
RM6.8/Day, All-in-One",-,-,Cost Comparison
,"[E-invoicing] - DC Ad
Caption 1
⏳ Phase 2 eInvoicing is coming—are you ready?
Managing high transaction volumes across multiple outlets is tough. StoreHub’s POS with integrated eInvoicing makes compliance easy:
✅ Automate invoice generation and submission
✅ Consolidate invoices across all locations
✅ Ensure compliance without extra admin work

Stay ahead of the deadline—book your free demo now!

Caption 2
🚨 Malaysia’s eInvoicing mandate is approaching fast! Don’t risk penalties or last-minute chaos. StoreHub’s all-in-one POS system ensures you stay compliant without disrupting your business.

🧾 Seamless eInvoicing integration—no extra tools needed
🏪 Multi-location support for easy consolidation
⏳ Automated processes to reduce manual errors

Avoid compliance headaches—book a free demo today!

Caption 3
💸 E-Invoicing should simplify your business, not slow it down. StoreHub’s POS with built-in eInvoicing keeps your F&B or retail store compliant while running smoothly.

✅ Auto-generate and submit invoices—no more manual work
✅ Handle refunds & cancellations with compliance in mind
✅ Train your staff easily with our user-friendly system

The deadline is near—get compliant today!

Caption 4
❌ Switching to eInvoicing shouldn’t be a hassle. StoreHub’s POS system makes compliance effortless, so you can focus on running your business.

📊 Sync transactions across all locations
🧾 Generate & send invoices instantly
💰 Stay compliant while managing sales, stock, & staff

Get ready for Phase 2 eInvoicing—book a free demo now!

Caption 5
⚠️ Missing the eInvoicing deadline = penalties & business disruptions. Don’t wait until it’s too late! StoreHub’s POS with integrated eInvoicing ensures smooth, hassle-free compliance.

✅ No extra setup—fully built-in eInvoicing
✅ Works seamlessly with your existing sales & stock data
✅ Handles refunds, cancellations & buyer invoice requests effortlessly

Make the switch today—book your free demo now!

Headlines 
- Malaysia’s eInvoicing Deadline is Near—Are You Ready?
- POS + eInvoicing = Easy Compliance for F&B & Retail
- Don’t Risk Penalties—Get an eInvoicing-Ready POS Now!
- Compliant, Hassle-Free, and Integrated—StoreHub’s eInvoicing Solution
- E-Invoicing Made Simple—No Extra Tools Needed!
- One System for Sales, Stock & Seamless eInvoicing","Caption 1
⏳ eInvoicing 第二阶段就快来到，你准备好了吗？
 好几间分店交易又多，自己处理真的很头痛！

 StoreHub POS 一站式处理电子发票：
 ✅ 自动开发票+上传，不用再手动搞
 ✅ 多间分店发票统一处理
 ✅ 不用大改动就能符合 LHDN 规定
别等到最后一分钟，赶快预约免费 DEMO 👇


Caption 2:
🚨 马来西亚电子发票强制实施越来越近！别冒着被罚款的风险。

StoreHub 的全能 POS 系统让轻松搞定 LHDN，不打乱日常营运。
🧾 自带 API 连接电子发票功能，无需额外工具
🏪 多门店支持，一键整合发票
⏳ 自动处理，减少人为错误
避免麻烦，从现在预约免费 DEMO！
Caption 3
💸 电子发票不该让你生意做得更麻烦。
 StoreHub POS 确保你的餐厅或零售店符合政府最新条规，运营更顺畅。
✅ 自动开单&提交，不用一个个提交
✅ 退款、取消订单一样照合规流程
✅ 系统好上手，员工培训无压力
截止日期快到了，今天就为生意做好准备！


Caption 4
 ❌转用电子发票是不是听起来就很麻烦？
 别担心，用 StoreHub POS，一切都能轻松搞定！
📊 所有分店的交易数据自动同步
 🧾 一键生成 + 寄出电子发票，不用来回对账
 💰做好发票同时也能管库存、员工、销售
我们已经帮你准备好了，你现在只需 — 预约免费DEMO 了解更多！👇
Caption 5
 ⚠️ 错过电子发票截止日期 = 被罚款 + 业务中断 

StoreHub POS 已内建发票功能，设好就能直接用，不用再切换用不同的系统。
✅ 不用装其他系统，电子发票功能全都有
✅ 和你现在的销售 + 库存数据无缝连动
✅ 退单、取消订单、顾客要求开单通通没问题
今天就切换系统！现在就预约免费 DEMO 吧！


Headlines
马来西亚电子发票截止日将至——你准备好了吗？


POS + 电子发票 = F&B 与零售业轻松合规


别冒风险 — 马上转用支持电子发票的 POS！


一站式合规方案，StoreHub 让电子发票更简单


电子发票轻松搞定——无需额外工具！


同个系统搞定销售、库存 & 电子发票


","Caption 1
 ⏳ Fasa 2 e-Invois semakin hampir—dah bersedia?
 Urus transaksi tinggi dari banyak cawangan memang mencabar. POS StoreHub dengan e-Invois bersepadu mudahkan pematuhan:
 ✅ Jana & hantar e-invois secara automatik
 ✅ Gabungkan invois dari semua lokasi
 ✅ Patuh LHDN tanpa kerja admin tambahan
Elak kelam-kabut last minute—tempah demo percuma sekarang!


Caption 2
 🚨 Mandat e-Invois Malaysia semakin hampir! Jangan tunggu sampai saat akhir dan tanggung risiko penalti. POS all-in-one StoreHub pastikan bisnes anda kekal patuh tanpa ganggu operasi.
🧾 Integrasi e-Invois lancar—tak perlu alat tambahan
 🏪 Sokong pelbagai lokasi—mudah untuk gabungkan invois
 ⏳ Proses automatik—kurangkan kesilapan manual
Tak nak pening kepala pasal pematuhan? Tempah demo percuma hari ini!
Caption 3
 💸 E-Invois sepatutnya mudahkan bisnes, bukan menyusahkan. POS StoreHub dengan fungsi e-Invois terbina dalam bantu bisnes F&B atau runcit anda patuh LHDN sambil beroperasi dengan lancar.
✅ Jana & hantar e-invois automatik—tak perlu buat manual
 ✅ Urus bayaran balik & pembatalan ikut garis panduan LHDN
 ✅ Latih staf dengan mudah—sistem mesra pengguna
Tarikh akhir semakin dekat—pastikan bisnes anda bersedia sekarang!
Caption 4
 ❌ Tukar ke e-Invois tak sepatutnya leceh. POS StoreHub mudahkan pematuhan supaya anda boleh fokus pada bisnes.
📊 Segerakkan transaksi dari semua lokasi
 🧾 Jana & hantar e-invois serta-merta
 💰 Patuh LHDN sambil urus jualan, stok & staf dengan mudah
Bersedia untuk Fasa 2 e-Invois—tempah demo percuma sekarang!


Caption 5
 ⚠️ Tak ikut tarikh akhir e-Invois = risiko penalti & gangguan operasi. Jangan tunggu saat akhir! POS StoreHub dengan e-Invois bersepadu pastikan pematuhan tanpa stres.
✅ Tak perlu setup tambahan—e-Invois terbina dalam
 ✅ Serasi dengan data jualan & stok sedia ada
 ✅ Mudah urus bayaran balik, pembatalan & permintaan invois pembeli
Tukar sekarang—tempah demo percuma hari ini!
Headlines
Tarikh Akhir e-Invois Malaysia Semakin Hampir—Dah Sedia?


POS + E-Invois = Pematuhan Mudah untuk F&B & Runcit


Elak Penalti—Dapatkan POS Siap Sedia e-Invois Hari Ini!


Patuh LHDN, Tanpa Leceh—Penyelesaian e-Invois StoreHub


E-Invois Lebih Mudah—Tak Perlu Alat Tambahan!


Satu Sistem Untuk Jualan, Stok & E-Invois Lancar
",e-Invoicing
,-,-,"[5Luxe Scents VP4]

Caption 1:
Owner bisnes retail! 😵‍💫
Nak train staff baru memang leceh kalau POS susah nak guna! Tapi dengan StoreHub? 📌

🚀 Ramai pekerja dah biasa guna StoreHub
🎯 UI simple & mudah faham
📊 Report tekan 2-3 click, terus siap

Makin senang kerja, makin lancar bisnes. Tukar ke StoreHub hari ni! 🔥

Caption 2: 
Owner kedai retail mesti ada masalah nak cari staff susah, train staff lagi susah! 🤦🏽‍♂️
Kalau sistem POS susah nak guna, staff baru mesti blur! Tekan mana? Nak hantar report macam mana?

Tapi kalau guna StoreHub POS:
✅ Ramai staff pernah guna StoreHub
✅ Lebih 17,000 bisnes guna StoreHub
✅ Interface simple, mudah faham
✅ Training laju, kerja lebih lancar

Senang gila kan? Jom pakai StoreHub sekarang! 🚀

Caption 3:
Tak larat nak train staff baru guna sistem POS dari A-Z? 😵‍💫
Nak ajar tekan mana, buat report—asyik ulang benda sama!

Tapi kalau guna StoreHub, ramai dah biasa dengan sistem ni!
📌 Lebih 17,000 bisnes guna StoreHub
📌 UI simple, tekan-tekan terus faham
📌 Staff boleh terus guna tanpa training panjang
📌 Report siap dalam beberapa klik je

Jangan buang masa, upgrade ke StoreHub sekarang! 🚀

Headlines: 
Upgrade ke POS StoreHub Sekarang!
POS StoreHub Khas Untuk Retail
Train Staff Mudah Dengan StoreHub
Lebih 17,000 Kedai Guna POS StoreHub 
StoreHub - Interface Mudah, Staff Lebih Efisyen",VP #4 - 5Luxe Scents
,-,-,"[5Luxe Scents VP5]

Caption 1: 
Owner bisnes retail! 🚀
Korang nak customer datang balik, takkan nak tunggu nasib je! Dengan sistem POS StoreHub lagi mudah nak panggil customer balik kedai korang sebab boleh:

✅ Collect customer data (nama, phone, email)
✅ Buat cashback rewards dalam sistem yang sama
✅ Senang setup, lebih banyak repeat sales!

Jangan goyang kaki je berharap customer datang balik. Korang kene buat diorang nak datang balik! 💰🔥

Caption 2:
Hi Owner kedai butik dan retail! Nak pelanggan repeat, tapi tak tahu macam mana? 🤔
Kalau sebelum ni setakat harap je customer suka, zaman sekarang korang boleh guna data untuk buat diorang datang balik!

🎯 POS StoreHub collect info customer dengan mudah
🎯 Setup cashback rewards dalam sistem sama
🎯 Customer happy, sales makin tinggi!

Dah lah senang, untung pun lebih! Try StoreHub hari ni. 💰🔥

Caption 3: 
Lebih 17,000 Kedai Guna POS StoreHub 
Owner Bisnes Retail! Jom buat customer repeat beli dengan cara ni! 👇🏻

💡 Collect customer info secara automatik
💡 Buat cashback rewards tanpa apps tambahan
💡 Senang setup semua dalam satu sistem POS StoreHub

Jangan tunggu customer lupakan kedai korang. Start guna StoreHub sekarang! 🔥

Headline: 
POS StoreHub Khas Untuk Retail
Lebih 17,000 Kedai Guna POS StoreHub 
Nak customer repeat? Senang je dengan StoreHub!
POS StoreHub + Cashback = Repeat Customer
Buat customer setia dengan sistem POS StoreHub

",VP #5 - 5Luxe Scents
,"Caption 1:
⚠️ Still relying on handwritten records? Mistakes happen – and they cost you time and money.
With StoreHub, you get:
📊 Clear, automated reports – no more lost data
💳 Easy payment tracking – know exactly what you’re charged
🛍️ Full sales visibility – track discounts, stock, and more
Run your business with confidence.
🚀 Book your free demo now! 👇

Caption 2:
📉 Losing sales because of manual mistakes?
❌ Handwritten records are messy
❌ One error can wipe out important data
❌ No way to track missing transactions
With StoreHub, you get:
✅ Automated sales tracking – no lost data
✅ Clear reports – catch mistakes before they cost you
✅ Full payment history – cash, card, and discounts all accounted for
Run your business with confidence.
🚀 Book a free demo now! 👇

Caption 3:
🚀 Running a business is hard – but tracking your sales shouldn’t be.
With StoreHub, you get:
📊 Accurate reports – no more manual errors
💳 Clear payment tracking – cash, card, and bank fees all accounted for
👀 Full visibility – know exactly when discounts are applied
Make better business decisions with real data.
🎯 Book a demo today! 👇

Headlines
Stop Losing Sales to Manual Mistakes
Track Payments & Discounts with StoreHub POS
Know Where Your Money Goes – No More Guesswork
StoreHub: Fewer Mistakes, More Control
","[Kyudon VP1]
Caption 1:
⚠️ 还在用手写记录？账目对不上也找不到错误在哪里？
使用 StoreHub，轻松搞定：
📊 自动生成清晰月报 – 数据全都被保管好
💳 轻松追踪付款方式 – 顾客用Cash、卡还是TnG，全都对得上
🛍️ 掌握全面销售数据 – 额外折扣、库存货量都能实时监测
生意更顺，烦恼更少！
🚀 马上预约 DEMO 免费试看！👇
Caption 2:
📉 手写记录搞到订单漏掉？亏钱又头疼！

❌ 账目乱到像“rojak”，每天对账对到哭
❌ 一不小心写错，重要数据根本想不起
❌ 漏单？找不回？又要从头开始清算！
用 StoreHub，轻松解决：
✅ 自动追踪每笔销售 – 数据不再“飞走”
✅ 清晰报表 – 问题早发现，早解决
✅ 完整支付记录 – 现金、刷卡、折扣，一笔不漏
生意稳稳做，烦恼少少来！
🚀 立即预约免费DEMO！👇
Caption 3:
🚀 经营生意不容易，但追踪销售应该是简单的。
使用 StoreHub，你可以：
📊 自动生成精准报表 – 不用再对账对到头晕
💳 付款方式追踪 – 现金、E-Wallet、刷卡、银行手续费一目了然
👀 销售数据全掌握 – 顾客用了多少折扣、买了什么，全部清清楚楚
用最准确的数据做更好的生意决策。
🎯 立即预约免费DEMO！ 👇
 别让手写错误害你损失订单！

Headlines:
用 StoreHub 轻松追踪付款和折扣

清楚掌握资金流向，不再靠猜的！

 StoreHub：更少错误，更大掌控力

",-,VP1 Kyudon
,"Caption 1:
🚀 Struggling with unstable business and slow service?
With StoreHub Dynamic QR, you get:
📲 Flexible ordering – customers can order via QR or ask for assistance
🏷️ No more reprinting labels – one QR works for everything
💬 Better customer service – keep communication open while streamlining orders
Upgrade your business with StoreHub QR today!
👉 Book a free demo now! 👇


Caption 2:
⚠️ Lost sales due to slow service?
❌ Long wait times frustrate customers
❌ Printing new QR labels takes time and effort
❌ No way to assist customers who need help
✅ StoreHub Dynamic QR solves it all!
🔹 Customers can scan & order – or ask for help
🔹 One QR for everything – no reprinting needed
🔹 Maintain customer interaction while streamlining operations
🚀 Run a smoother business with StoreHub QR!
👉 Book your free demo today! 👇

Caption 3:
📉 Service too slow? Customers leaving?
StoreHub Dynamic QR helps you serve more customers, faster!
✔️ Flexible ordering – QR menu or assisted service
✔️ No more reprinting labels – one QR for all orders
✔️ Keep customer interaction – answer questions while improving efficiency
💡 Boost your business with smarter ordering!
🎯 Book a free demo now! 👇

Headlines:
Faster Service, Happier Customers
QR Ordering That Works for You
Skip the Hassle – Serve More Customers
StoreHub QR: Flexibility Meets Efficiency

","[Kyudon VP2]
Caption 1:
🚀 生意时好时坏，不敢请多人但高峰期又忙到乱？

StoreHub Dynamic QR 帮你解决人手问题：
📲 灵活点餐 – 顾客可以自己扫码点餐或让服务员推荐
🏷️ 无需重复打印菜单 – QR Code 就能更新菜品
💬 员工保持顾客互动 – 既能高效接单，又能保持服务温度
升级你的餐厅服务！
👉 立即预约免费DEMO！ 👇
Caption 2:
⚠️ 服务太慢错失太多顾客了吗？
❌ 长时间等待让顾客不耐烦
❌ 菜单调整就要重新打印很花时间？
❌ 人流太多根本没空推荐招牌菜？
✅ StoreHub Dynamic QR 轻松解决！
🔹 顾客扫码点餐，员工专注送餐 & 服务
🔹 一个 QR 解决所有订单，无需重复打印
🔹 员工随时和顾客互动，提供更好用餐体验
🚀 更有温度的服务，更高的营业额！
👉 现在就预约免费DEMO吧！ 👇


Caption 3:
📉  顾客等太久没人服务，直接走人？
StoreHub Dynamic QR 让你提升服务效率，吸引更多顾客！
✔️ 灵活点餐 – 扫码或店员下单都行
✔️ 无需重新打印菜单 – 一个QR Code 就搞定
✔️ 维持与顾客的互动 – 不影响沟通，更加贴心
💡 用更智能的方式经营你的店铺！
🎯 马上预约免费DEMO！ 👇


Headlines:
提升服务，留住顾客

灵活点餐，提升效率

省时省力，服务更多顾客

StoreHub QR：灵活又高效

",-,VP2  Kyudon
,"Caption 1:
📊 Not sure if your business is growing?
Without a proper sales report, you can’t:
❌ Track daily, monthly, or yearly progress
❌ Compare this year’s sales with last year’s
❌ Monitor performance when you’re not in the store
With StoreHub, you get:
✅ Detailed sales reports – track daily, monthly & yearly growth
✅ Remote access – check reports anytime, anywhere via the StoreHub Manager app
✅ Better insights – make informed business decisions
📈 Track your sales, grow your business!
🚀 Book a free demo now! 👇


Caption 2:
⚠️ Can’t track your sales? Don’t know if your business is improving?
With StoreHub POS, you can:
📊 Compare this year’s sales with last year’s
📱 Check reports anywhere with the StoreHub Manager app
💡 Get clear insights to make better decisions
📈 Stop guessing. Start tracking.
👉 Book a free demo today! 👇

Caption 3:
📉 Still guessing if your business is making money?
With StoreHub’s sales reports, you can:
✔️ Compare your earnings – track daily, monthly & yearly growth
✔️ Check reports remotely – no need to be in-store
✔️ Get real insights – see what’s happening in real-time
📊 Manage smarter with StoreHub!
🚀 Book your free demo today! 👇


Headlines:
 Know Your Numbers, Grow Your Business
Track Sales Anytime, Anywhere
StoreHub: See Your Business Clearly
Stop Guessing, Start Growing
","[Kyudon VP3]
Caption 1:
📊 不知道生意有没有进步？
没有清晰的销售报表，你会：
❌ 看不清每日、每月、每年的销售变化
❌ 无法对比今年和去年的营业额
❌ 离开店就抓不到生意状况
StoreHub 让你轻松掌握生意动态！
✅ 详细的Sales Report – 随时查看每日、每月、每年的销售趋势
✅ 远程管理更方便 – StoreHub Manager App，随时随地查看销售数据
✅ 数据化决策更精准 – 让每个决定都有依据
📈 掌握销售数据，让生意更上一层楼！
🚀 立即预约免费DEMO！ 👇


Caption 2:
⚠️ 做生意，最怕不清楚赚钱还是亏钱！
让StoreHub POS帮你管理：
📊 对比今年 VS 去年的营业额，找到问题
📱 不用每天守在店里，手机直接查看最新业绩
💡 用数据做决定，不再靠感觉来经营
📈 别再盲猜，让专业的系统帮你生意越做越顺！
👉 今天就申请免费DEMO吧！👇



Caption 3:
📉 还在靠猜测生意状况？
使用 StoreHub 销售报表，你可以：
✔️ 对比销售数据 – 追踪每日、每月、每年的增长趋势
✔️ 远程查看销售情况 – 不在店里也能管理生意
✔️ 精准掌控运营状况 – 让生意更稳定增长
📊 StoreHub 让你更全面地管理生意！
🚀 马上预约免费DEMO！ 👇


Headlines:

掌握数据，生意越做越大

随时随地追踪业绩，赚钱心里有数

StoreHub：让你更容易掌握生意状况


别再靠感觉猜，数据化管理帮助稳定成长



",-,VP3 Kyudon
,"Caption 1:
📊 Use data to upgrade your restaurant menu and attract more customers!
StoreHub’s smart sales reports let you easily view your Top 10 best-selling items, so you can adjust your menu to match customer preferences!
✅ Identify your most popular food and drinks
✅ Find out what customers don’t like and improve it
✅ Keep your menu aligned with trends to attract more diners
💡 Make data-driven decisions instead of guessing! Try StoreHub today and boost your restaurant sales!


Caption 2:
💡 Menu optimization = Higher sales!
Want to know what food items are selling best? Which dishes are being ignored? StoreHub’s sales reports show you everything!
✅ Analyse customer preferences to optimise your menu
✅ Replace underperforming dishes to match market trends
✅ Improve customer experience and increase repeat visits
📢 Win with data and make running your business easier! Try StoreHub today to see your best-selling items!


Caption 3:
📢 Why does your restaurant need data analysis?
Because best-selling dishes = higher profits! 🚀
StoreHub sales reports help you understand:
📊 Which dishes are most popular and should stay
🔄 Which dishes aren’t selling and should be improved
📈 How to adjust your menu to attract more customers
Stop guessing—use data to make your restaurant more profitable! Try StoreHub today!


Headlines:
Use data to optimise your menu and attract more customers! 📊
Best-selling dishes = Higher sales! Use StoreHub to boost revenue!
What do your customers love? The data will tell you! 📈
Stop running your business on guesswork! Use data to increase profits!


","[Kyudon VP4]
Caption 1:


📊 用数据升级菜单，吸引更多回头客！
StoreHub 智能 Sales Report 帮你找出 Top 10 畅销餐点，让你更快调整菜单，抓住顾客的胃！


✅ 找出最受欢迎的食物和饮料
✅ 知道哪些东西不好卖，就能换上更受欢迎的选择
✅ 不断改进 menu 确保有符合最新趋势，提高营业额

💡 用数据做决定，不再靠猜！ 赶快注册体验 StoreHub！


Caption 2:
💡 Menu 调整好，销量自然高！
有些餐点卖得好，有些一直没人点，你却还留着吗？StoreHub 销售报告直接跟你说什么该保留，什么该换。
✅ 分析顾客喜好，优化餐厅菜单
✅ 替换冷门菜色，跟上市场口味趋势
✅ 让菜单更符合顾客口味，提高回头率
📢 用数据赢过对手，让生意越做越好！ 立即体验 StoreHub，升级你的菜单吧！
Caption 3:
📢 餐厅为什么要看数据？
因为越多畅销餐点 = 赚更多钱！🚀

StoreHub 销售报告让你找到：
📊 哪些菜色卖得最好，再重点推广
🔄 哪些餐点没人点，换掉不浪费
📈 什么时候该调整菜单，吸引更多客人
别再猜测，用数据让餐厅更赚钱！ 立即体验StoreHub！


Headlines:
用数据优化菜单，吸引更多顾客！📊
畅销餐点 = 更高销量！用StoreHub提升业绩！
你的顾客喜欢什么？数据告诉你答案！📈
别再靠感觉猜来经营！用数据告诉你怎么做，让生意更赚钱！

",-,VP4Kyudon
,"Caption 1:
📸 Staff clocking in for each other? Even CCTV can’t stop it?
Stop wasting time checking security cameras! StoreHub Face Capture ensures employees can only clock in using their own faces, reducing fraud:
✅ AI facial recognition for accurate attendance tracking
✅ Automated reports showing exactly who clocked in and out
✅ No more buddy punching – employees stay accountable
💡 Data doesn’t lie! Use technology to make management easier! Try StoreHub today!



Caption 2:
🚨 Attendance fraud? Employees clocking in for each other?
One of the biggest challenges in staff management is fake attendance—but with StoreHub Face Capture, you can prevent it effortlessly!
📸 AI facial recognition ensures accurate clock-ins
📊 Real-time attendance reports show exactly who was at work
🚀 Reduce conflicts & payroll disputes, while improving accountability
📢 Let data manage attendance—stop relying on CCTV! Try StoreHub today!

Caption 3:
📊 Attendance reports don’t lie!
Before, you had to rely on CCTV footage to check if employees were really clocking in. Now, with StoreHub Face Capture, everything is automated and transparent!
✅ Automated attendance tracking – no more monitoring cameras
✅ Employees stay accountable – no more buddy punching
✅ Fewer disputes over attendance – making management easier
📢 Technology makes attendance tracking effortless! Try StoreHub today!

Headlines:
Employees clocking in for each other? Face Capture stops them! 📸
Attendance fraud? Use AI to keep employees accountable!
Easier attendance management! StoreHub Face Capture makes it effortless!
No more relying on CCTV! AI-powered attendance tracking made simple!



","[Kyudon VP5]
Caption 1:
📸 员工互相打卡？每天都要查 CCTV 看他们？
现在不用浪费时间去监督啦！StoreHub Face Capture 用 AI 人脸识别 确保员工只能自己刷脸打卡，没办法作假：

✅ AI人脸识别 — 只认真人，不能代打
✅ 自动生成考勤报告 — 谁迟到、谁偷跑，统统被记录！
✅ 管理更轻松 – 省时省力，员工更自律
💡 数据不会说谎！用科技让管理更轻松！ 立即体验 StoreHub！

Caption 2:
🚨 上班打卡作假？员工互相代打卡要怎么解决？
管理员工最头痛的事，就是考勤造假！但用 StoreHub Face Capture，就能轻松解决！
📸 AI人脸识别打卡，员工只能自己刷脸打卡
📊 考勤报告实时记录，谁迟到早退都一清二楚
🚀 减少管理冲突，让员工更自律
📢 让数据帮你管考勤，不再靠 CCTV！ 现在就试试 StoreHub！


Caption 3:

📊以前员工的Punch Card 记录可以手写或者他们员工之间互相帮忙作假？
现在用 StoreHub Face Capture，刷脸打卡，确保 100% 准确了！：

✅ 自动追踪考勤 – 不用再盯监控，
✅ 员工更自律 – 不敢再找同事帮忙打卡
✅ 减少考勤纠纷 – 管理更轻松，团队更和谐

📢 科技让考勤更精准，管理更 smart！马上体验 StoreHub 吧！


Headlines:
员工互相代打卡？Face Capture 让他们没法作假！📸
考勤作弊？ AI 人脸识别，让员工变更自律！
管理考勤更轻松！StoreHub Face Capture 让你一目了然！
不用再查 CCTV！ AI 识别考勤，让管理更简单！",-,VP5 Kyudon
,"[Choose Your POS Game]
Caption 1 – Gamified POS Selection
🎮 Time to level up your business with a POS system that has it all. No need to choose between:
✅ Integrated e-Invoicing – Stay compliant, the easy way
☁️ Cloud-Based POS – Access sales and stock data anytime
💻 State-of-the-Art Hardware – Fast, reliable, and built for business

With StoreHub, you don’t have to pick just one. Get all the best features in one system and run your business smarter.

💡 Start your upgrade today – Book a free demo now.

Caption 2 – Problem-Solution Hook
🤔 Stuck with a POS system that’s holding you back? It’s time to upgrade.

With StoreHub, you don’t have to choose – you get:
📊 Real-time sales & inventory tracking
💸 Built-in e-invoicing for compliance
🚀 Fast & reliable hardware for smooth operations

Select your fighter and equip your business with the best – Claim 60% off while you can.

📢 Book a free demo today.

Caption 3 – Competitive Angle
❌ Other POS systems make you choose. StoreHub gives you everything.

Why settle for less when you can have:
🧾 Seamless e-invoicing
📦 Smarter stock tracking
💻 High-performance hardware
📊 Real-time sales insights

💡 Don’t play on hard mode. Get a POS system that works for you.

📢 Book a demo and see it in action.

Short Headlines (30C)
Level Up with the Right POS
Why Choose? Get It All in One
Upgrade to a Smarter POS
The Best POS for Your Business","Caption 1
 🎮 是时候用这款全能 POS 系统，让你的生意更上一层楼了！不用再烦恼要选哪个： 
✅ 完美整合电子发票 – 全自动确保符合新政策 
☁️ 云端 POS – 生意数据和货品状况，随时随地掌握 
💻 高效率硬件 – 快、稳、耐用，专为你的生意打造
有了 StoreHub，所有你需要的功能都在这里。一个系统搞定所有事情，更聪明做生意。
💡 今天就升级 – 预约免费DEMO！



Caption 2
🤔 还在用那种会拖累你生意的 POS 系统？是时候升级了！


有了 StoreHub，这些功能你都能拥有：
📊 销售额和库存实时更新
💸 系统自动上传电子发票，合规又减少麻烦
🚀 设备又快又稳定，用起来很顺手


选一个“得力助手”，让你的生意配备最强的系统 – 现在还有 60% 的优惠！


📢 赶快预约免费 DEMO 吧！


Caption 3
 ❌ 其他 POS 系统还要你左选右选。StoreHub 全部给你！


为什么为难自己？你可以拥有：
🧾 完美处理电子发票
📦 更智能的库存追踪
💻 高效稳定的收银设备
📊 随时掌握销售数据

💡 别再让做生意的方式那么麻烦。选一个真正帮到你的 POS 系统吧！
📢 现在就预约 DEMO，自己来体验看看！


Short Headlines 
用对的 POS 来升级生意
不用做选择，一次就拥有全部
升级你的 POS 系统
最适合你生意的 POS 系统
","Caption 1
 🎮 Masa untuk 'level up' bisnes dengan POS yang lengkap. Tak payah pening nak pilih:
 ✅ E-Invois bersepadu – Patuh cukai, cara paling mudah. 
☁️ POS 'Cloud-Based' – Akses data jualan & stok bila-bila masa, dari mana-mana
💻 'Hardware' terbaik – Laju, 'reliable', & memang built for bisnes
Dengan StoreHub, tak perlu pilih satu je. Dapatkan semua ciri 'power' dalam satu sistem & urus bisnes lebih 'smart'.
💡 Jom 'upgrade' bisnes hari ni – Daftar untuk demo percuma sekarang!

Caption 2
 🤔 Masih 'sangkut' dengan sistem POS lama yang 'hold back' bisnes? Dah sampai masa untuk 'upgrade'!

Dengan StoreHub, anda dapat semuanya:
 📊 Jejak jualan & stok secara langsung
 💸 E-invois terbina dalam – terus patuh LHDN
 🚀 Perkakasan pantas & stabil untuk operasi lancar
Pilih 'fighter' terbaik & lengkapkan bisnes Bos dengan yang 'terbaik' – Rebut diskaun 60% sementara ada peluang!
📢 Tempah demo percuma hari ini.
Caption 3
❌ Sistem POS lain kadang buat bisnes owner pilih-pilih ciri yang korang suka tapi StoreHub bagi SEMUA dalam satu pakej!
Kenapa 'settle' dengan yang kurang kalau boleh dapat:
🧾 E-Invoicing 'seamless' (lancar, tak sangkut) 
📦 'Tracking' stok lebih 'smart' & tepat
💻 'Hardware high-performance', laju & tahan lasak 
📊 'Real-time insights' jualan (terus tahu apa yang laku!)
💡 Jangan main 'hard mode' dalam bisnes. Dapatkan sistem POS yang memang betul-betul bantu kerja harian Bos.
📢 Tempah demo & tengok sendiri macam mana StoreHub 'power'!
Short Headlines
'Level Up' Bisnes Dengan POS Yang Betul
Kenapa Pilih Satu? Dapatkan Semua Dalam Satu!
'Upgrade' Ke POS Lebih 'Smart'
POS Paling 'Terbaik' Untuk Bisnes Bos



",Choose Your POS Game
,"[Manage Remotely]
[Retail Stores]
Caption 1:
Running a retail store doesn’t mean being tied to the counter. With the StoreHub App, track sales, check stock, and monitor customer trends—anytime, anywhere.

📊 View real-time sales reports – Know what’s selling, even when you're away
📦 Track inventory with ease – Avoid stock shortages and over-ordering
👥 Manage customers & loyalty programs – Reward loyal shoppers without manual work

Take control of your store from your phone. Get a free demo today.

Caption 2:
Managing your store shouldn’t mean being stuck in one place. Whether you’re at home, traveling, or running errands, the StoreHub App lets you check sales, track inventory, and manage your store in real-time—right from your phone.

📢 Stay on top of your business, no matter where you are. Try it for free today.

Caption 3:
Never lose track of your business again. The StoreHub App gives you instant access to sales reports, stock levels, and customer data—so you can make smart decisions without needing to be in-store.

📢 Run your store smarter, wherever you are. Book a free demo now.

Headlines:
1️⃣ Run Your Store from Anywhere, Anytime
2️⃣ Check Sales & Stock Without Leaving Home
3️⃣ Stay in Control, Wherever You Are
4️⃣ Retail Management, Made Simple

[Cafés]
Caption 1:
Running a café doesn’t mean you need to be there 24/7. With the StoreHub App, you can track sales, check inventory, and monitor your loyalty program—all from your phone.

📊 Get real-time sales reports – See which drinks & pastries sell best
🍰 Track stock levels instantly – No more running out of key ingredients
💡 Know your busiest hours – Plan staffing and prep ahead of time

Stay in control of your café, even when you’re not there. Book a free demo today.

Caption 2:
Running a café is fast-paced—your POS system should keep up. With the StoreHub App, track your café’s performance, check inventory, and view sales reports—without needing to step foot in the store.

📢 Manage your café from anywhere. Get started today.

Caption 3:
Too busy to sit down and check reports? The StoreHub App gives you instant access to real-time sales, stock levels, and customer loyalty data—so you can stay in control, no matter where you are.

📢 Keep your café running smoothly, even on the go. Book a demo now.

Headlines:
1️⃣ Check Café Sales & Stock from Anywhere
2️⃣ Run Your Café Without Being in Store
3️⃣ Stay in Control of Your Café, Anytime
4️⃣ Smart Café Management, On the Go",-,"[Manage Remotely]
[Retail Stores]
Caption 1:
📢 Jaga kedai tak semestinya kena diri kat kaunter 24/7!
Dengan StoreHub App, korang boleh cek sales, stok & tengok trend customer bila-bila masa, di mana saja!

📊 Laporan jualan real-time – cek report sales dari fon je
📦 Pantau stok dengan mudah – elak barang habis atau terlebih order
👥 Urus pelanggan & program loyalti – reward customer dengan mudah

📲 Kawal bisnes terus dari fon korang! Tempah demo PERCUMA sekarang.

Caption 2:
⚡ Urus kedai tak semestinya kena sentiasa di kedai!
Sama ada di rumah, tengah travel, atau buat urusan lain, StoreHub App bagi korang akses jualan, stok & laporan bisnes dalam satu app je!

📢 Bisnes sentiasa dalam genggaman! Try demo PERCUMA sekarang.

Caption 3:
📢 Tak nak hilang kawalan bisnes bila korang tak ada di kedai?
Dengan StoreHub App, korang boleh tengok laporan jualan, jumlah stok, dan data customer secara real-time—mudah nak buat keputusan bisnes, tak perlu sentiasa ada di kedai!

📲 Urus kedai dengan lebih bijak, dari mana-mana saja. Tempah demo PERCUMA sekarang!

Retail Headlines:
1️⃣ Urus kedai dari mana-mana, bila-bila masa!
2️⃣ Cek jualan & stok tanpa perlu ke kedai!
3️⃣ Bisnes sentiasa dalam kawalan, walau di mana korang berada!
4️⃣ Pengurusan retail jadi lebih mudah!

",Manage Remotely
,"[JB Local Support]
1️⃣ Running a café in JB? Get a POS that understands your needs—fast and local. With on-the-ground support, you can get help when you need it.

📍 Local support team in JB
📞 Support that speaks your language
💡 Trusted by 600+ local businesses

📢 Book a free demo today and experience local, expert support.

2️⃣ Running a business in JB means getting support that’s nearby and fast. StoreHub’s local team understands your needs, and we’re just a call away.

📍 On-the-ground team in JB
📞 No more waiting on long-distance support
💬 Your language, your business

📢 Experience the difference of local support—book a demo now!

3️⃣ Local businesses need local support. At StoreHub, we know JB and we’re here to help with everything from setup to ongoing support.

📍 Experienced local team in JB
📞 Personalised support that speaks your language
💬 Trusted by over 600 local businesses

📢 Get expert support in JB. Book your free demo today.

Headlines:
1️⃣ Local Support, Just Around the Corner
2️⃣ Fast, Friendly Support in JB
3️⃣ Your Business, Our Local Expertise
4️⃣ Get POS Support You Can Rely On in JB","Caption 1
在 JB 开咖啡店？你需要一个了解你需求的 POS 系统 — 速度快又够道地。有当地专业服务团队，让你随时都能获得帮助。

📍 JB 本地支援团队
📞 用你熟悉的语言沟通
💡 超过600+家当地的商家信任我们

📢 今天就预约免费 DEMO，体验专业团队的服务


Caption 2
在 JB 做生意，就是要找最靠近且有快速支持的服务。StoreHub 团队了解你的需求，一个电话我们马上到！

📍 JB 当地团队为你服务
📞 有问题时不用等人从外地过来
💬 用你最熟悉的语言沟通

📢 体验在当地化服务的不同 — 现在就预约 DEMO！
Caption 3
在新城市做生意，最怕遇到问题找不到人帮。
StoreHub 深知 JB 市场，从安装到售后，我们都在你身边。

📍 经验丰富的JB 团队
📞 用你熟悉的语言提供专业支持
💬 超过 600+ 家当地商家信赖

📢 JB 专业支援团队在等着你。今天就预约免费DEMO 吧！




Headlines;
当地团队，随叫随到
在 JB 享受快速又贴心的服务 
你的生意，交给我们当地的专业团队
你在 JB 最可靠的 POS 收银伙伴！
",-,JB Local Support
,"[Future-proof]
Caption 1:
Future-proof your restaurant with a POS that does more than just transactions. StoreHub helps you attract customers, manage operations across outlets, and avoid costly mistakes.

✅ Built-in E-invoicing
✅ Kitchen Display System = No more order errors
✅ Smarter inventory tracking
✅ Multi-outlet management

📢 Book a free demo today — and run your F&B business smarter.

Caption 2:
Still using a basic POS that slows you down? With StoreHub, you get speed, accuracy, and the tools to grow.

📋 E-invoicing for smoother ops
👩‍🍳 KDS for faster, error-free service
🏬 Manage all stores from one place
📦 Smart inventory = fewer stockouts

💻 Get a free demo and see the difference.

Caption 3:
A better POS = a better business. StoreHub is the all-in-one POS that helps you serve faster, reduce errors, and grow confidently.

✅ Attract & retain customers
✅ Avoid kitchen delays with KDS
✅ Track stock in real-time
✅ Sync all your outlets

🚀 Book a free demo today.

Short Headlines
All-In-One POS for F&B

Fewer Errors, More Orders

Smart POS for Smarter Growth

POS That Grows with You

Run Your Store Like a Pro","Caption 1
让你的餐厅未来“没烦恼”！StoreHub POS 不只帮你收钱那么简单，它还会帮你吸引顾客、管理多家分店，帮你避开那些会让你亏钱的失误。

✅ 绑定电子发票，轻松合规
✅ 厨房显示系统 = 不再漏单
✅ 库存追踪更聪明
✅ 多门店同步管理

📢 今天就预约免费 DEMO — 让你的餐饮生意更精明！


Caption 2
还在用拖慢生意的基础 POS？StoreHub 能帮你提升速度、提高准确性，还有助你扩展业务的强大工具。

📋 电子发票让操作更顺畅
👩‍🍳 KDS 显示系统提高出餐效率，减少错误
🏬 一个平台管理所有分店
📦 智能库存 = 减少缺货

💻 预约免费 DEMO，感受不一样的效率。
Caption 3
拥有更好的 POS = 更成功的生意！StoreHub 全能 POS 系统，能帮你提升服务速度、减少出错，让你的生意稳稳当当地成长。


✅ 吸引并留住顾客
✅ KDS 避免厨房延误
✅ 实时追踪库存
✅ 分店数据自动同步


🚀 立即预约免费 DEMO!



Headlines

F&B 全能 POS 系统
少出错，多接单
智慧 POS，助你成长
POS 跟着你一起升级
像专业老板那样管理店铺



","Caption 1
Lindungi masa depan restoran korang dengan POS yang bukan setakat transaksi je. POS StoreHub bantu tarik customer, bina customer setia, urus operasi banyak outlet, & elak kesilap bisnes yang mahal.

✅ E-Invois terbina dalam
✅ Sistem Paparan Dapur = Tiada lagi pesanan salah
✅ Sistem urus inventori pintar
✅ Pengurusan pelbagai cawangan

📢 Tempah demo percuma hari ini — urus bisnes F&B anda dengan lebih bijak.
Caption 2
Masih guna sistem cashier atau POS lama yang buat korang slow? Dengan StoreHub, confirm bisnes korang laju, tepat, & sedia untuk berkembang. 

📋 E-invois untuk operasi yang lebih lancar
👩‍🍳 KDS untuk servis lebih cepat & tepat
🏬 Urus semua cawangan dari satu tempat
📦 Inventori pintar = kurang kehabisan stok

💻 Dapatkan demo percuma dan rasai perbezaannya.
Caption 3
POS yang lebih baik = Bisnes yang lebih mantap. POS StoreHub, sistem all-in-one yang bantu korang servis lebih laju, kurangkan kesilapan dan kembangkan bisnes dengan yakin.

✅ Tarik & kekalkan pelanggan
✅ Elak kelewatan dapur dengan KDS
✅ Jejak stok secara langsung
✅ Segerakkan semua cawangan

🚀 Tempah demo percuma hari ini.


Headlines

POS All-in-One Untuk F&B
Kurang Silap, Lebih Pesanan
POS Bijak Untuk Bisnes Lebih Canggih
POS Yang Tumbuh Bersama Anda
Urus Kedai Anda Macam Pro

",Futureproof
,"[30 seconds] 
Retail
Caption 1
Still manually tracking stock levels?
In the time it took you to read this, you could’ve auto-synced your inventory, updated every store, and avoided a stockout on your bestsellers.

📦 Real-time stock sync
🏬 Multi-outlet updates
🛍️ No more lost sales

⏳ Stop wasting time. Book a free demo today.

Caption 2
⏰ 30 seconds.
That’s all it takes to lose a sale when a bestseller goes out of stock.

StoreHub keeps your inventory synced across every outlet—so your customers always find what they want.

✅ Auto-sync stock
✅ Avoid stockouts
✅ Grow repeat sales

👉 Take action today. Start for free.

Caption 3
Every second matters in retail.
With StoreHub, your inventory updates in real time—no guesswork, no missed sales.

🛍️ Auto-sync your stock
🏬 Keep every outlet up-to-date
📈 Avoid bestsellers selling out

You run the business. StoreHub handles the rest.

Short Headlines
Avoid Stockouts Instantly
Smart Stock Sync for Retail
Bestsellers Always In Stock
1 POS. No More Guesswork.
Update All Stores in 1 Tap


FnB
Caption 1
⏳ 30 seconds.
That’s all it takes for 3 tables to place their orders—without needing staff.

With QR Order & Pay, your customers order faster, your team stays focused, and your café serves more with less.

📱 Contactless QR ordering
🚫 No waiting, no stress
💡 Perfect for peak hours

✅ Join thousands of cafés using StoreHub.

Caption 2
Imagine 3 tables walking out… just because they had to wait.

With StoreHub QR Order & Pay, customers order immediately—no queue, no frustration, no extra staff needed.

📱 Customers order by themselves
⏱️ Faster turnover, higher sales
👩‍🍳 Staff stay focused on prep

Don’t lose another table. Try StoreHub today.

Caption 3
In the time you read this, three more tables could’ve ordered.

QR Order & Pay helps your café serve faster, even when you're short-staffed.

📱 No more order queues
🍽️ Serve more, stress less
👥 Perfect during peak hours

Speed up service today—get your free demo now.

Short Headlines
Serve More with Fewer Staff

QR Ordering = Faster Tables

Speed Up Peak Hour Service

No Queues, Just QR Orders

Turn Tables Faster Today","Retail
Caption 1
还在手动算货、仓库来回跑？ 
你读完这几句话的时间，StoreHub 早就帮你自动同步库存、更新所有分店，还避免了畅销品卖断货！
📦 实时同步库存 
🏬 多家分店同步更新 
🛍️ 不再错失任何销量
⏳ 别再浪费时间了, 今天就预约免费 DEMO


⏰ 30秒
畅销品一卖断货，你就可能在30秒内失去一笔生意

StoreHub 帮你把所有分店的库存都同步好 —— 这样顾客随时都能买到他们想要的东西。

✅ 自动同步库存
✅ 避免卖断货
✅ 增加回头客销量

👉 今天就开始行动吧，开启免费试用


Caption 3
在零售业的每一秒都非常关键。
有了 StoreHub，你的库存数据实时更新 —— 再也不用靠猜，不再错失任何销售机会。

🛍️ 自动同步库存
🏬 确保每家分店库存保持最新
📈 避免畅销品售罄

你专注经营，StoreHub 帮你打理一切！



Headlines
彻底解决断货烦恼
智能同步的零售库存
畅销品随时有货
一个 POS 系统，掌握一切不用猜测
一键更新所有分店


FnB
Caption 1
⏳ 30秒
就这么短的时间，3桌客人就能自己点完餐 —— 完全不需要店员帮忙。

有了 QR Order & Pay，你的顾客点餐更快，你的团队可以更专注服务，咖啡馆用更少的人手也能服务更多客人。

📱 无接触式扫码点餐
🚫 不用久等，流程更顺畅
💡 高峰时段最适合

✅ 现在就加入其他几千家使用 StoreHub 的咖啡馆吧


Caption 2
想象一下，3桌客人就这样走掉了… 仅仅因为他们等太久。

有了 StoreHub QR Order & Pay，顾客可以马上点餐 —— 不用排长队，不用等服务，也不需要增加人手。

📱 顾客自己点餐
⏱️ 翻桌更快，销量更高
👩‍🍳 员工可以更专注于准备餐点

别再让顾客白跑一趟了。今天就试试 StoreHub 吧。


Caption 3
在你读完这段话的时间里，可能又有 3桌客人已经点好餐了。

有了 QR Order & Pay，就算人手不够，你的咖啡馆也能提供更快的服务给顾客。

📱 点餐不用再排队
🍽️ 服务更多人，压力更小
👥 高峰时段也能完美应对

今天就来加速你的服务吧——立即预约免费 DEMO。


Headlines
人手少也能服务更多顾客


QR 扫码点餐 = 翻桌更快


加快高峰时段的服务效率

不用排长队，用 QR 扫码下单


今天就让翻桌速度变更快
","Retail
Caption 1:
Masih check stok cara manual?
Sambil korang baca ni, korang dah boleh selaraskan inventory secara automatik, update stock semua kedai dan elak barang 'bestseller''dari habis stok
.
📦 'Sync' stok dalam “Real-time” masa terperinci
🏬 Update stok semua outlet dengan satu sistem
🛍️ Takde lagi terlepas sale sebak stok tak cukup


⏳ Jangan buang masa. Tempah demo percuma!

Caption 2
⏰ 30 saat.
Dalam 30 saat korang boleh hilang 'sale' bila barang bestseller out of stock.


POS StoreHub pastikan 'inventory semua outlet korang selaras dalam satu sistem. Confirm customer dapat apa diorang nak.


✅ Selaraskan stok secara automatik
✅ Elak bestseller out of stock
✅ Naikkan 'repeat sales'


👉 Ambil tindakan hari ni. Dapatkan DEMO PERCUMA.



Caption 3:
Setiap saat penting dalam bisnes retail.
Dengan StoreHub, 'inventory' korang update dalam masa terkini secara ‘real-time'. Tak perlu agak-agak, tiada terlepas sales.


🛍️ Selaraskan stok secara automatik
🏬 Semua outlet sentiasa 'up-to-date'.
📈 Elak habis stock barang 'bestseller'.


Korang urus bisnes sambil StoreHub urus selebihnya.
Headlines Retail:
Tiada Lagi Kehabisan Stok!
Sistem inventori Pintar Untuk Retail.
'Bestsellers' Sentiasa Ada Stok.
1 POS. Takde Agak-Agak Dah.
'Update' Semua Kedai dengan 1 Tap ☝🏻
F&B
Caption 1:
⏳ 30 saat.
Dalam 30 saat 3 meja boleh complete order, tak perlu staf.


Guna 'QR Order & Pay', customer order laju, staf fokus servis, kafe lebih efisyen.


📱 'QR ordering' mudah dan laju
🚫 Takde tunggu, takde stres
💡 Sesuai sangat masa 'peak hours'
✅ Jom join 17,000 kafe yang guna StoreHub
Caption 2:
Owner Kafe & Restoran! Bayangkan 3 customer jalan keluar… sebab kena tunggu order.


Guna 'QR Order & Pay' POS StoreHub, customer 'order' terus tak perlu 'queue', tak frust, korang pun tak perlu staf extra.


📱 Customer 'order' sendiri.
⏱️ 'Turnover' laju, 'sales' naik.
👩‍🍳 Staf fokus persedian makanan dan meja sahaja.


Jangan hilang customer lagi. Cuba StoreHub dengan DEMO PERCUMA sekarang!
Caption 3:
Dalam masa korang habis baca ni, 3 customer dah boleh 'order'.


'QR Order & Pay' bantu kafe servis laju, walaupun staf kurang.


📱 Takde lagi 'queue order'.
🍽️ Servis lebih, stres kurang.
👥 Sesuai sangat masa 'peak hours'.


Laju kan servis hari ini – dapatkan DEMO PERCUMA sekarang.
Headlines:
 Servis Lebih, Staf Kurang
'QR Ordering' = Meja Laju
Laju kan Servis 'Peak Hour'
Takde 'Queue', 'Order' Guna 'QR'
Servis Customer Laju Guna POS StoreHub!

",30 Seconds
,"[Clockin for eachother]
Caption 1
Worried your staff are clocking in for each other?

With StoreHub’s Face Capture Clock In, you get: 📸 Verified attendance
🕒 Accurate shift tracking
💼 Payroll you can trust

✅ No more buddy punching. No more doubts. Just full control in one POS system.

Caption 2
Clock-ins shouldn't be based on trust.

With StoreHub POS, every shift starts with Face Capture—so you know exactly who’s working and when.

📸 Face verification
💵 Payroll accuracy
📊 All-in-one POS system

Take the guesswork out of team management.

Caption 3
Managing your team shouldn’t feel like a full-time job.

With Face Capture Clock In, StoreHub tracks staff attendance for you—accurately and securely.

📸 No buddy punching
🕒 Real-time records
💼 POS + payroll, all in one

✅ Trusted by 15,000+ F&B and retail businesses.

Short Headlines
Stop Buddy Punching Today

Track Shifts the Smart Way

Secure Clock In with StoreHub

Manage Staff with Confidence

Face Capture = Payroll Peace","Caption 1
还在担心员工互相打卡“报到”吗？

有了 StoreHub 的人脸识别打卡功能，你能获得：
📸 确认真实的出勤率
🕒 准确追踪上班时段
💼 薪资计算更安心

✅ 不再有互相帮忙打卡的烦恼，只需一个 POS 系统，让你完全掌握！
Caption 2:
员工打卡不该只靠信任。

使用 StoreHub POS 人脸识别功能 – 每个班次都能确切知道谁在上班、几点打卡。

📸 刷脸验证确保本人在店
💵 薪资计算零误差
📊 全能POS 系统，让管理更简单

管员工不必再靠猜。
Caption 3
管理员工不该像做第二份工。

有了 StoreHub 的人脸识别打卡功能，考勤自动记录、工资精准计算，全都变得更简单。

📸 本人刷脸不再有代打卡
🕒  上下班时间实时记录，不用人工查表
💼 POS + 工资系统，一个平台搞定
✅ 超过 17,000 家 F&B 与零售商家的共同选择，值得你升级试试看！


Headlines

马上停止代打卡
聪明追踪上下班时间
StoreHub 给你更安心的打卡方式
轻松管理员工
人脸识别 = 工资无误差

","Caption 1
Korang risau staf 'punch card' untuk kawan?


Dengan 'Face Capture Clock In' StoreHub, korang dapat:
📸 Rekod kehadiran staf guna ‘gambar selfie’ semasa.
🕒 'Shift' direkod tepat.
💼 Gaji staf sentiasa tepat.


✅ Takde lagi isu 'buddy punching'. Takde lagi ragu-ragu. Semua bawah kawalan dalam satu sistem POS.
Caption 2
Susah nak percaya rekod kehadiran staf korang?


Dengan POS StoreHub, korang tahu siapa masuk kerja pukul berapa dengan tepat sebab ada sistem ‘Face Capture’ untuk ‘clock-in’.
📸 Pengesahan muka.
💵 Gaji staf tepat.
📊 Sistem POS 'all-in-one'.


Tak perlu lagi main agak-agak bila urus kehadiran dan gaji staf.


Caption 3
Nak urus pekerja korang tak patut rasa macam kerja 'full-time'.

Dengan 'Face Capture Clock In', StoreHub rekod kehadiran staf untuk korang dengan tepat & selamat.


📸 Takde 'buddy punching'.
🕒 Rekod 'real-time'.
💼 POS + gaji staf, semua dalam satu sistem.
✅ 17,000+ bisnes F&B & retail dah percaya.
Headlines

Henti 'Buddy Punching' Hari Ni! 
Rekod Shift Staff Cara Yang 'Smart'
'Clock In' Yang Sah Je Dengan StoreHub
Urus Staf Dengan Yakin
Mudah Urus Gaji Staf Tepat dengan ‘Face Capture’

",Clock-in Eachother
,"[Winning Combination]
Caption 1
Running a café or restaurant? Then you know—every second (and system) counts.

📼 Paper dockets, clunky machines, outdated software?
They’re slowing down your kitchen and your sales.

✅ StoreHub POS comes with built-in KDS, loyalty, and e-invoicing—all in one sleek system.

🍽️ Future-proof your operations. Book a free demo today.

Caption 2
Still managing your store with tools from the early 2000s?

📓 Manual stocktakes
💻 Laggy sales software
🧾 Missing e-invoicing

It’s not just inefficient—it’s costing you sales.
✅ StoreHub POS keeps your inventory in sync and your store one step ahead.

Book your free demo now. Your best-sellers will thank you.

Caption 3
F&B or retail, your POS shouldn't be stuck in the past.

Old hardware and patchy systems slow you down.
Smart businesses are switching to StoreHub:
✔️ Built-in loyalty
✔️ Integrated e-invoicing
✔️ Real-time inventory
✔️ Staff management tools

✅ One system. Everything you need. Book your free demo today.

Short Headlines
Best POS For F&B & Retail

Still Using That Old POS?

Switch To StoreHub Today

Time To Upgrade Your POS

POS That Helps You Grow","Caption 1
在经营咖啡馆或餐厅吗？你当然知道 ——选对系统对效率，每一秒都很关键。

📼 还在用手写单、老旧设备、过时软件？
 这些都在拖慢你的厨房和销售速度
✅ StoreHub POS 一套搞定：内建 KDS 厨房系统、会员功能、电子发票，全方位提升效率。
🍽️ 让你的营运真正升级，省时、省力。今天就预约免费 DEMO！


Caption 2
还在用 2000 年代的工具管理现在的生意？
📓 手动盘点库存
💻 卡顿又过时的 POS 系统
🧾 没有电子发票功能，每笔交易手动上传
这些不只是效率低，更可能让你错失订单、流失顾客。
✅ StoreHub POS 实时同步库存，让你轻松掌握每一笔交易、每一个热销商品的表现。
📞 马上预约免费 DEMO，找到更多爆款产品


Caption 3
无论是 F&B 还是零售，生意要做好你的 POS 系统就不应该保持在过去。

📉 旧硬件 + 不稳定系统 = 生意落后三拍

聪明的商家都在用 StoreHub, 因为它：
✔️ 内建会员系统
✔️全自动整合电子发票
✔️ 实时库存追踪
✔️ 员工排班与管理工具

✅ 一套系统，全方位搞定日常营运。立即预约免费 DEMO 吧！



F&B 与零售最佳 POS 系统

还在用旧 POS？

现在就换 StoreHub

是时候升级 POS 系统了

让效率跟上业绩的 POS

","Caption 1
Korang owner kafe atau restoran? Mesti tahu setiap saat tu penting! Jadi?

📼 Order guna kertas, sistem cashier slow, tak pakai sistem POS?
Semua tu buat operasi dapur & order korang lambat.

✅ StoreHub POS ada skrin paparan order (KDS), program 'loyalty', & e-invoicing semua dalam satu sistem 'sleek' je. 

🍽️ Pastikan operasi korang smooth. Cuba demo PERCUMA hari ni.
Caption 2
Korang masih urus kedai pakai mesin cashier dari tahun 2000? Confirm susah sebab kena:

📓 Kira stok secara manual
💻 Sistem jualan lembap
🧾 Tak ada e-invois

Bukan je tak efisien, ni semua kurangkan  'sales' korang.

 ✅ Biar StoreHub POS kira stok korang & kedai korang maju. Pastikan barang top seller korang sentiasa in-stok!


Tempah DEMO PERCUMA sekarang.
Caption 3
F&B ke, retail ke, sistem POS korang kene upgrade ke sistem zaman 2025. 

Hardware lama & sistem caca-marba buat korang lembap. 

Bisnes yang maju semua dah dah tukar ke StoreHub sebab?
✔️Ada Program 'loyalty'
✔️ E-invoicing mudah
✔️ Semak 'Stok real-time'
✔️ Ada Sistem urus staf

✅ Satu sistem ni je, semua ciri korang perlu untuk bisnes maju ada. Jom tempah DEMO PERCUMA sekarang!
Headlines
POS Terbaik Untuk F&B & Retail

Masih Guna POS Lama Tu?

Tukar Ke StoreHub Hari Ni!

Masa Dah Sampai 'Upgrade' POS Korang

POS Yang Bantu Korang Maju
",Winning Combo
,"[Lunch time rush meme]
Caption 1
Lunch rush at your café = chaos?
Before StoreHub: Sloth speed.
After StoreHub: Cheetah fast. ⚡

📱 With QR Order & Pay and a lightning-fast POS,
you’ll serve more customers with less stress—
even with a smaller team.

⏰ Beat the rush. Book your free demo today.

Caption 2
Your café’s lunch crowd moves fast—can your system keep up?

Before StoreHub: paper, confusion, delays.
After StoreHub: fast orders, clear kitchen flow, happy customers.

🚀 QR Order & Pay
🍽️ Kitchen Display System
📊 Real-time updates

Serve faster. Stress less. Try StoreHub now.

Caption 3
F&B lunch rush? StoreHub makes it easy.

Forget manual orders and paper tickets.
StoreHub helps you:
✅ Take more orders with fewer staff
✅ Send them straight to the kitchen
✅ Keep service moving—fast

Speed matters. Book a demo and transform your lunch rush.

Short Headlines
Serve More, Stress Less

Beat the Lunch Rush

Faster Orders with StoreHub

F&B Speed Boost

From Sloth to Cheetah Fast

","Caption 1
需要在高峰时段也不会突然卡机的POS？
午餐人潮不该让系统出问题。

使用 StoreHub，你可以拥有：
🍽️ 快速稳定的点单系统
📱 内置扫码点餐&支付功能
📊 同个系统搞定库存、员工和销售

🎟️ 加入全马顶尖 F&B 品牌的行列。立即预约免费 DEMO！
Caption 2
你的咖啡馆排长龙，就因为 POS 太慢？
不只是你遇到这个问题，但你有解决方案。

⚡ StoreHub 在高峰期也能顺畅运行
📱 QR 点餐 = 更多订单，更少压力
🛎️ 服务更顺畅，顾客更满意

🧑‍🍳 选用让全马顶尖咖啡馆信赖的 POS。立即预约免费DEMO！
Caption 3
别让 POS 在最忙时段卡机。
高峰期应该是销售高峰，不是系统灾难。

✅ 交易速度快，不卡顿
✅ 高峰时段稳定运行
✅ Grub、103 Coffee、Flaaah 等品牌都在使用我们

🎟️ 领取高效餐饮运营体验券，今天就预约免费 DEMO！
Headlines
为高峰时段而生的 POS


高峰期也能保持稳定

不再卡顿的 POS

咖啡馆专用的高效 POS

高峰时段轻松应对
","Caption 1
 Perlu POS yang tak 'hang' masa waktu puncak?
 Waktu lunch tak patut jadi waktu sistem beku.
Dengan StoreHub, anda dapat:
 🍽️ Proses pesanan laju & stabil
 📱 QR Order & Pay terbina dalam
 📊 Satu sistem untuk stok, staf & jualan
🎟️ Sertai jenama F&B terkenal yang dah guna StoreHub. Tempah demo percuma sekarang!
Caption 2
 Barisan panjang kat kafe sebab POS lembap?
 Bukan anda sorang. Tapi anda boleh selesaikan.
⚡ StoreHub kekal laju walau waktu puncak
 📱 QR ordering = lebih pesanan, kurang stres
 🛎️ Servis lancar, pelanggan pun happy
🧑‍🍳 Guna POS yang gerakkan kafe-kafe top di Malaysia. Tempah demo percuma hari ini!


Caption 3
 Jangan biar POS 'crash' masa paling sibuk.
 Waktu puncak sepatutnya naikkan jualan—bukan rosakkan sistem.
✅ Transaksi laju
 ✅ Stabil masa rush hour
 ✅ Dipercayai oleh Grub, 103 Coffee & Flaaah
🎟️ POS untuk operasi F&B lebih lancar. Tempah demo percuma sekarang!


Headlines

 POS Untuk Waktu Paling Sibuk
 Kekal Power Masa Rush Hour
 Tak Perlu Risau POS Lembap
 POS Kafe Yang Memang Padu
 Urus Waktu Puncak Macam Pro



",Lunch Rush Meme
,"[ticket for operations]
Caption 1
Need a POS that doesn’t crash during peak hours?
StoreHub powers top F&B spots like Croisserie, Oh Cha Matcha, and Grub.

🍽️ No more frosen screens during lunch rush
💻 Fast, stable, and reliable
📦 Handles stock, orders, and payments in one

🎟️ Get your ticket to stress-free operations – book a free demo now.

Caption 2
Peak hours should grow your profits, not stress levels.
If your POS system crashes when your café is packed, it’s time for an upgrade.

🔥 StoreHub keeps your ops smooth—even when things get hectic
👨‍🍳 Trusted by F&B brands like Jaslyn Cakes and Urban Daybreak
📱 Works with QR Order & Pay for faster service

Book a free demo today and keep your queue moving.

Caption 3
System crash during peak lunch again?
You’re losing orders and customers.

StoreHub keeps F&B operations running smoothly—even during high traffic.
✔️ Handles high volume like a pro
✔️ Runs on stable, all-in-one POS hardware
✔️ Trusted by 17,000+ businesses

Don’t lose another sale. Book your free demo today.

Short Headlines
POS That Survives Peak Hours

F&B Brands Trust StoreHub

No More Lunch Hour Crashes

Power Through Busy Hours

Seamless Orders. Always.","Caption 1
你需要一个高峰时段不会卡机的POS系统吗？
StoreHub 已帮助许多顶尖餐饮店像是 Croisserie、Oh Cha Matcha 和 Grub 轻松应对忙碌时段。

🍽️ 午餐高峰期也不再怕卡机
💻 快速、稳定、可靠
📦 一站式处理库存、订单和支付
🎟️ 领取你的“高效运营体验票” - 立即预约免费 DEMO。
Caption 2
高峰时段应该带来更多利润，而不是压力！
如果你的POS系统在咖啡馆爆满时卡机，是时候换个更稳定的系统了。

🔥 StoreHub 让你的运营顺畅无阻 — 即使再忙碌也能应对自如
👨‍🍳 获得 Jaslyn Cakes 和 Urban Daybreak 等餐饮品牌的信赖
📱 搭配扫码点餐与支付 (QR Order & Pay) 让服务效率更快

立即预约免费 DEMO，让到你店排队的客流量顺畅无阻！
Caption 3

午餐高峰期系统又卡机了？
这不仅让你失去订单，还可能失去顾客。

StoreHub 让餐饮运营保持顺畅 — 即使在高峰期也能轻松应对。
✔️ 专业处理大量订单
✔️ 在稳定、一站式的POS 机上运行
✔️ 获得超过17,000家企业的信赖

别再错失任何一笔销售机会。立即预约免费DEMO吧！
Short Headlines (短标题)
高峰时段不卡机的 POS 系统

餐饮品牌都信赖 StoreHub

午餐高峰期不再卡机

高峰期轻松应对

订单顺畅无阻。
","Caption 1
Tengah tak menang tangan, tiba-tiba sistem POS 'buat hal'? Tengok macam mana geng-geng F&B padu macam Muiz Hot Chicken, Sate Rono, dan Kopi Rakyat handle kedai diorang.
🍽️ Takde lagi masalah skrin sangkut
💻 Sistem laju, customer tak payah tunggu lama 
📦 All-in-one urus stok, order, dan bayaran

🎟️ Nak operasi bisnes yang steady dan tak pening kepala? Jom book demo percuma.


Caption 2

Waktu peak hour patut buat duit, bukan buat pening!Kalau sistem POS asyik crash bila kedai tengah penuh, memang dah sampai masa untuk upgrade.

🔥 StoreHub pastikan operasi kekal jalan lancar—walaupun kedai penuh sesak 
👨‍🍳 Pilihan otai-otai F&B macam Sate Rono dan Muiz Hot Chicken
📱 Boleh guna QR Order & Pay, servis lagi laju!

Book demo percuma hari ni, pastikan barisan customer gerak laju.
Caption 3

Aduh, sistem crash lagi masa lunch hour? Memang melepas order, customer pun lari. 

StoreHub pastikan operasi F&B kekal steady—walaupun trafik pelanggan tinggi. 
✔️ Boleh handle order masuk non-stop macam pro 
✔️ Guna hardware POS all-in-one yang stabil 
✔️ Dipercayai 17,000+ bisnes

Jangan rugi sales lagi. Book demo percuma anda hari ini.
Short Headlines
POS Paling 'Steady' Masa Peak Hour

17,000+ F&B Percaya StoreHub

Takde Lagi Crash Waktu Lunch

Laju & Steady Waktu Sibuk

Order Lancar. Sentiasa.
",Ticket for Operations
,"[Get more done]
Caption 1
Retail owners—your staff shouldn’t be stuck counting stock.
With StoreHub, repetitive admin tasks are automated so your team can focus on what really matters:

🛍️ Serving customers
📦 Syncing online & offline orders
👩‍💼 Clocking in without the chaos

✅ You focus on growth. Let your staff handle sales.

Caption 2
Still wasting time on punch cards and stock checks?
With StoreHub:
🛒 Your team gets more time with customers
📦 Inventory auto-syncs in the background
📋 Clock-ins are fast, accurate, and staff-proof

Smarter workflows = better service = higher revenue.

Caption 3
Great retail service starts behind the scenes.
When StoreHub handles the boring stuff like payroll and inventory,
your staff can stay on the floor serving customers—fast.

🛍️ Happy staff = happy shoppers.
📈 Better experience, better sales.

Short Headlines
More Time to Serve Shoppers

Your Staff, More Productive

Less Admin, More Customers

Serve Faster, Stress Less

Staff Focused on Sales","Caption 1
零售老板们，员工整天忙着数库存，不如让系统来搞定！
用 StoreHub，自动处理所有 Admin Work，
让你的团队有更多时间专注重要的事情：

🛍️ 服务顾客，提升体验
📦 同步线上和线下订单，效率翻倍
👩‍💼 打卡不再混乱，轻松管理

✅ 你专注扩展生意，员工专心做好销售服务。


Caption 2
还在浪费时间打卡和盘点库存？
试试 StoreHub，让流程更智能：

🛒 员工能有更多时间接待顾客
📦 后台自动同步库存，实时更新
📋 员工打卡又快又准，不再烦纪律问题

更智能的流程 = 更好的服务 = 更高的收入！


Caption 3
好的零售服务，要从高效的运营开始。
用 StoreHub 来处理 Payroll 和库存这些琐事，
员工可以更专注于销售和服务，让顾客有更好体验。


🛍️ 员工开心 = 顾客更满意
📈 体验更顺畅，销售自然涨


Headlines 

员工有更多时间服务顾客
让员工更有生产力
减少 Admin Work，吸引更多顾客
服务更快，压力更少
员工专注在提升销售



",-,Get More Done
,"[17k businesses - feedme inspo]
Caption 1
More than 17,000 businesses can’t be wrong.
From restaurants to retail stores, StoreHub POS powers seamless operations across Southeast Asia.

🏆 30+ features to streamline your day
📦 Smarter stock control
💳 Loyalty & e-invoicing in one system

📢 Ready to scale like the pros? Book your free demo now.

Caption 2
Why do 17,000+ businesses choose StoreHub POS?
Because it just works—fast, reliable, and built for growth.

🍽️ Loved by cafés, retail stores & restaurants
📈 Proven results with powerful features
📦 Inventory, sales, loyalty—all-in-one

Switch to the POS trusted across Southeast Asia.

Caption 3
Join 17,000+ businesses across Southeast Asia
StoreHub POS isn’t just another system—it’s a smarter way to run your store or café.

⚡ 30+ powerful features
💼 Built to grow with your business
📊 Trusted by the region’s top F&B & retail brands

Get started with the POS built for real success.

Short Headlines
Trusted by 17,000+ Stores

The POS Southeast Asia Loves

StoreHub POS = Proven Results

Join 17,000+ Smart Businesses

One POS. Built for Growth.","Caption 1
超过 17,000 家商店都在用的系统，肯定有它的道理！
从餐厅到零售店，StoreHub POS 让你在东南亚的运营更轻松。

🏆 30+ 项功能来简化日常管理
📦 更智能的库存管理
💳 会员系统和电子发票都在一个平台

📢 想像专家一样，轻松扩展业务？立刻预约免费 DEMO 吧！



Caption 2
为什么超过 17,000 家企业选择 StoreHub POS？
因为它超好用 — 快又稳，完全为业务成长量身打造。

🍽️ 咖啡馆、零售店和餐厅的首选
📈 经商家验证，强大功能带来实效
📦 库存、销售、会员系统，全部一站式整合

现在就转用东南亚商家都信赖的 POS 系统吧！


Caption 3
加入全东南亚 17,000+ 家企业的行列
StoreHub POS 不仅是一个系统，它是一种更智能的营运方案。

⚡ 超过 30 项强大功能
💼 帮助你的业务成长
📊 受 F&B 与零售顶尖品牌信赖

选择真正带来成长的 POS 系统，现在就开始。
Headlines 
受 17,000+ 商家的信赖
东南亚最受欢迎的 POS
StoreHub POS = 成效有保证
加入 17,000+ 家精明企业
一个 POS。助你生意成长

",-,17k - FeedMe Inspo
,"[90s cafe managemennt]
Caption 1
F&B owners, are you still running your café like it’s 1995?
Manual stock checks. Pager-level panic.
It’s time to upgrade your ops.

📦 StoreHub’s Inventory Management
🔔 Get low stock alerts instantly
📊 Track ingredients across outlets

Run a smarter, stress-free kitchen—book your free demo now.

Caption 2
Still relying on guesswork to track ingredients?
It’s not the 90s anymore.
StoreHub helps F&B businesses manage inventory the modern way.

📦 Real-time stock tracking
📉 Avoid ingredient shortages
💡 Know what’s running low—before it’s gone

Your café deserves better. Start with StoreHub.

Caption 3
Manual stock checks are out. Smart alerts are in.
If you're still running your café like it’s 1995, it’s time to move forward.

📟 Old way: run out of stock mid-lunch
📦 New way: StoreHub’s real-time stock sync
📲 Get alerts before you run out

Modern inventory control = fewer headaches.

Short Headlines
Out of Stock? Not Anymore

It’s Not the 90s Anymore

Smarter Stock Control Now

Inventory Alerts, Instantly

F&B Stock Tracking Made Easy","Caption 1
超过 17,000 家企业都在用，不会错！
从餐厅到零售店，StoreHub POS 让整个东南亚的营运更顺畅。
🏆 超过 30 个强大功能，帮你简化日常流程
📦 更聪明的库存管理
💳 会员系统 & 电子发票一体化
📢 想像专家一样扩展业务？现在就预约免费 demo！


Caption 2
为什么超过 17,000 家企业选择 StoreHub POS？
因为它真的好用 — 快速、稳定、为帮助生意发展而设计。

🍽️ 深受咖啡馆、零售店与餐厅喜爱
📈 实测有效，功能强大
📦 库存、销售、会员系统，一个平台搞定

现在就转换用全东南亚都信赖的 POS 系统！


Caption 3
加入超过 17,000 家东南亚企业的一员
StoreHub POS 不仅是一个 POS 系统 — 更是帮助你经营好生意的好帮手

⚡ 超过 30+ 种强大功能
💼 为帮助生意成长而生
📊 受东南亚顶尖餐饮与零售品牌的信赖

今天开始使用掌握生意大小事的POS系统吧！
Headlines

17,000+ 位商家信赖
东南亚最受欢迎的 POS
StoreHub POS = 成效有保证
加入 17,000+ 位选择智能管理的商家
一套 POS，助你把生意发展

",-,90s Cafe Management
,"[Bike Artsians - DC]
Caption 1: 
Running a retail store shouldn’t be a hassle. StoreHub POS system has transformed how we manage everything—from stock control to sales. With over 5,000 items, tracking stock manually just doesn’t cut it anymore.

📦 Keep inventory synced across locations
🛠️ Easy to set up, no IT skills needed
📱 Training your staff? No problem with our intuitive system

Make your retail operations smoother and smarter today. Book your demo now!

Caption 2: 
For retail store owners, managing stock across multiple locations can be overwhelming. But with StoreHub, you can track inventory in real time, across all your stores.

📦 Easy stock management
💡 Simplify ordering and avoid overselling
🛠️ Quick onboarding for new staff with intuitive features

Focus on growing your business, not managing stock. Book a demo today!

Caption 3: 
Struggling to keep track of inventory across multiple outlets? StoreHub makes it easy for retail store owners to stay organised. Get real-time updates, track stock levels, and streamline your processes all in one place.

📦 Accurate inventory management
🖥️ Simple to use, no tech experience needed
📱 On-the-go management and support

Ready to take your retail business to the next level? Book a demo with StoreHub today!

Short Headlines
Simplify Retail Operations with StoreHub

Effortless Stock Management for Retail

Real-Time Inventory, Anytime, Anywhere

Track Stock with Ease Using StoreHub

Say Goodbye to Manual Inventory Tracking

",-,-,THE BIKE ARTISANS
,"[Bike Artisans VP1 - Onboarding & Support]
Caption 1: ""For new staff who are coming on board, it’s quite easy.""

Need a POS system that’s simple to use and easy to train your staff on? StoreHub’s intuitive interface gets your team up to speed fast.

🖥️ Easy-to-use system for staff
📲 Intuitive interface – no tech experience needed
🛠️ 24/7 support and training

Switch to StoreHub and make onboarding effortless. Book your demo now!

Caption 2: ""Everything that was done on the iPad is actually pretty intuitive.""

Onboard your staff quickly with StoreHub’s easy-to-use POS system. No IT skills required, just a simple, efficient interface.

📱 Smartphone-friendly system
🔧 In-system training tutorials
🎯 Efficient POS setup and support

Make staff onboarding a breese with StoreHub. Book your demo now!

Caption 3: ""There’s a lot of tutorials online in the StoreHub FAQ section.""

StoreHub makes staff training simple with a user-friendly interface and step-by-step tutorials. Get your team running the system in no time.

📲 Intuitive interface for easy training
🧑‍💻 Tutorials and 24/7 support
⚙️ Simplify your operations and staff management

Get started with StoreHub today – book a free demo now!",-,-,VP1 - Bike Artisans
,"[Bike Artisans VP2 - Inventory & Reporting]
Caption 1: ""One of the challenges that we have is actually managing all those inventory, knowing what we have.""

Managing over 5,000 items? StoreHub’s POS simplifies inventory tracking and stock management, so you can focus on growing your retail business.

📦 Manage 5,000+ products easily
⚡ Track stock with real-time updates
🖥️ Simplify pricing and stock data

Say goodbye to Excel sheets and hello to StoreHub. Book a demo now!

Caption 2: ""What’s coming in, what has been sold, price, the cost and the pricing of each of these items.""

Ever wonder how to keep track of thousands of products across your store? With StoreHub, it’s easier than ever. Manage stock, prices, and sales in one powerful system.

📦 Real-time stock tracking
💡 Automatic inventory updates
💸 Streamlined pricing management

Take control of your store’s inventory. Book your free demo now!

Caption 3: ""If you didn’t have a system like this, everything has to be done on Excel sheets.""

Is managing inventory across 5,000 items becoming a nightmare? StoreHub makes it easy with smart stock tracking and updates.

📦 Automatic stock sync
📊 Detailed inventory insights
🚀 Reduce manual stock errors

Upgrade your inventory management with StoreHub today. Book your demo now!

",-,-,VP2 - Bike Artisans
,"[Bike Artisans VP3] - Inventory & MultiStore
Caption 1: ""We can check each other's stocks, we can know how much we have left, what we need to order and what we need to clear.""

StoreHub makes it easy to manage stock across all your stores in real time.

📦 Sync inventory instantly
🔄 View stock levels across locations
🛒 Manage orders and stock with ease

Take the hassle out of managing multiple stores. Book your free demo today!

Caption 2: ""We have a system that calls up helmets, bicycle frames, apparel and clothing.""

StoreHub makes managing stock across multiple stores simple. Track inventory, reorder efficiently, and ensure your retail business runs smoothly across all locations.

📍 Manage stock remotely
📊 View sales and stock from anywhere
💡 Smart stock alerts to avoid overselling

StoreHub keeps your operations in sync. Book your demo now!

Caption 3: ""Use the POS system correctly and it will reward you eventually.""

Tired of the chaos of managing stock in different locations? With StoreHub, your inventory stays updated across all stores, in real-time.

📦 Track stock from anywhere
⚡ Efficient stock ordering
📈 Keep your stores aligned with smart management

Get StoreHub and streamline your retail operations today. Book a free demo now!

",-,-,VP3 - Bike Artisans
,"[Business Types - Cafe]
Caption 1:
Running a cafe or bakery just got easier! ☕🍰 StoreHub’s all-in-one POS system is built to handle everything from table management to inventory tracking.

📊 Track your pastry inventory to ensure you never run out of fresh items.
📱 Let customers order & pay via QR, and pre-order cakes for special events!
💳 Loyalty programs & promotions are integrated, so you can reward your loyal customers and boost sales!
💡 Dynamic table management with split & merge tables ensures smoother service during busy times.

StoreHub – Helping cafes and bakeries streamline their operations and keep customers coming back for more!

Caption 2:
Tired of messy table management and stock tracking? 📅 StoreHub’s POS system is designed for cafes & bakeries, helping you handle everything from sales fluctuations to pre-ordering pastries.

✅ Dynamic or Static QR options, letting you easily move tables around.
✅ Track inventory for your best-selling pastries, and set up bundles & combos.
✅ Pre-order & on-demand options for customers to get their cake fix ahead of time.
✅ Reports to help you plan for high-demand days.

Experience how StoreHub makes operations smoother and more efficient!

Caption 3:
Your cafe deserves the best! StoreHub’s POS system is built for cafes & bakeries, offering table management, inventory tracking, and QR ordering all in one easy-to-use system.

🍰 Manage pastry inventory effortlessly and keep track of stock for the perfect bakery setup.
🔄 Split and merge tables as needed, with no more confusion or delays.
📊 Use demand planning reports to optimise for busy days and increase sales.
🎁 Set up promotions and loyalty programs to keep customers coming back!

Streamline your operations and make running your shop simpler with StoreHub.

Short Headlines:

Simplify Your cafe with StoreHub

The Perfect POS for cafes & Bakeries

Track Pastry Inventory, Boost Sales – StoreHub

Pre-Order Pastries and Cakes with StoreHub

Efficient Table Management for Your cafe",-,-,Business Type Ads
,"[Business Types - Casual Dining]
Caption 1:
Transform the way your Indian restaurant runs with StoreHub! 🍛🍌 Our all-in-one POS system is tailored for Banana Leaf Restaurants, helping you manage table orders, split bills, and assign kitchen stations all at once!

✅ QR ordering for seamless customer experience.
✅ KDS integration keeps your front & back-of-house in sync for faster service.
✅ Manage your kitchen section, expo, and prep stations effortlessly.
✅ Reporting tools for demand planning and operational efficiency.

Simplify your operations today with StoreHub’s POS. Book your free consultation now!

Caption 2:
Running a Chinese restaurant? StoreHub has you covered with features built for your restaurant’s unique needs. 🍜🍚 From Noodles to Duck, our POS handles it all—multi-tab ordering, split bills, and kitchen station management.

✅ KDS integration for seamless communication between your front & back-of-house.
✅ Table management made easy with split bills and customizable printers.
✅ QR ordering for a quick, efficient dining experience.
✅ Reports for better insights on sales & inventory.

Elevate your Chinese restaurant’s efficiency with StoreHub today!

Caption 3:
Make your Middle Eastern restaurant run smoothly with StoreHub’s all-in-one POS system! 🌯🍽️ From delicious shawarma to grilled kebabs, we’ve got you covered for table management, bill splitting, and kitchen station setup.

✅ KDS integration keeps kitchen staff in the loop with real-time updates.
✅ QR menu ordering and multi-tab service for better customer service.
✅ Control expo & prep stations, and assign KDS printers for streamlined service.
✅ Reports for sales forecasting and inventory management.

Ready to streamline your Middle Eastern restaurant’s operations? Book your free consultation now!

Headlines:
Streamline Your Banana Leaf Restaurant with StoreHub
QR Orders & KDS for Indian Restaurants – Try StoreHub!
Streamline Your Chinese Restaurant’s Kitchen with StoreHub
Transform Your Chinese Restaurant with StoreHub
Upgrade Your Middle Eastern Restaurant with StoreHub


",-,-,Business Type Ads
,"[Business Types - Dessert shops]
Caption 1:

Running a dessert shop like an ice cream or bubble tea store? 🍦🍹 StoreHub’s all-in-one POS system makes everything faster and easier! Manage your orders, inventory, and staff all in one place. Perfect for high-traffic kiosks and grab-and-go counters!

✅ Lightning-fast checkout and order label printing.
✅ E-wallet integration for seamless payments.
✅ Stock management with supplier integration and inventory tracking.
✅ Membership & loyalty programs to keep customers coming back.
✅ Employee management with clock-in/clock-out & activity logs.
✅ Number calling system for quicker service.

Take control of your dessert shop operations today with StoreHub! Book a free consultation now.

Caption 2:

Managing a high-paced dessert shop or juice bar? 🍧🥤 StoreHub’s POS system ensures fast order processing, real-time inventory tracking, and streamlined staff management. Perfect for grab-and-go kiosks!

✅ QR code ordering & e-wallet integration.
✅ Inventory tracking with composite tracking.
✅ Number calling system for faster turnover.
✅ Manage employee timesheets, clock-in/clock-out, & activity logs.
✅ Seamless integration with Foof Delivery platforms

Experience smarter operations with StoreHub’s POS for dessert shops. Book your free demo today!

Caption 3:

Boost efficiency in your dessert shop with StoreHub’s POS system 🍨🧋! From bubble tea to ice cream shops, we’ve got your table management, loyalty programs, and inventory tracking covered. Ideal for small POS setups and fast-paced environments.

✅ Membership & loyalty programs to keep customers engaged.
✅ Lightning-fast order processing with label printing.
✅ Supplier integration & stock management tools.
✅ Employee management with face capture clock-in/clock-out.
✅ Number calling system for efficient service.
✅ Real-time reports for smarter business decisions.

Elevate your dessert shop with StoreHub. Book a free consultation today!

Short Headlines:
POS for Dessert Shops: Faster & Smarter

Simplify Your Dessert Shop with StoreHub

Get Faster Checkout with StoreHub POS

Streamline Orders & Stock in Dessert Shops

Boost Efficiency in Dessert Shops with StoreHub",-,-,Business Type Ads
,"[Business Types - Mamaks]
Running a Mamak stall🍚🍜 StoreHub’s all-in-one POS system helps you streamline your ordering, table management, and inventory tracking. Perfect for fast-paced mamaks and street food stalls!

✅ QR code ordering & payments – Pay at the counter or at the table.
✅ Table management for quick turnover & split bills.
✅ Stock tracking for local dishes like Ayam Penyet & Nasi Kerabu.
✅ Loyalty programs to keep customers coming back.
✅ Pre-order and on-demand for smooth service.

Start running your Mamak smoothly with StoreHub. Book your free consultation now!

Caption 2:

Struggling with cash reliance and unpredictable sales in your Mamak stall or Ayam Penyet joint? 🍗🍚 StoreHub’s POS system has everything you need to manage orders, track inventory, and boost efficiency!

✅ QR ordering for faster service & counter or table payments.
✅ Dynamic QR codes for flexible table management.
✅ Composite inventory tracking for food items.
✅ Pre-ordering & bundling for promotions.
✅ KDS standalone to sync front-of-house and back-of-house.

Make your Mamak more efficient with StoreHub! Book a free demo today.

Caption 3:

Managing a Mamak stall or local street food business? 🍛 StoreHub’s POS system will help with quick checkout, inventory tracking, and sales management—perfect for high-volume, unpredictable traffic.

✅ Quick and easy checkout with QR code payments.
✅ Table management for split bills, merged orders, and moving tables.
✅ Reports & demand planning to optimise sales on slow and busy days.
✅ Loyalty & membership programs to increase customer retention.
✅ Sunmi D3 POS with receipt printer for faster service.

Run your Mamak efficiently with StoreHub. Book a consultation today!

Short Headlines:

Efficient POS for Your Mamak

Streamline Your Mamak with StoreHub

Boost Sales at Your Mamak with StoreHub

Quick Checkout & Table Management for Mamaks

Track Inventory & Orders with StoreHub",-,-,Business Type Ads
,"[Business Types - Kopitiams]
Caption 1:

Running a Nasi Lemak stall or Kopitiam? 🍚🍜 StoreHub’s all-in-one POS system helps you streamline your ordering, table management, and inventory tracking. Perfect for fast-paced kopitiams and street food stalls!

✅ QR code ordering & payments – Pay at the counter or at the table.
✅ Table management for quick turnover & split bills.
✅ Stock tracking for local dishes like Ayam Penyet & Nasi Kerabu.
✅ Loyalty programs to keep customers coming back.
✅ Pre-order and on-demand for smooth service.

Start running your kopitiam smoothly with StoreHub. Book your free consultation now!

Caption 2:

Struggling with cash reliance and unpredictable sales in your Nasi Campur stall or Ayam Penyet joint? 🍗🍚 StoreHub’s POS system has everything you need to manage orders, track inventory, and boost efficiency!

✅ QR ordering for faster service & counter or table payments.
✅ Dynamic QR codes for flexible table management.
✅ Composite inventory tracking for food items.
✅ Pre-ordering & bundling for promotions.
✅ KDS standalone to sync front-of-house and back-of-house.

Make your kopitiam more efficient with StoreHub! Book a free demo today.

Caption 3:

Managing a kopitiam stall or local street food business? 🍛 StoreHub’s POS system will help with quick checkout, inventory tracking, and sales management—perfect for high-volume, unpredictable traffic.

✅ Quick and easy checkout with QR code payments.
✅ Table management for split bills, merged orders, and moving tables.
✅ Reports & demand planning to optimise sales on slow and busy days.
✅ Loyalty & membership programs to increase customer retention.
✅ POS with receipt printer for faster service.

Run your kopitiam efficiently with StoreHub. Book a consultation today!

Short Headlines:

Efficient POS for Your kopitiam

Streamline Your kopitiam with StoreHub

Boost Sales at Your kopitiam with StoreHub

Quick Checkout & Table Management for kopitiams

Track Inventory & Orders with StoreHub",-,-,Business Type Ads
,"[Business Types - Coffee Shops]
Caption 1:
Running a coffee shop or bakery just got easier! ☕🍰 StoreHub’s all-in-one POS system is built to handle everything from table management to inventory tracking.

📊 Track your pastry inventory to ensure you never run out of fresh items.
📱 Let customers order & pay via QR, and pre-order cakes for special events!
💳 Loyalty programs & promotions are integrated, so you can reward your loyal customers and boost sales!
💡 Dynamic table management with split & merge tables ensures smoother service during busy times.

StoreHub – Helping coffee shops and bakeries streamline their operations and keep customers coming back for more!

Caption 2:
Tired of messy table management and stock tracking? 📅 StoreHub’s POS system is designed for coffee shops & bakeries, helping you handle everything from sales fluctuations to pre-ordering pastries.

✅ Dynamic or Static QR options, letting you easily move tables around.
✅ Track inventory for your best-selling pastries, and set up bundles & combos.
✅ Pre-order & on-demand options for customers to get their cake fix ahead of time.
✅ Reports to help you plan for high-demand days.

Experience how StoreHub makes operations smoother and more efficient!

Caption 3:
Your coffee shop deserves the best! StoreHub’s POS system is built for coffee shops & bakeries, offering table management, inventory tracking, and QR ordering all in one easy-to-use system.

🍰 Manage pastry inventory effortlessly and keep track of stock for the perfect bakery setup.
🔄 Split and merge tables as needed, with no more confusion or delays.
📊 Use demand planning reports to optimise for busy days and increase sales.
🎁 Set up promotions and loyalty programs to keep customers coming back!

Streamline your operations and make running your shop simpler with StoreHub.

Short Headlines:

Simplify Your Coffee Shop with StoreHub

The Perfect POS for Coffee Shops & Bakeries

Track Pastry Inventory, Boost Sales – StoreHub

Pre-Order Pastries and Cakes with StoreHub

Efficient Table Management for Your Coffee Shop",-,-,Business Type Ads
,"[What you Get]
Caption 1 
What you expect: A powerful POS. What you really get with StoreHub Advanced Plan:
📊 Real-time Sales Reports
📦 Advanced Inventory Management
👥 Effortless Employee Management
🎁 Built-in Loyalty & CRM

Stop settling for just a POS. Get the all-in-one system that helps F&B and retail businesses like yours grow faster.

💡 Ready to see the difference? Book your free demo today.

Caption 2
Still using multiple systems to manage your F&B or retail business? 🤔 With StoreHub Advanced Plan, simplify everything for just RM196/month:
✅ POS + More: Integrated sales, inventory, staff, and loyalty.
📦 Smart Inventory: Track composite items, get low stock alerts.
📊 Deep Insights: Understand sales trends and employee performance.
⭐ Customer Loyalty: Keep customers coming back with built-in programs.

Get everything you need to scale your business, all in one place.

📢 Upgrade your operations. Book a free demo now.

Caption 3
Your F&B or retail business is growing—is your POS keeping up?
The StoreHub Advanced Plan isn't just about transactions; it's about smart growth.
📈 Advanced Inventory Management
🤝 Customer Loyalty & Engagement
💸 Customisable Pricing & Promotions
📊 In-depth Sales & Employee Reports

Go beyond the basics. Equip your business for success with a comprehensive solution.

🚀 See the full potential. Book a free demo today.

Short Headlines -

Beyond Just a POS.
Advanced Plan, Real Growth.
Unlock Your Business Potential.
Get More with StoreHub Advanced.
Grow Smarter.
All-in-One for RM196/mo.","Caption 1:
你想要的是： 一套全能的 POS。 StoreHub Advanced 配套带给你的是：
📊 实时销售报表分析
📦 高级库存管理系统
👥 智能化员工考勤管理
🎁 全方位会员营销与 CRM 系统

别再想着基本的收银系统。立即升级到专为餐饮与零售业而设计的全功能平台，帮助你的生意快速增长。

💡 准备好体验差异了吗？今天就预约免费 demo 吧。

Caption 2:
还在切换多个系统来管理你的餐饮或零售店吗？🤔 StoreHub 高级版 (Advanced Plan) — 每月只需 RM 196 就能简化所有业务：

✅ POS + 更多功能： 合并销售、库存、员工及会员管理
📦 智能化库存管理： 追踪食材用量或合成商品，即时收到低库存通知
📊 深度经营洞察： 实时掌握销售趋势与员工工作表现
⭐ 会员计划： 通过自带的营销功能，吸引顾客持续回购

一站式获取业务扩张所需的所有工具
📢 升级你的营运效率。立即预约免费 DEMO 吧！

Caption 3
生意越做越大，你的收银系统还跟得上吗？

StoreHub 专业版 (Advanced Plan) 不只是安排进出账，更能帮助你生意增长。
📈 进阶库存管理： 告别糊涂账，多店库存实时掌控。
🤝 会员回馈与互动： 留住老顾客，让新客变熟客。
💸 灵活定价与促销： 配合市场快节奏，随时调整促销方案。
📊 深度业绩与员工报表： 数据说话，看清谁是你的最佳战将。
别让基础工具限制了你的潜能。选择一站式专业方案，为你的成功铺路。
🚀 挖掘更多可能。立即预约免费演示 (Demo)！",-,Zaid - nanit - Static - No Promo - What you order vs what you get
,"[SH Collage Ad]
Caption 1
Running your F&B or retail business is tough, but it doesn't have to be lonely.
As you saw in the video, StoreHub is built to be your partner, simplifying your daily grind:
📈 Sell smarter & faster
🚀 Grow stronger, effortlessly
💖 Delight every customer

We provide the tools that just work, making every day feel a little more extraordinary.

💡 Ready to make business easier? Book your free demo today.

Caption 2 
Tired of the daily business challenges? StoreHub helps thousands of F&B and retail owners thrive, just as our video shows.
We empower you to:
✅ Manage your café with ease
📦 Scale your store seamlessly
😊 Keep customers coming back

StoreHub isn't just a system; it's a partner, built to grow with you.

📢 See how we can transform your business. Book a free demo now.

Caption 3 
""Built to grow with you"" – that's the StoreHub promise, as highlighted in our video.
For F&B and retail owners, this means:
Smarter selling. Faster operations. Stronger growth.

We're right there with you, providing tools that just work, so you can focus on what you do best.

🚀 Experience the StoreHub difference. Book your free demo today.

Short Headlines-

Business Made Easier.
Grow Stronger with StoreHub.
Your Business Partner.
Tools That Just Work.
Built to Grow With You.
Simplify Your Operations.",-,-,SH COLLAGE AD
,"[Aperture Tesitmonials]
Caption 1 
Café owners, ready for a POS that truly makes life easier?
Rahsia from Aperture Cafe trusts StoreHub for fantastic service and seamless operations.
Experience the difference a reliable POS and stellar support make for your business.

For a limited time, get up to 55% OFF StoreHub hardware!
Join 17,000+ businesses who rely on StoreHub.

📢 Don't miss out. Book your free demo and claim your discount today.

Caption 2
Is your current café POS holding you back?
It's time for an upgrade that offers fantastic support and simplifies your daily operations, just like Rahsia from Aperture Cafe experienced. No more headaches, just smooth service.

Switch to StoreHub now and save up to 55% on essential hardware!
Trusted by thousands of F&B businesses.

💡 Solve your POS problems today – Book a free demo to secure your offer.

Caption 3 
""StoreHub has made life so much easier."" That's the power of a POS built for cafés, backed by fantastic customer service.
If you're a café owner ready for a change, StoreHub is your solution.
Plus, for a limited time, enjoy up to 55% OFF our reliable hardware!

See why 17,000+ businesses, including Aperture Cafe, trust us.

🚀 Unlock easier café management. Book your demo now!

Short Headlines (-

Cafe POS: Made Easier.
Trusted by Cafe Owners.
Upgrade Your Cafe POS.
Get 55% Off Hardware.
Experience Fantastic Support.
StoreHub for Cafes.",-,-,"Aperture Tesimonials
Stable
Helpful
Fast
Awsome"
,"[Binq Testimonials]
Caption 1 
Is your F&B business losing sales to long queues?
Binq Dessert uses StoreHub to cut their queue times in half, serving more customers faster!

With our flexible QR Order & Pay, your customers can choose:
📱 Order at Table: Scan, order, and pay without waiting.
Order at Counter: Streamline walk-in orders with a seamless POS.

Built for F&B that moves fast.

💡 Ready to speed up your service? Book your free demo today.

Caption 2 
Delighting customers means more than just great food; it means fast, convenient service.
Binq Dessert trusts StoreHub to deliver a smooth ordering experience.

Our QR Order & Pay system lets your customers choose their preferred method:
✅ Table Ordering: Enhance the dining experience, reduce staff load.
✅ Counter Ordering: Keep lines moving with efficient processing.

Whether it's dessert, coffee, or a full meal, we're built for your F&B success.

📢 Transform your customer flow. Book a free demo now.

Caption 3 
For F&B owners like Binq Dessert, efficiency is key.
That's why StoreHub's QR Order & Pay is a game-changer.

Offer your customers the ultimate flexibility:
🍽️ Order from their table
🛒 Order at the counter

Cut wait times, serve more, and elevate your customer experience. StoreHub is truly built for F&B.

🚀 Experience faster service today. Book your free demo!

Short Headlines -

Cut F&B Queue Times.
QR Order & Pay: Flexible.
Serve More, Faster.
F&B Ordering Simplified.
Binq Dessert's Choice.
Built for Your F&B.",-,-,"Binq Testomnials
Queues
Features"
,"[Matchy & Co Testominals]
Caption 1
Retail owners, are you still stuck with manual stock counts?
Matchy & Co used to be there too. But with StoreHub, they streamlined operations and gained insights to create bestsellers!

Our All-in-One POS helps you:
📦 Automate inventory tracking—no more manual errors.
📊 Analyse customer shopping patterns—understand what truly sells.
📈 Create new designs and products based on data, not guesswork.

Stop wasting time on admin and start growing your retail business smarter.

💡 See how StoreHub can transform your retail operations. Book your free demo today.

Caption 2 
For retail businesses like Matchy & Co, understanding customer trends is key to creating winning products.
StoreHub's powerful reporting helps them analyse shopping patterns, even down to favourite colours, to design their next bestseller!

Move beyond manual headaches:
✅ Automated inventory for accurate stock levels.
✅ Deep sales reports to identify top-selling items and trends.
✅ Free up your team to focus on customer service and product development.

It's an All-in-One POS built for modern retail.

📢 Unlock smarter sales & product development. Book a free demo now.

Caption 3 
Running a retail store shouldn't be about endless manual tasks.
Matchy & Co discovered how StoreHub helps them manage everything efficiently—from automated stock counts to crucial sales reports that drive their next best design.

With StoreHub, your All-in-One POS provides:
📦 Real-time inventory control for accurate stock.
📊 Detailed customer and sales insights for smarter decisions.
💻 Streamlined operations so you can focus on growth.

Join retailers who are transforming their business with data and efficiency.

🚀 Ready for smarter retail? Book your free demo today.

Short Headlines (30C)

Automate Retail Stock.
Insights for Bestsellers.
Smart Retail Inventory.
Matchy & Co Trusts StoreHub.
All-in-One Retail POS.
Grow Your Retail Business.",-,-,"Matchy & Co
Manual
Best-Seller"
,"[Merchants Lane Testimonials]
Caption 1 
""Absolutely reliable and stable. No complaints."" That's what Merchants Lane says about StoreHub – and they're right in the heart of Petaling Street's F&B scene!

For F&B owners, stability means smooth operations, even during peak hours. Our system integrates:
📦 Inventory Management
👩‍🍳 Kitchen Display System (KDS)
📈 Reporting & Analytics
👥 Employee Management
📱 QR Order & Pay, and more!

Stop worrying about system crashes. Get a POS built for F&B, built for reliability.

💡 Experience the difference. Book your free demo today.

Caption 2
Running a bustling F&B spot like Merchants Lane on Petaling Street demands a POS that never quits. They call StoreHub ""absolutely reliable and stable,"" and for good reason.

When your café or restaurant is packed, you need a system that keeps up:
✅ No more frosen screens or lost orders.
✅ Smooth transactions, every time.
✅ All your essential tools working seamlessly.

Invest in stability. Invest in StoreHub, truly Built for F&B.

📢 Keep your business running smoothly. Book a free demo now.

Caption 3 
From Petaling Street to your doorstep, F&B businesses trust StoreHub for stability and reliability. Merchants Lane can attest to a POS system that simply works, day in and day out.

Get a comprehensive solution designed specifically for your F&B needs:
⚡️ Easy-to-use POS
📦 Smart Inventory
📊 Robust Reporting
👨‍🍳 Efficient KDS
💸 Loyalty & Promotions

Don't compromise on stability. Choose StoreHub.

🚀 See how StoreHub powers successful F&B. Book your free demo today.

Short Headlines (30C)

Reliable F&B POS.
Stable Ops, No Complaints.
Built for Busy F&B.
Merchants Lane Trusts StoreHub.
Your F&B Stability Partner.
Smooth F&B Operations.",-,-,"Merchants Lane
Reliable
Stable"
,"[Robb Augustin - Retail [GG Review]
Caption 1 
Retail owners, imagine a POS that's truly effortless.
Our system consistently earns 5-star ratings for being incredibly intuitive and easy-to-use!
No complicated setups, no steep learning curves—just seamless operations that let you:
✅ Serve customers faster
✅ Manage daily tasks with ease
✅ Focus on growing your business

Join 17,000+ businesses who trust StoreHub for a better retail experience.

💡 Discover how easy retail management can be. Book your free demo today.

Caption 2 
Looking for a POS that just works?
Retail businesses love StoreHub for its intuitive design and seamless reliability. It's built to be simple, so you can spend less time troubleshooting and more time selling.
Our 5-star rated system helps you:
📈 Streamline your sales
📦 Simplify daily operations
💖 Keep customers happy

Experience the ease that over 17,000 businesses rely on.

📢 Ready for a truly easy-to-use POS? Book a free demo now.

Caption 3
Don't let complex software slow down your retail business.
StoreHub is lauded for its intuitive design and seamless operations, making it easy for anyone to use.
It's why we're trusted by over 17,000 businesses across Southeast Asia!
With StoreHub, you can:
⚡️ Serve customers faster
📊 Efficiently manage every aspect of your store
🌟 Enjoy a 5-star experience every day

Take the guesswork out of retail management.

🚀 Get an effortless POS. Book your free demo today.

Short Headlines (30C)

Intuitive Retail POS.
Easy to Use, 5-Stars.
Seamless Retail Ops.
Simplify Your Store.
Faster Service, Easy POS.
Manage Retail with Ease.",-,-,Robb Augustin - Retail [GG Review]
,"[Rony Ahmed GG Review]
Caption 1 
Your retail mini-mart deserves a POS that’s an ""absolute game-changer.""
Businesses like yours love StoreHub for its user-friendly interface and powerful features that simplify daily operations.
From precise inventory tracking to insightful sales reporting and engaging customer loyalty programs, everything you need is streamlined into one smart platform.

Stop juggling multiple systems. Get the efficiency and control your mini-mart needs.

💡 Ready to revolutionise your business? Book your free demo today.

Caption 2
Tired of complex systems slowing down your mini-mart?
StoreHub is praised for being ""efficient and packed with features,"" making management much easier. Plus, our ""excellent customer support"" and ""smooth, stress-free training"" mean you’re never alone.
Focus on serving your customers while StoreHub handles:
📦 Accurate inventory
📊 Quick sales insights
🤝 Seamless loyalty programs

Improve your business performance and save valuable time.

📢 Experience the difference of a reliable & smart POS. Book a free demo now.

Caption 3
Imagine a retail mini-mart where operations run smoother and faster.
Users call StoreHub ""a reliable and smart POS solution"" that has ""definitely helped us save time and improve our business performance.""
With StoreHub, you get:
✅ An intuitive, user-friendly POS system
✅ All-in-one platform for sales, stock, and customers
✅ Responsive support whenever you have questions

Don't just run your mini-mart; make it thrive.

🚀 Unlock better business performance. Book your free demo today.

Short Headlines (30C) - Diverse options for A/B testing

Mini-Mart POS Game-Changer.
User-Friendly POS for Retail.
Streamline Your Mini-Mart.
Smart POS for Retail Success.
Efficient Mini-Mart Operations.
Reliable Retail POS Solution.
Save Time, Boost Performance.
All-in-One for Your Mini-Mart.
Excellent Support, Smart POS.",-,-,"[Rony Ahmed GG Review]

Streamlined
Performance
Game-Changer
Features"
,"[The bike Artisans]
Caption 1 
For retail stores selling specialised products like bikes and accessories, speed and accurate inventory are crucial.
With StoreHub, ""everything is very fast,"" helping your staff serve customers efficiently and know exactly ""what is available for sale.""

Our POS system helps you:
⚡️ Speed up transactions at the counter.
📦 Maintain precise, real-time inventory for every item.
👥 Empower your team with an easy-to-use system.

Focus on your passion, let StoreHub handle the operations.

💡 Ready for faster, smarter retail? Book your free demo today.

Caption 2 
Reliability is key when managing a busy retail store. StoreHub provides a stable system that you can count on, just like Bike Artisans.

Plus, getting your team up to speed is effortless:
✅ Quick and intuitive onboarding for new staff.
✅ A reliable system that performs flawlessly, even during peak hours.
✅ Seamless operations so you can focus on your customers and products.

Equip your retail business with a POS that supports growth and efficiency.

📢 Experience retail reliability. Book a free demo now.

Caption 3 
Rewarding your loyal customers and managing your entire retail operation should be effortless.
StoreHub helps retail businesses like Bike Artisans handle sales, inventory, and even customer loyalty programs seamlessly.

Our all-in-one system ensures:
💰 Smooth processing of sales and rewards.
📈 Comprehensive control over your stock, no matter how specialised.
📊 Real-time insights to help you make smart business decisions.

Simplify your retail management and build stronger customer relationships.

🚀 Get total control over your retail store. Book your free demo today.

Short Headlines (30C)

Fast Retail POS.
Inventory for Bikes.
Speed Up Your Store.
Reliable Retail Ops.
Easy Staff Onboarding.
Reward Loyal Shoppers.
Bike Artisans' Choice.
Smart Retail for You.",-,-,"The Bike Artisans
Reward
Reliable
Onboarding
2016"
,"[Business Types - Pet Shops]
Caption 1
Running a pet shop means managing everything from kibble to grooming appointments.
StoreHub helps you keep tails wagging with features designed for your unique needs:
📦 Track diverse inventory: Easily manage food, toys, accessories, and supplies.
🐾 Understand your customers: Track loyalty for both pets and their parents!
💖 Simplify service: Fast checkouts for happy shoppers (and even happier pets!).

Spend less time on admin, more time with your furry (or feathered, or scaled) friends.

💡 Ready for a purr-fectly organised pet shop? Book your free demo today.

Caption 2
Your pet shop is buzzing – can your POS keep up?
StoreHub streamlines operations so you can focus on what matters: happy pets and satisfied owners.
✅ Effortless sales: Quick and reliable transactions for busy times.
📊 Smart reporting: Know your bestsellers, from treats to leashes.
👥 Manage staff: Keep your team focused on customer care.

Give your pet business the smart boost it deserves.

📢 Take control of your pet shop – Book a free demo now.

Caption 3 
Grow your pet shop confidently with a POS system that understands your business.
StoreHub helps you attract and retain customers, building a loyal community of pet parents:
⭐ Built-in loyalty programs: Reward repeat shoppers and their furry companions.
📈 Real-time insights: Make smart decisions on stocking and promotions.
💻 Easy-to-use system: So your staff can spend more time helping customers.

From small treats to big sales, StoreHub is here for your pet shop's success.

🚀 Unleash your pet shop's potential. Book your free demo today.

Short Headlines (30C)

Smart POS for Pet Shops.
Manage Your Pet Store.
Pet Shop Inventory Made Easy.
Happy Pets, Happy Sales.
Grow Your Pet Business.
The Purr-fect POS.",-,-,Pet Shops.png
,"[Business Types - Flower Shops]
Caption 1 
Running a flower shop is delicate work. StoreHub helps you manage your beautiful, perishable inventory and intricate orders with ease:
🌺 Precise stock control: Track stems, bouquets, and supplies, minimizing waste.
🎁 Effortless custom orders: Bundle products and manage special requests seamlessly.
🚚 Streamlined deliveries: Keep track of orders from arrangement to delivery.

Spend less time on spreadsheets and more time creating stunning arrangements.

💡 Blossom with better management. Book your free demo today.

Caption 2
From Valentine's Day to everyday joy, your flower shop needs a POS that handles every bloom and busy season.
StoreHub helps you cultivate success by:
📈 Tracking seasonal trends: Know your best-selling flowers and arrangements.
💸 Speeding up checkouts: Keep lines moving, even during peak holidays.
💖 Building customer loyalty: Delight regulars with personalised service.

Let your business flourish with smart, intuitive tools.

📢 Grow your flower shop smarter. Book a free demo now.

Caption 3 
Your passion is creating beauty; our passion is simplifying your business.
StoreHub gives flower shop owners the tools to manage daily operations, so you can focus on your artistry:
💻 Easy-to-use POS: Simple for you and your staff to learn and operate.
📊 Real-time insights: Understand sales patterns to optimise your offerings.
🎁 Gift & loyalty programs: Keep customers coming back for more blooms.

From a single stem to a grand event, manage it all with confidence.

🚀 Cultivate success with StoreHub. Book your free demo today.

Short Headlines (30C)

Smart POS for Florists.
Manage Your Flower Shop.
Flower Inventory Made Easy.
Blossom Your Business.
POS for Beautiful Sales.
Cultivate Growth with POS",-,-, Flower Shops.png
,"[Business Types - Electronic Stores]
Caption 1 
Managing an electronic store means keeping track of hundreds of products, models, and serial numbers. StoreHub brings precision to your operations:
📦 Detailed Inventory Control: Track every item, serial number, and variant with ease.
📊 Robust Sales Reporting: Understand what's selling, what's trending, and optimise your stock.
✅ Fast & Accurate Checkouts: Handle high-value transactions with confidence.

Spend less time on inventory headaches and more time helping customers find their perfect gadget.

💡 Power up your electronic store. Book your free demo today.

Caption 2 
Your electronic store thrives on efficiency and customer trust. StoreHub provides the seamless experience you need:
⚡ Quick & reliable POS: Handle complex sales quickly, from accessories to major appliances.
🤝 Customer Management: Track purchase history for warranties and personalised service.
👥 Empower your staff: Intuitive system means less training, more selling.

Build a reputation for excellence with a POS system that's as advanced as your products.

📢 Plug into smarter electronic retail. Book a free demo now.

Caption 3 
The electronics market moves fast – does your POS keep pace? StoreHub is built to grow with your electronic store:
📈 Identify bestsellers & slow-movers: Make data-driven decisions on stock and promotions.
🔄 Seamless returns & exchanges: Handle post-sales efficiently.
🛡️ Reliable system: Reduce downtime, especially during peak sales seasons.

Future-proof your business with an all-in-one POS solution designed for tech retailers.

🚀 Upgrade your electronic store management. Book your free demo today.

Short Headlines (30C)

Smart POS for Electronics.
Manage Your Tech Store.
Electronic Inventory Control.
Power Your Retail Sales.
Reliable POS for Gadgets.
Streamline Electronic Retail.",-,-,Electronic stores.png
,"[Business Types - Boutiques]
Caption 1 
Your boutique is about unique finds and personalised style. StoreHub helps you manage your curated collection with the same attention to detail:
👗 Effortless Inventory: Track unique pieces, sises, and colors with precision.
💖 Personalised Customer Profiles: Remember preferences and offer tailored recommendations.
✨ Seamless Checkout: Maintain a sophisticated, fast experience at the counter.

Spend less time on operations and more time helping customers discover their next favorite piece.

💡 Elevate your boutique's management. Book your free demo today.

Caption 2 
From new arrivals to styling appointments, your boutique needs a POS that keeps up with your exclusive pace. StoreHub streamlines operations for a truly high-end experience:
📦 Track Limited Editions: Know exactly what's in stock and where.
📆 Manage Appointments: Integrate service bookings with your sales.
📊 Insightful Reporting: Understand your best-selling styles and customer trends.

Focus on creating the perfect look, while we handle the seamless back-end.

📢 Refine your boutique's operations. Book a free demo now.

Caption 3 
Grow your boutique brand confidently with a POS system that complements your aesthetic. StoreHub empowers you to manage every aspect, allowing your unique vision to shine:
📈 Identify Bestsellers: Pinpoint which styles resonate most with your clientele.
💸 Integrated Loyalty: Build a community of devoted, returning customers.
💻 Intuitive & Stylish Hardware: A system that looks as good as your merchandise.

From design to sales, ensure every detail reflects your brand's excellence.

🚀 Unleash your boutique's full potential. Book your free demo today.

Short Headlines (30C)

Smart POS for Boutiques.
Manage Your Unique Inventory.
Elevate Your Boutique.
Streamline Boutique Sales.
POS for Stylish Retail.
Refine Your Brand's Ops.",-,-,Boutiques.png
,"[Business Types - Auto Shops]
Caption 1 
Running an auto shop means balancing parts, services, and satisfied customers. StoreHub gives you the precision you need:
🔧 Efficient Parts Inventory: Track every bolt, tire, and fluid with accuracy.
📅 Seamless Service Scheduling: Manage appointments and workshop flow.
🚗 Customer & Vehicle History: Keep detailed records for personalised service and easy follow-ups.

Spend less time on paperwork and more time keeping vehicles running smoothly.

💡 Drive efficiency in your auto shop. Book your free demo today.

Caption 2
Your auto shop is a hub of activity – is your current system keeping pace?
StoreHub streamlines your operations so you can focus on quality service and satisfied clients:
⚡ Fast & Reliable POS: Handle complex transactions with parts and labour.
📊 Performance Reporting: Understand your most profitable services and products.
👥 Staff Management: Keep your technicians focused on the job at hand.

Rev up your business with a smart, intuitive POS solution.

📢 Accelerate your auto shop's success. Book a free demo now.

Caption 3
Grow your auto shop confidently with a POS system built for the automotive industry.
StoreHub helps you attract repeat business and build lasting relationships:
⭐ Built-in Loyalty Programs: Reward loyal customers for their maintenance needs.
📈 Sales Insights: Identify peak service times and popular parts for smarter stocking.
💻 Easy-to-use System: Get your team trained quickly and confidently.

From routine maintenance to major repairs, manage it all with precision and ease.

🚀 Shift into high gear with StoreHub. Book your free demo today.

Short Headlines (30C)

Smart POS for Auto Shops.
Manage Your Workshop.
Auto Parts Inventory.
Service Your Business Smarter.
Reliable POS for Mechanics.
Accelerate Auto Shop Growth.",-,-,Auto Shops.png
,"[Aperture Cafe VP1]
Caption 1
Remember the days of manual processes? This cafe owner shares their journey from street food to thriving business, made possible by a POS system that just works.
As you saw in the video, StoreHub helps you:
✅ Transform tedious manual tasks into very easy operations.
⚡ Get instant support – ""They reply you almost immediately.""
🚀 Experience an ""awesome, efficient, and up-to-date"" system.

Stop investigating problems one by one. Get a POS that's reliable and responsive.

💡 Ready to run your cafe smarter? Book your free demo today.

Caption 2 
For any cafe, a stable POS is a must, but what about support?
As our featured merchant explains, StoreHub isn't just stable; our customer service is ""very fast,"" replying ""almost immediately.""
No more waiting days for help or writing endless emails!
This means your cafe can enjoy:
📈 Uninterrupted operations, even during peak hours.
⏱️ Quick solutions to any issues, saving you time and stress.
💻 An efficient and up-to-date system that grows with you.

📢 Experience the difference of truly fast support. Book a free demo now.

Caption 3
""StoreHub is awesome, efficient, and up to date."" That's the verdict from a cafe owner who knows the struggle of manual operations.
Watch how they transitioned from ""investigating one by one"" to seamless management, all thanks to a reliable POS and incredibly responsive support.
Whether you're scaling your cafe or just starting out, you need a system that:
✅ Makes daily tasks very easy.
⚡ Provides immediate answers and solutions.
✨ Keeps your business ahead.

Don't let manual hurdles hold your cafe back.

🚀 Get an awesome, efficient POS for your cafe. Book your free demo today.

Short Headlines-

Cafe POS: Fast & Easy.
Instant Support for Cafes.
Manual to Easy Cafe Ops.
Stable POS, Fast Replies.
Awesome Cafe POS.
Efficient Cafe Management.",-,-,VP1 - Aperture
,"[Aperture Cafe VP2]
Caption 1 
""Sometimes the staff write in the wrong way. So it's very difficult.""
If your cafe is battling manual order errors and kitchen miscommunication, this video is for you. Aperture Cafe shares how StoreHub solved their challenges:
✅ No more handwritten mistakes sent to the kitchen.
📦 Staff instantly know ""what is available for sale.""
⚡️ ""Everything is very fast"" – from order to service.

A reliable POS system isn't just helpful; it's ""a must for our business.""

💡 Ready to eliminate cafe order errors? Book your free demo today.

Caption 2
As Aperture Cafe discovered, a smart POS system can truly empower your staff and transform your day-to-day operations.
Watch how StoreHub helps them, ""especially the inventories and everything"":
📊 Staff quickly see what's in stock, no more guesswork.
⏱️ Orders are sent seamlessly to the kitchen, cutting delays.
📈 The entire process is faster, improving efficiency for everyone.

Give your team the tools they need to shine.

📢 Equip your cafe with a smarter POS. Book a free demo now.

Caption 3
""The POS system is a must for our business."" That's the verdict from Aperture Cafe, who transitioned from manual chaos (wrong orders, difficult tracking) to a seamless, fast operation with StoreHub.
Whether it's managing orders or knowing inventory, our system ensures:
✅ Accurate communication between front and back of house.
📦 Real-time visibility on all available items.
🚀 Overall efficiency that makes ""everything very fast.""

Stop struggling with outdated methods. Your cafe deserves an upgrade.

🚀 See how StoreHub speeds up your cafe. Book your free demo today.

Short Headlines (30C)

Cafe Order Accuracy.
End Kitchen Errors.
Fast Cafe Operations.
Inventory for Cafes.
Empower Your Cafe Staff.
Must-Have Cafe POS.",-,-,VP2 - Aperture
,"[Aperture Cafe VP3]
Caption 1
Imagine your cafe staff always knowing exactly ""what is available to sell and what is not available to sell.""
As Aperture Cafe shares, StoreHub provides clarity that helps both your team and your customers!
✅ Real-time Inventory for Staff: No more awkward ""out of stock"" surprises at the counter.
📈 Boost Efficiency: Staff can serve faster and more confidently.
💖 Seamless Customer Experience: Happy staff, happy customers.

Give your team the tools they need to shine.

💡 See how StoreHub empowers your cafe staff. Book your free demo today.

Caption 2 
Late clock-ins or ""buddy punching"" can be a headache for cafe owners.
Aperture Cafe loves StoreHub's Face Capture feature because it ensures staff ""need to present in the cafe for them to clock in.""
This means:
📸 Verified Attendance: Accurate records, every time.
🕒 No More Lateness Issues: Encourages punctuality.
💼 Stress-Free Payroll: Trustworthy data for employee management.

Beyond just a cashier, get a complete cafe management solution.

📢 Take control of your cafe's attendance. Book a free demo now.

Caption 3
""It's very easy."" Aperture Cafe highlights how StoreHub provides far more than just a cashier system.
Our all-in-one POS helps you:
📦 Optimise Staff Knowledge: Your team instantly knows what's in stock.
✅ Ensure Punctuality: With loved features like Face Capture Clock In.
🚀 Simplify Operations: From sales to employee management.

It's ""very helpful"" for owners who want seamless daily operations and accurate staff records.

🚀 Upgrade your cafe's management. Book your free demo today.

Short Headlines:

Staff Know Stock Instantly.
Secure Cafe Clock-In.
Face Capture for Cafes.
Empower Your Cafe Team.
Easy Cafe Management.
Beyond Just a Cashier.",-,-,VP3- Aperture
,"[Aperture Cafe VP4]
Caption 1 
Ever been tempted by a ""cheaper alternative"" that just doesn't deliver?
This cafe owner knows the difference. As they share in the video, StoreHub isn't just a stable POS system, it's a complete solution that truly helps their business.
Get a system that ensures:
✅ Reliable Operations: No more system headaches slowing you down.
📊 Up-to-Date Accounts: Seamless invoicing and accurate data.
🤝 Integrated Membership: Engage your customers effortlessly.

Invest in stability and efficiency for your cafe, not just a low price tag.

💡 See why StoreHub is the smarter choice for your cafe. Book your free demo today.

Caption 2
For a busy cafe, support can't wait.
As our featured merchant highlights, StoreHub's customer service is ""very fast,"" replying ""almost immediately!"" This means quick solutions, not frustrating delays.
Beyond incredible support, StoreHub offers:
📈 Always Up-to-Date Data: For all your accounts and operations.
🧾 Seamless Invoicing: Streamlined for compliance and ease.
💖 Built-in Membership/Loyalty: Keep customers engaged and returning.

Experience the ""awesome, efficient, and up-to-date"" system that truly helps cafes thrive.

📢 Ready for a POS with immediate support? Book a free demo now.

Caption 3 
""StoreHub is awesome, efficient, and up to date. That is something that really helps us a lot for small business like us.""
That's the powerful truth from a cafe owner who made the switch to StoreHub. They chose us for:
⭐ Stability: A POS you can always rely on.
⚡ Fast Customer Service: Get answers and solutions almost immediately.
💼 Comprehensive Features: Invoicing, membership, and all accounts kept up-to-date.

Don't let outdated or unreliable systems hold back your cafe.

🚀 Discover the POS built for your cafe's growth. Book your free demo today.

Short Headlines:
Stable Cafe POS, Fast Support.
Value Beyond ""Cheap"" POS.
Awesome Cafe Efficiency.
Grow Your Cafe Smart.
Up-to-Date Cafe Accounts.
Cafe POS: Reliable & Smart.",-,-,VP4- Aperture
,"[90s Management - Payments]
Caption 1
Still stuck in the past, managing your payments like it's the 90s? 😩
It's 2025, and your business deserves a modern upgrade.
StoreHub's POS system brings your operations into the present, making payments:
✅ Lightning-fast for your customers
✅ Accurately tracked in real-time
✅ Hassle-free for your team

Stop relying on outdated tools that slow you down.

💡 Bring your payments to 2025. Book a FREE Demo today!

Caption 2
If your payment management feels like a throwback to the 90s, it's time for a change.
StoreHub's POS system is built for today's fast-paced F&B and retail environments, ensuring your operations are streamlined and up-to-date.
With StoreHub, you get:
💸 Modern, integrated payment processing.
📊 Automatic reconciliation and reporting.
🚀 An efficient system designed for growth, not hangups.

Don't let outdated methods hold your business back.

📢 Upgrade your payments. Book a FREE Demo now.

Caption 3 
Is your calculator still working overtime for payment management?
""Bring your operations to 2025 with StoreHub's POS System!""
For F&B and retail owners, this means:
✅ Automated, secure payment handling.
✅ Clear visibility on all transactions.
✅ More time focusing on sales, less on manual reconciliation.

It's time to leave the 90s behind and step into efficiency.

🚀 Modernise your payments. Book a FREE Demo today.

Short Headlines (30C)

90s Payments? No More!
Upgrade Your Payments.
Future-Proof Your POS.
Modernise Your Ops.
Calculator Out, POS In.
Payments for 2025.",-,-,90s Management
,"[Binq VP1]
Caption 1
Running multiple F&B outlets? As Binq Dessert shares, you ""cannot separate your body into four!""
StoreHub gives you the power to manage all your locations from anywhere:
📊 Real-time Sales Data: See what's selling at every outlet, instantly.
📈 Identify Peak Hours: Optimise staffing and operations across all shops.
📦 Track Inventory & Orders: Know what foods you have and who's ordering.

Get a comprehensive platform that checks everything, on the go.

💡 Take control of your multi-outlet F&B business. Book your free demo today.

Caption 2 
""Different outlets have different peak hours, which we will never know if you're not in the shop itself.""
Binq Dessert needed data to manage their four outlets effectively, and StoreHub delivered.
Our platform provides crucial insights:
✅ A very good platform that checks everything – from food inventory to sales.
📱 Access your data on the go via our website, anytime, anywhere.
📈 Use data to make smart decisions for every single outlet.

Stop guessing and start growing your F&B business with real data.

📢 Empower your F&B chain with insights. Book a free demo now.

Caption 3
With four outlets, Binq Dessert transformed their operations by gaining full visibility with StoreHub.
If you're an F&B owner with multiple locations, imagine:
🌟 Knowing sales at every shop without being there.
⏱️ Understanding different outlets' peak hours to optimise staff.
🔍 Accessing all your essential business data on the go.

StoreHub provides the platform that definitely helps you get the data you need.

🚀 Streamline your multi-outlet F&B operations. Book your free demo today.

Short Headlines (30C)

Multi-Outlet F&B Control.
Manage Your F&B Chain.
Data On the Go for F&B.
Know Peak Hours Remotely.
Binq Dessert's Choice.
F&B Insights for Growth.",-,-,VP1 - Binq
,"[Binq VP2]
Caption 1
""It was chaos, especially during peak hour."" Sound familiar?
Binq Dessert transformed their bingsu business from long queues and impatient customers to smooth, effortless service, all thanks to StoreHub's QR Order & Pay.
✅ Customers can order at their own pace, right from the table.
⏱️ Drastically eases queues and reduces waiting times.
👥 Saves significant manpower, freeing up your team.

Don't let peak hours be a source of stress. Revolutionize your F&B operations.

💡 End the chaos today! Book your free demo and see QR Order & Pay in action.

Caption 2 
""Ordering, choosing toppings to payment, and then leading them to their table. It takes a lot of manpower.""
Binq Dessert found the answer: StoreHub's QR Order & Pay.
As you saw in the video, this feature delivers:
🚀 Fast, self-service ordering for customers.
💸 Major manpower savings, boosting your bottom line.
✨ Unparalleled convenience, especially during busy times.

Give your customers the freedom to order at their ""sweet time"" while you streamline operations.

📢 Ready to transform your F&B business? Book a free demo now.

Caption 3
Dealing with long queues and rushed customers during peak hour?
Binq Dessert highlights how StoreHub's QR Order & Pay brought ""convenience for customers to order from the table itself, saving in our manpower.""
This powerful solution means:
✅ Happier, less rushed customers.
✅ A significant reduction in queue length.
✅ Optimizing your team's efficiency, even when busy.

It's time to ease the pressure on your F&B business.

🚀 Experience the power of QR Order & Pay. Book your free demo today!

Short Headlines

End F&B Queue Chaos.
QR Order & Pay Power.
Save Manpower, Cut Queues.
Peak Hour Solution.
Order from Table.
Binq Dessert's Choice.",-,-,VP2 QR Order & Pay - Binq
,"[Binq VP3]
Caption 1
🤔 Got a menu item that's just sitting there, but you're not sure whether to keep it?
Binq Dessert faced this with their mango sticky rice, which wasn't a crowd favorite. But StoreHub's data doesn't lie!
From sales data, they easily identified their Top 3 best sellers and Top 3 least selling items. The decision was clear: remove the slow-mover and focus on what truly sells.

📈 Get real-time sales reports for your F&B business. Make smarter menu decisions that actually drive profit!

💡 Stop guessing, start knowing. Book your free demo today.

Caption 2 
""Numbers wouldn't tell lies right?"" Binq Dessert wholeheartedly agrees!
They no longer keep unprofitable menu items. With StoreHub's detailed sales data, they can confidently identify their bestsellers and cut out the underperformers.
The result? Reduced waste, optimized focus on popular items, and significantly increased profitability.

📊 StoreHub's reporting helps you:
✅ Pinpoint top-selling & least-selling items
✅ Optimize your menu and inventory
✅ Boost your F&B business's bottom line

🚀 Make your F&B business smarter. Book a free demo now!

Caption 3
Imagine knowing exactly what your customers crave and what's just taking up space.
Binq Dessert doesn't have to imagine! With StoreHub's clear sales data, they can see precise sales numbers, making confident decisions to remove less popular items and double down on bestsellers.

From a slow-moving ""mango sticky rice"" to maximizing their ""mango sago"" sales – it all starts with clear, reliable data. StoreHub empowers you!

✨ Get the power of data for your F&B business. Book your free demo today.

Short Headlines

Data Doesn't Lie
Know Your Bestsellers
Optimize Your Menu
Boost F&B Profits
Smart Menu Decisions",-,-,VP3 Analytics and Reporting  - Binq
,"[BINQ VP4]
Caption 1 – From Operational ""Nightmare"" to Instant Solutions!
""It's a nightmare."" - That's how Binq Dessert describes running a business without reliable support. Manual orders, messy service, unstable Wi-Fi... sound familiar?
At StoreHub, the sale is just the start. When issues arise, our after-sales service springs into action!
✅ Direct helpline: resolved within 30 minutes!
✅ Attentive & helpful team: bespoke assistance, even during peak hours.
✅ No slowdowns, ever: keeping your business running fast.

Don't let problems become your nightmare. Get a POS with support that actually matters.

💡 Experience truly supportive after-sales service. Book your free demo today!

Caption 2 – Your Business Deserves Support That Matters
Worried about what happens after you buy a POS? Binq Dessert knows the frustration of unstable systems and slow support.
That's why our after-sales service is ""very important"" and something they ""really, really love about it!""
With StoreHub, you get:
🚀 Problems resolved within 30 minutes via direct helpline.
👨‍💻 An attentive team that's very helpful and provides bespoke assistance.
📈 No slowdowns, even during your busiest peak hours.

Ensure your F&B or retail business runs smoothly, always.

📢 Get a POS where after-sales actually matter. Book a free demo now.

Caption 3 – Fast Solutions, No Slowdowns: The StoreHub Promise
""StoreHub has very good after-sales service."" - That's the confidence you get when choosing a POS partner like StoreHub.
Binq Dessert experienced it first-hand: from ""unstable Wi-Fi"" and ""messy service"" to resolutions in under 30 minutes, keeping operations fast and seamless.
We're committed to ensuring:
✅ Direct & fast support whenever you need it.
✅ Problems resolved quickly, even during peak hours.
✅ Your business stays online and efficient, no slowdowns, ever.

Choose a POS partner that's with you every step after the sale.

🚀 Ready for peace of mind? Book your free demo today.

Short Headlines (5):

After-Sales That Matters.

Support In 30 Mins.

No Slowdowns, Ever.

Direct Helpline.

Fast & Helpful Support.",-,-,VP4 After-sales - Binq
,"[Comic Promo - KL]
Caption 1
🚨 ATTENTION KL BUSINESSES! 🚨 Upgrade to the #1 POS System in Kuala Lumpur and enjoy UP TO 55% OFF! (Now from just RM1,120, RRP: RM2,490)
StoreHub is trusted by thousands and packed with features like:
✅ Integrated E-Invoicing
📦 Smart Inventory Management
📊 Real-time Sales Data
🏢 Multi-store Management & more!

Don't miss this limited-time offer to supercharge your operations.

💡 Claim your discount today! Book a free consultation.

Caption 2 
Why pay full price when you can get the best for less? Kuala Lumpur's leading businesses choose StoreHub, and now you can too with UP TO 55% OFF!
Get a powerful, all-in-one POS system that includes:
🧾 Seamless E-Invoicing
📈 Real-time performance insights
📦 Effortless inventory control
🚀 Tools for growth across all your outlets.

It's time to invest in your business's future without breaking the bank.

📢 Limited stock! Secure your discounted StoreHub POS. Book a consultation now.

Caption 3
Calling all KL F&B and Retail owners! Experience the difference of Malaysia's #1 POS System in Kuala Lumpur with an unbeatable offer of UP TO 55% OFF!
This isn't just a discount; it's an opportunity to transform your business with:
💻 Fast & reliable hardware
✅ Compliance-ready E-Invoicing
📊 Powerful reporting
👥 Simplified staff management

Join the best businesses in KL that rely on StoreHub every day.

🚀 Offer ends soon! Get your #1 POS system. Book a consultation today.

Short Headlines:

KL's #1 POS: 55% OFF!
Best POS in KL.
Save 55% on POS!
Upgrade Your KL Business.
KL Exclusive POS Deal.",-,-,55% Comic Promo - KL
,"[Comic Promo - Johor]
Caption 1
🚨 ATTENTION JOHOR BUSINESSES! 🚨 Upgrade to the #1 POS System in Johor and enjoy UP TO 55% OFF! (Now from just RM1,120, RRP: RM2,490)
StoreHub is trusted by thousands and packed with features like:
✅ Integrated E-Invoicing
📦 Smart Inventory Management
📊 Real-time Sales Data
🏢 Multi-store Management & more!

Don't miss this limited-time offer to supercharge your operations.

💡 Claim your discount today! Book a free consultation.

Caption 2 
Why pay full price when you can get the best for less? Johor's leading businesses choose StoreHub, and now you can too with UP TO 55% OFF!
Get a powerful, all-in-one POS system that includes:
🧾 Seamless E-Invoicing
📈 Real-time performance insights
📦 Effortless inventory control
🚀 Tools for growth across all your outlets.

It's time to invest in your business's future without breaking the bank.

📢 Limited stock! Secure your discounted StoreHub POS. Book a consultation now.

Caption 3
Calling all Johor F&B and Retail owners! Experience the difference of Malaysia's #1 POS System in Johor with an unbeatable offer of UP TO 55% OFF!
This isn't just a discount; it's an opportunity to transform your business with:
💻 Fast & reliable hardware
✅ Compliance-ready E-Invoicing
📊 Powerful reporting
👥 Simplified staff management

Join the best businesses in Johor that rely on StoreHub every day.

🚀 Offer ends soon! Get your #1 POS system. Book a consultation today.

Short Headlines:

Johor'S #1 POS: 55% OFF!
Best POS in Johor.
Save 55% on POS!
Upgrade Your Johor Business.
Johor Exclusive POS Deal.",-,-,55% Comic Promo - Johor
,"[Comic Promo - Selangor]
Caption 1
🚨 ATTENTION SELANGOR BUSINESSES! 🚨 Upgrade to the #1 POS System in Selangor and enjoy UP TO 55% OFF! (Now from just RM1,120, RRP: RM2,490)
StoreHub is trusted by thousands and packed with features like:
✅ Integrated E-Invoicing
📦 Smart Inventory Management
📊 Real-time Sales Data
🏢 Multi-store Management & more!

Don't miss this limited-time offer to supercharge your operations.

💡 Claim your discount today! Book a free consultation.

Caption 2 
Why pay full price when you can get the best for less? Selangor's leading businesses choose StoreHub, and now you can too with UP TO 55% OFF!
Get a powerful, all-in-one POS system that includes:
🧾 Seamless E-Invoicing
📈 Real-time performance insights
📦 Effortless inventory control
🚀 Tools for growth across all your outlets.

It's time to invest in your business's future without breaking the bank.

📢 Limited stock! Secure your discounted StoreHub POS. Book a consultation now.

Caption 3
Calling all Selangor F&B and Retail owners! Experience the difference of Malaysia's #1 POS System in Selangor with an unbeatable offer of UP TO 55% OFF!
This isn't just a discount; it's an opportunity to transform your business with:
💻 Fast & reliable hardware
✅ Compliance-ready E-Invoicing
📊 Powerful reporting
👥 Simplified staff management

Join the best businesses in Selangor that rely on StoreHub every day.

🚀 Offer ends soon! Get your #1 POS system. Book a consultation today.

Short Headlines:

Selangor's #1 POS: 55% OFF!
Best POS in Selangor.
Save 55% on POS!
Upgrade Your Selangor Business.
Selangor Exclusive POS Deal.",-,-,55% Comic Promo - Selangor
,"[D3 Mini Unboxing]
Caption 1 
Come unbox the POS that fits anywhere and does everything! ✨
Introducing the new StoreHub Android D3 Mini – small device, BIG impact for your business!

Features you'll love:
✅ Minimalist & Compact Design: Frees up your counter space to prep, serve, and stay organised.
🚀 High-Performing Processor: Keeps up with your busiest days, no lag!
🖥️ Ergonomic 10.1"" High-Res Screen: Take orders faster with less wrist & neck strain.
🧾 Built-in High-Speed Printer & Auto Cutter: For clean receipt cuts, every time.
💧 Rubber-Sealed: Worry-free against spills and crumbs.

It’s more than just a POS; it’s designed to make your daily operations smoother.

💡 Ready to upgrade? Book a free demo to experience the D3 Mini!

Caption 2
Tired of bulky POS systems eating up your counter space? Or sluggish hardware slowing you down?
Meet the StoreHub Android D3 Mini! This small device brings BIG impact to your F&B or retail business.

Designed for efficiency:
Counter space? Maximized! ✅
Busy days? Handled with ease! ✅
Customer experience? Smoother than ever with the customer-facing screen & DuitNow QR. ✅
Worries about spills? Gone! ✅

It's the powerful, compact solution you've been waiting for, packed with GMS apps for seamless workflow.

📢 Transform your counter & operations. Book a free demo of the D3 Mini today!

Caption 3 
Make every transaction a breeze for your customers and staff!
The new StoreHub Android D3 Mini is built to do everything, delivering a seamless ordering and payment experience.

Experience features that make a real difference:
⚡ Take orders faster with an ergonomic touchscreen.
🤩 Smoother customer experience with a dedicated display for items & total.
💰 Quicker payments with built-in DuitNow QR.
🛡️ Worry-free operations with rubber-sealed durability.
🌐 Runs on Google Mobile Services for essential apps right from your POS.

Small device, BIG impact on your daily flow.

🚀 Discover the D3 Mini. Book your free demo now!

Short Headlines (5):

Meet D3 Mini: Small, Powerful.

New StoreHub D3 Mini.

Compact POS, Big Impact.

Upgrade Your Counter.

Fast POS, Zero Worries.",-,-,D3 MINI (ENG)
,"[Merdeka Day]
Caption 1 
🎉 This Merdeka Day, StoreHub is giving restaurant owners an amazing offer! 🎉
Get UP TO 55% OFF our powerful POS Hardware! 🥳

It's the perfect time to upgrade your restaurant system with cutting-edge POS hardware and enjoy massive savings. From seamless order taking to stock management and fast payments – make everything easy!

Don't miss out on this limited-time Merdeka offer!

💡 Click here to claim your discount & book a free demo today.

Caption 2
Struggling with an old POS system? Or hardware that constantly gives you trouble? 🤔
This Merdeka, business owners can get StoreHub POS hardware with UP TO 55% OFF!

Transform your restaurant operations:
✅ Faster order management
✅ Easy inventory control
✅ Smooth, reliable transactions
✅ Boost customer satisfaction

Hurry, while offer still lasts!

📢 Make this Merdeka the start of a more efficient business. Book a free demo now!

Caption 3
🇲🇾 Merdeka! 🇲🇾 Exclusively for all restaurant owners, seize this golden opportunity! Get StoreHub POS hardware with an UNBEATABLE DISCOUNT OF UP TO 55%!

This isn't just a discount; it's an investment for:
🔥 More efficient restaurant operations
💸 Long-term cost savings
💻 High-quality, durable hardware
🚀 A robust system, designed specifically for busy restaurants.

This offer won't last long!

🚀 Act fast! Get your perfect POS system. Book your demo today before it's gone.

Short Headlines (5):

Merdeka Sale: Restaurant POS!

POS Hardware 55% Off!

Upgrade Your Restaurant.

Merdeka Promo: Restaurants.

Big POS Savings!","Caption 1
🎉 这个国庆日，StoreHub 给餐厅老板带来超值优惠！🎉 购买我们强大的 POS 机，可享有高达 55% 折扣！🥳
现在是升级你的餐厅系统，并节省大笔费用的最佳时机！从顺畅的点单到库存管理和快速支付，让一切变得更简单！
别错过这个限时国庆优惠！
💡 点击领取专属优惠 & 今天就预约免费 DEMO



Caption 2
旧 POS 系统一直出问题？收银机时常卡？🤔
这个 Merdeka，StoreHub 的全新 POS 机高达 55% 折扣！
马上升级，让你的餐厅营运焕然一新：
✅ 点单更快不出错
✅ 库存轻松管理
✅ 收款顺畅又稳定
✅ 顾客满意度大提升
⚡ 优惠不等人，赶快行动吧！
📢 让这个 Merdeka 成为你生意更高效的起点！
现在就预约免费 DEMO！



Caption 3
🇲🇾 Merdeka！🇲🇾 餐厅老板们，这个国庆日的独家优惠来了！购买 StoreHub POS 机，享有高达 55% 的超值折扣！🥳

这不只是一个折扣，更是对你生意的投资：
🔥 让餐厅营运更高效
💸 长期为你节省成本
💻 高品质、耐用的设备
🚀 为忙碌的餐厅量身定制，一个强大又稳定的系统

优惠很快就结束了！

🚀 赶快行动吧！立即预约你的免费 DEMO，为你的餐厅添置完美的 POS 系统！


Short Headlines: 

国庆大促销：餐厅 POS！

POS 设备 55% 折扣！

升级你的餐厅。
国庆优惠：餐厅。

POS 大节省！


","Caption 1:
🎉 Merdeka ni, StoreHub ada PROMO DISKAUN SAMPAI 55% untuk owner restoran! Khas untuk hardware POS Storehub yang memang padu! 🥳

Ni la timing cantik nak upgrade sistem restoran korang dengan hardware POS yang canggih & jimat kaw-kaw. Dari QR Order, sistem urus stok, sampai bayaran settle laju, semua jadi senang!

Nak POS baru yang mantap dan siap pasang sebelum Merdeka?
Jangan lepaskan promo ni, dapatkan demo percuma sekarang!
Caption 2
Korang struggle lagi ke dengan sistem POS lama? Atau hardware yang asyik buat hal je? 🤔
Merdeka ni, owner bisnes boleh dapat hardware POS StoreHub dengan DISKAUN 55%!

Jom transform operasi restoran korang jadi:
✅ Urus order lagi pantas.
✅ Kawalan stok senang cerita.
✅ Transaksi smooth & tak risau.
✅ Customer confirm puas hati.

Cepat, sementara offer ni ada lagi!
📢 Pastikan Merdeka ni jadi permulaan baru untuk bisnes korang jadi lagi efisien. Tempah demo percuma sekarang!
Caption 3
🇲🇾 Merdeka! 🇲🇾 Khas untuk semua owner restoran, jangan lepaskan peluang ni! Dapatkan Hardware POS StoreHub dengan DISKAUN SAMPAI 55%!

Ni bukan setakat diskaun semata; ni kira pelaburan untuk:
🔥 Operasi restoran lagi cekap.
💸 Jimat kos long-term.
💻 Hardware memang high quality & tahan lasak.
🚀 Sistem memang solid, design khas untuk restoran yang busy.

Offer ni tak lama!
🚀 Cepat! Grab sistem POS perfect korang. Dapatkan demo percuma hari ni!
Short Headlines:

Merdeka Sale: POS Restoran!


Hardware POS Diskaun 55%!


Upgrade Restoran Korang Sekarang!


Promo Merdeka untuk Restoran


Jimat 55% untuk POS!
",Merdeka 55%
,"[AI Happy Customers]
Caption 1:
You started your business for the people. 💖
Let StoreHub handle the boring backend, so you can focus on great service, warm vibes, and keeping customers happy.
Less waiting, more smiling.

Caption 2:
Make every customer a happy regular! 😊
StoreHub takes care of the operational hassle, so you can deliver amazing service and warm vibes.
More smiling, less waiting.

Caption 3:
Keep your customers full, happy, and coming back. ✨
StoreHub handles the backend, freeing you to focus on what you do best: creating great service and unforgettable experiences.
Less waiting, more smiling.

Headlines;
Less Waiting, More Smiling.

Focus on What You Love.

Happy Customers, Made Easy.

Backend Handled.

Serve More Smiles.",-,-,AI Happy Customers
,"[FALCON 2 UNBOXING]
Caption 1
Light enough to carry. Strong enough to power your busiest days. ⚡
Meet the all-new StoreHub Android Falcon 2. The portable POS designed to move with you and built to perform under pressure.

This all-in-one device features:
✅ Lightweight & Portable Design
🚀 High-Speed 8-Core Processor
🔋 Long-Lasting 8000mAh Battery
🖥️ Detachable 10.95"" Full-HD Screen

Serve customers at the counter, at their table, or anywhere in between.

💡 Experience the power and freedom of the Falcon 2. Book a free demo today.

Caption 2
Tired of being tied to the counter? It’s time to take your business anywhere.
Introducing the StoreHub Android Falcon 2, a portable POS that gives you total freedom and control.
Light enough to carry. Strong enough to power your busiest days. ⚡
From quick table-side ordering to keeping lines moving in a compact space, the Falcon 2 is built for modern F&B and retail.

Features that make it effortless:
✅ Smooth, detachable screen
✅ Uninterrupted high-speed performance
✅ All-day battery life

📢 Go beyond the counter. Book a free demo of the Falcon 2 now!

Caption 3
Your business is always on the move. Your POS should be too.
The all-new StoreHub Android Falcon 2 is designed to adapt to your busiest shifts and compact spaces.
Light enough to carry. Strong enough to power your busiest days. ⚡
Give your staff the freedom to take orders anywhere, or let customers view the menu and order on their own with the detachable screen. It’s the ultimate in flexibility and performance.

🚀 Designed to move. Built to perform. Discover the Falcon 2. Book your demo today!

Short Headlines (5):

New Falcon 2.

Portable POS, Built to Perform.

Freedom to Move.

POS for Busy Shifts.

Lightweight, Powerhouse.","[FALCON 2 UNBOXING]
Caption 1
轻巧便携，再忙也能应付自如！⚡


隆重推出全新的StoreHub Android Falcon 2。它是个便携式POS机，随时随地都能用，再忙也能发挥最佳表现。


这台多功能设备具备：
✅ 轻巧便携设计
🚀 高速8核处理器
🔋 8000mAh持久电池
🖥️ 可拆卸 10.95 寸全高清屏幕


无论是在柜台、餐桌旁，还是其他地方，都能轻松服务顾客。


💡 立即体验 Falcon 2 的强大功能和灵活性！今天就预约免费 DEMO！
Caption 2
谁说收银只能在柜台？是时候把你的生意带到任何地方了。

隆重介绍 StoreHub Android Falcon 2，这是一款便携式POS机，给你全面的灵活性和掌控权。

轻送拿起就走，再忙也能应付自如！⚡

方便餐桌给顾客点单，就算地方不大也能让排队的人潮顺顺走，Falcon 2都专为现代餐饮和零售业打造。

让你轻松搞定的功能：
✅ 顺畅、可拆卸的屏幕
✅ 不间断的高速性能
✅ 全天候电池续航

📢 突破柜台限制。立即预约免费 Falcon 2 的 DEMO吧！



Caption 3

你的生意跑上跑下，你的 POS 机当然也要跟得上！

全新的 StoreHub Android Falcon 2 专门应付你最忙的时候和不够位的地方。

轻送拿起就走，再忙也能应付自如！⚡

让你的员工走到哪里都能帮顾客下单，或直接把屏幕交给顾客慢慢看、自己点。这个就是灵活运用和强大性能的最好证明。

🚀 让你带着走，做生意可以更灵活。
赶快了解 Falcon 2，今天就预约 DEMO 吧！

Short Headlines (5):


全新 Falcon 2


便携式 POS，性能强劲


随心移动


忙碌时段的好帮手


轻巧，性能强大。

","Caption 1:
Pernah terfikir nak ada sistem POS yang ringan macam tablet tapi performance dia laju macam komputer? ⚡

Inilah StoreHub Android Falcon 2, khas untuk owner bisnes yang perlukan kelajuan tanpa 'sangkut-sangkut', terutamanya bila customer tengah ramai.

Lupakan mesin kaunter yang besar dan berat. Falcon 2 ni:
✅ Ringan & mudah nak bawa ke mana-mana dalam kedai.
✅ Bateri tahan lama sepanjang hari.
✅ Skrin HD boleh cabut, nak tunjuk menu kat customer pun senang.

Urus bisnes kini lebih senang. Dari ambil order dekat meja ke check stok kat stor, semuanya sekarang di hujung jari.

💡 Nak tengok sendiri betapa power sistem ni? Jom book demo percuma sekarang!

Caption 2: 
Owner kedai tapi asyik kene 'jaga kaunter' je? Sampai bila bisnes nak gerak kalau bos terikat dekat satu tempat?

Bebaskan diri anda dengan StoreHub Android Falcon 2. Ringan di tangan, tapi cukup lasak untuk harungi hari paling sibuk. ⚡

StoreHub Android Falcon 2:
✅ Ringan & mudah nak bawa ke mana-mana dalam kedai.
✅ Bateri tahan lama sepanjang hari.
✅ Skrin HD boleh cabut, nak tunjuk menu kat customer pun senang.

📢 Dah sedia nak jadi Bos yang lebih bebas & proaktif? Jom tengok Falcon 2 beraksi. Book demo percuma sekarang!

Caption 3: 
Nak layan customer dekat meja tapi masih guna pen dan kertas? Tersalah tulis order pulak? Mesti ada cara yang lebih bijak.

StoreHub Android Falcon 2 – sistem POS yang bergerak sepantas bisnes anda.

Lihat bisnes korang jadi lebih lancar dan laju dengan StoreHub Falcon 2 direka khas untuk bisnes yang sentiasa sibuk:
✅ Ringan & mudah nak bawa ke mana-mana dalam kedai.
✅ Bateri tahan lama sepanjang hari.
✅ Skrin HD boleh cabut, nak tunjuk menu kat customer pun senang.
✅ Ada lebih dari 30 lagi feature dalam POS ni.

Jangan biarkan bisnes anda perlahan sebab teknologi yang statik. 🚀 Jom upgrade cara kerja bisnes anda. Cuba Falcon 2, book demo percuma hari ini!

Headline: 
StoreHub Falcon 2: Ringan & Laju.

POS Power, Boleh Bawa Mana-mana.

Bebas Dari Jaga Kaunter.

Peak Hour? Takde Hal.

POS Falcon 2 Ringan, Tapi Power.
",FALCON 2
,"[Kozie Krafts VP1]
Caption 1
Chaos to Control. The all-in-one solution for your unique business. ⚡
Juggling a cafe and a retail shop can feel overwhelming. You need a single system that can handle it all without missing a beat. Our merchant found that StoreHub was the only platform that could handle both, making busy days feel manageable.

✅ One platform for both cafe & retail

🚀 Handle high-volume orders with ease

✨ Simple & intuitive to use

Ready to simplify your operations? Book a free demo today.

Caption 2
Don't let your busiest days become your most overwhelming.
When you're running two businesses in one, a smooth process is everything. Our merchant needed a system that would prevent her team from getting overwhelmed by the chaos of simultaneous orders. StoreHub was the perfect solution.

🌟 Made for a smooth transition

🤝 Hands-on onboarding & support

👍 Easy for anyone to understand

Simplify your daily operations. Discover the difference with StoreHub.

Caption 3
One business, two parts. One powerful platform.
Our merchant was running a cafe and a retail shop under one roof. Juggling two separate systems would have been a nightmare. She needed a seamless solution that could handle both sides of her business. StoreHub was built for this exact challenge.

📦 POS for your retail products

☕ POS for your cafe orders

📊 Unified data and reports

Get the power to manage it all. Book your free demo now!

Short Headlines
All-in-One POS.

Simplify Your Cafe & Retail.

Built for Busy Shifts.

Manage It All.

POS That's Never Overwhelming.",-,-,VP1 Kozie Krafts
,"[Kozie Krafts VP2]
Caption 1
Stop guessing. Start growing. 📈
Running a retail business shouldn't be a guessing game. Our merchant’s main struggle was managing inventory and knowing what to sell. With StoreHub, she found the solution to organize her stock and get clear insights into what’s working.

📊 Real-time insights on what's selling

📈 Strategic data to plan promotions

📦 Effortless inventory management

Take the guesswork out of your business. Book a free demo today.

Caption 2
Your sales data is your biggest advantage. ✨
What if you could turn your sales data into a powerful tool for growth? Our merchant uses StoreHub to track what sells each month, allowing her to plan exciting new promotions and activities that keep customers coming back.

💡 Actionable insights, not just numbers

🚀 Plan promotions that actually work

✅ Get customers excited with new ideas

Turn your data into a strategy. Discover the difference with StoreHub.

Caption 3
Get control of your inventory and your business. 🌟
Manually keying in inventory is a thing of the past. Our merchant relied on StoreHub to simplify her stock management, freeing up time to focus on what matters most: using data to make smarter business decisions.

📦 Simple inventory management

📉 Find out what doesn't sell

💡 Focus on what sells best

Master your inventory. Master your business. Book your free demo now!

Short Headlines
Smart Inventory.

Your Business Insights.

Plan Promotions.

Inventory, Solved.

Know What Sells.",-,-,VP2 Kozie Krafts
,"[Coffeeboy Club VP1]
Caption 1
Go beyond sales. Go digital. ✨
Our merchant at Coffeeboy Club used to track every order in a notebook and manage cash by hand. They accepted the risks involved until they found a better way to work. Now, with StoreHub, they've gone digital.

✅ Simple, user-friendly interface

📈 Continuous feature updates

🚀 A commitment to growth

Ready to digitise your business? Book a free demo today.

Caption 2
From handwritten notebooks to a seamless digital system.
Managing a cash box and a notebook is a lot to handle. Our merchant accepted the risks and chaos until he discovered the power of a modern POS. StoreHub's easy-to-use interface and continuous updates made the transition simple.

📝 Ditch the notebook for good

💰 Simplify cash management

🌟 A more relevant and effective system

Streamline your operations. Discover the difference with StoreHub.

Caption 3
Your business deserves to grow. Your POS should too.
Our merchant was impressed by StoreHub's commitment to growth, providing continuous updates to make the platform more friendly, usable, and relevant. It's not just a POS; it's a partner in your business's success.

🔄 Constantly updated with new features

🤝 A partner committed to your growth

✨ An effective and relevant system

Get a POS that evolves with you. Book your free demo now!

Short Headlines
Go Digital.

Notebook to POS.

Evolve with StoreHub.

Simple, Effective POS.

Digital Made Easy.",-,-,MY_CBC_VP - 1  Coffeeboy Club vp1
,"[Coffeeboy Club VP2]
Caption 1
The docket should do the talking. 🗣️
Miscommunication can kill a great customer experience. Our merchant at Coffeeboy Club found that StoreHub’s intuitive interface and smart features do just that, streamlining the entire process from order to food out.

✅ An intuitive, straightforward system

📲 Easy for staff to learn

☕ Features that are a perfect fit for cafes

Get a POS that speaks for itself. Book a free demo today.

Caption 2
Order to food out, without a single word.
In a busy cafe, every second counts. StoreHub's system is so easy and intuitive that it eliminates confusion and miscommunication. New staff can pick it up instantly, making your business run faster and more smoothly than ever.

✨ Intuitive interface for quick learning

🚀 Streamline your entire workflow

💡 Smart features that save time

Simplify your operations with a system that works for you. Book your free demo now!

Caption 3
A simple system is your best strategy.
Some businesses need a complicated system, but most need a simple, effective solution that just works. Our merchant chose StoreHub because its user-friendly interface is easy to teach, enabling his team to focus on serving customers, not figuring out a complicated POS.

👨‍🏫 Very easy to teach new hires

📊 Designed to suit multiple industries

📈 Built for fast, effective service

Your perfect workflow is just a click away. Discover StoreHub today.

Short Headlines
The Docket Does the Talking.

Intuitive POS.

Simple is Smart.

Built for Speed.

The Workflow is the Boss.",-,-,MY_CBC_VP-2 Coffeeboy Club vp2
,"[Coffeboy Club VP3]
Caption 1
Predictability in a world of variables. 🔮
Opening a second location is a huge challenge. Our merchant at Coffeeboy Club needed a system that could adapt to two different shop layouts and help restructure his operations. He found StoreHub's customizable features helped remove the variables he had to deal with every day.

⚙️ Adaptable to different shop layouts

📄 Customizable docket printing

🔎 Smart product search function

Get a POS that adapts to your business. Book a free demo today.

Caption 2
Your POS should work for your business, not the other way around.
Every shop is unique, and your POS should be too. Our merchant was able to tailor his StoreHub system to fit two different store layouts, down to the details of how dockets printed and how food was communicated. This level of customization is what makes a POS a true partner.

✅ Custom workflows for your operations

🧠 A predictable system you can count on

👍 Simple features that make a big difference

Discover the power of a POS that fits your needs. Book your free demo now!

Caption 3
A partner in your growth, from one store to two. 🤝
For the Coffeeboy Club, it wasn't just about finding a system; it was about finding a partner. StoreHub's service and commitment were so good they had ""no reason to look for any others."" When you choose StoreHub, you get a reliable system and a team dedicated to your success.

🤝 Dedicated customer service and support

🔒 A reliable system for multi-store operations

✨ No reason to ever switch again

Ready for a POS you can count on? Learn more today.

Short Headlines
Predictability is Power.

POS That Adapts.

Designed for Multi-Store.

The Right Partner.

Less Variables, More Growth.",-,-,MY_CBC_VP-3 - coffeboy club vp3
,"[Coffeeboy Club VP4]
Caption 1
Focus on hospitality, not your POS. 🤝
The difference between a good and a great business is hospitality. Our merchant at Coffeeboy Club believes a smooth-working POS allows his team to focus on what matters most: remembering names and orders to build genuine relationships with customers.

✨ A seamless system for smooth service

☕ Empower your team to focus on customers

🤝 Build real connections with every order

Free your team to be their best. Book a free demo today.

Caption 2
The POS that goes beyond sales. 🚀
Some POS systems only handle transactions. StoreHub is different. Its smooth, day-in, day-out performance makes it more friendly and usable, allowing you to focus on engaging with customers. The result? A level of hospitality that drives loyalty.

✅ An effective and reliable system

🌟 Better customer engagement

💡 More time for meaningful interactions

Get a POS that works for you. Discover the difference with StoreHub.

Caption 3
Service is what you do. Hospitality is who you are.
A reliable POS system is the foundation of great service. By having a system that works flawlessly, our merchant can reduce variables and give his team the freedom to focus on the human side of the business. That's true hospitality, and it's what builds a community.

🧑‍💻 A system designed for people

🧠 Make your business more usable and relevant

📈 Build customer loyalty that lasts

Build your business with a POS that understands people. Book your free demo now!

Short Headlines
Hospitality-First POS.

Service vs. Hospitality.

Beyond Sales.

Your Partner in Engagement.

Focus on People.",-,-,MY_CBC_VP-4 - coffeboy club vp4
,"[Coffeeboy Club VP5]
Caption 1
Stop guessing what your customers want. The data will tell you. 📊
Knowing what sells and what doesn't is key to running a successful business. Our merchant at Coffeeboy Club uses StoreHub's data to track trends, giving him the upper hand to make informed decisions and drive sales.

📈 Actionable insights on what's selling

💡 Identify product trends

💰 Turn data into increased sales

Take the guesswork out of your business. Book a free demo today.

Caption 2
The key to a winning marketing strategy is data. 🚀
A great marketing push starts with great information. The team at Coffeeboy Club used StoreHub to identify a slow-moving product, which led them to start a new social media campaign. The result? A measurable increase in sales.

🔎 Uncover your best marketing opportunities

🎯 Plan promotions that get real results

📊 See the direct impact of your efforts

Let your data guide your growth. Discover the difference with StoreHub.

Caption 3
Every sale is a conversation. Are you listening? 👂
Your sales data isn't just numbers—it's telling you a story about what your customers want. StoreHub helps you listen to that story, so you can make smarter decisions about your products, your promotions, and your business's future.

📈 Understand your product's performance

📉 Spot slow-moving items

✅ Make confident business decisions

Ready to listen to your data? Book your free demo now!

Short Headlines
Your Data, Your Power.

Know What Sells.

Data-Driven Growth.

Actionable Insights.

Smart POS, Smart Business.",-,-,MY_CBC_VP-5- coffeboy club vp5
,"[That Last Slice VP1]
Caption 1
Paper to POS. From messy orders to a seamless workflow. ✨
Our merchant at That Last Slice Cakes & Pastries struggled with manual orders that were often lost or unorganized. They needed a better way to manage their business, from a customer order to the production team. StoreHub provided the all-in-one solution.

📝 Ditch the paper, eliminate lost orders

☁️ Cloud-based and always in sync

✅ A seamless workflow from front to back

Ready to simplify your operations? Book a free demo today.

Caption 2
Stop losing orders. Start growing your business. 🚀
Lost orders, missed timings, and miscommunication can harm a business. Our merchant needed a system that would sync her front counter with her production team. StoreHub's all-in-one, cloud-based platform made the process seamless and reliable.

🔄 Syncs data across your entire team

📈 Avoid future inconveniences with an updated system

💻 Access your data anytime, anywhere

Get a POS that's built for your business. Discover the difference with StoreHub.

Caption 3
An all-in-one solution that helps you stay organized. 💯
Our merchant used to rely on a messy, manual system that made it impossible to stay on top of her orders. With StoreHub, she found a solution that keeps all her data in sync, providing a reliable and organized way to manage her business.

🧑‍💻 Cloud-based and always backed up

📊 All your data in one place

💡 A POS that you can always refer back to

Get a POS that grows with you. Book your free demo now!

Short Headlines
All-in-One POS.

Organized and in Sync.

From Paper to POS.

Your Data, Your Control.

Stay Updated.",-,-,MY_That Last Slice_ VP1_250922_
,"[That Last Slice VP2]
Caption 1
Say goodbye to the chaos of peak hours. 🚀
When a rush of customers hits, it can be a challenge to keep things organized. Our merchant at That Last Slice found that StoreHub's QR ordering eased their operations, allowing their team to focus on making food instead of taking orders at the cashier.

✅ Cut customer wait times by up to 50%

🎯 Eliminate missed or mixed-up orders

✨ Free up your team during rush hour

Ready to handle any rush? Book a free demo today.

Caption 2
Your team shouldn't be tied to the cashier.
With StoreHub's QR ordering, customers can order right from their table, and the order pops up as an organized docket in your system. This makes operations seamless and cuts out the need for a physical cashier, allowing your team to move around and be more efficient.

📱 Orders sent directly from the table

📈 A streamlined, organised system

☕ Focus on what matters most

Simplify your operations. Discover the difference with StoreHub.

Caption 3
The smart way to show you're relevant. 💯
In today’s world, convenience is everything. Offering QR ordering not only eases your operations but also shows your customers that your business is updated and relevant. It provides a seamless, convenient experience that they'll love.

🌟 Offer a modern, convenient experience

📈 Build a reputation as an updated brand

👍 Seamless ordering for customer satisfaction

Get the convenience your customers expect. Book your free demo now!

Short Headlines
QR Ordering, Made Easy.

The End of Waiting.

Modernize Your Ordering.

Relevant & Convenient.

Smart Operations.",-,-,MY_That Last Slice_ VP2_250924_QR Order & Pay
,"[That Last Slice VP3]
Caption 1
Why does StoreHub work for you and your customers? ❤️ Our merchant at That Last Slice found that the Cashback system is not just great for rewarding loyal customers, but it's also useful for new customers to keep coming back! It's an immediate incentive that drives repeat business.

💰 Cashback that drives immediate repeat sales.

✨ Rewards both loyal and new customers.

🚀 Fast redemption customers find convenient.

Turn every sale into a reason to return. Book a free demo today!

Caption 2
Loyalty is immediate. Fast cashback redemption. ⚡ The power of StoreHub's Cashback system is in its simplicity and speed. Customers at That Last Slice find it very convenient because they can use their cashback immediately whenever they purchase. It’s a seamless incentive that builds real loyalty.

👍 Seamlessly reward customers with every purchase.

✅ Convenient and immediate redemption process.

📈 Build lasting loyalty without complex punch cards.

Ready to build a loyal customer base? Discover the StoreHub difference.

Caption 3
One System. Complete Operations. StoreHub. 💯 Cashback is just the start! Our merchant loves that StoreHub is an all-in-one system for her entire business. From Staff Management and Delivery Ordering (Beep Food) to even buying Supplies at factory prices (Deals Club)—it's all fast, simple, and done in one system.

⚙️ Staff Management (Time sheet, clock in/out)

🍕 Delivery & Ordering (Beep Food)

📦 F&B Supplies (Deals Club added bonus)

Your business. One system. Book your free consultation today!

Short Headlines
Cashback That Works.

Immediate Loyalty.

All-in-One Operations.

Fast and Convenient.

Loyalty Built-in.",-,-,MY_That Last Slice_ VP3_250926_Cashback + Features 
,"[That Last Slice VP4]
Caption 1
What if your menu could change as fast as your ideas? 💡 Stop wasting time and money printing physical menus every time you change a price or add a seasonal item. Our merchant at That Last Slice found that StoreHub allows her to update the menu instantly, keeping it seamlessly in sync from the online store to the kitchen.

🚀 Update your menu instantly across all platforms.

❌ Eliminate manual printing and outdated menus.

✅ Seamlessly sync your menu from online to POS.

Match your menu speed to your creative ideas. Book a free consultation today!

Caption 2
Seamless menu management is a game-changer. 💯 Before StoreHub, our merchant had different versions of her physical menu and had to manually update her online channels. Now, the system is user-friendly, seamless, and fast. Adding a new product—name, price, and all—is done instantly.

👍 User-friendly interface for fast, seamless updates.

⏱️ Instant updates for both new and existing staff.

✨ Easy to navigate and maintain for any team member.

Get a system that keeps up with your business. Discover the StoreHub difference.

Caption 3
Menu availability in a minute. ⏱️ When a customer wants something now, your staff needs an immediate answer on availability. With StoreHub's Beep Menu and powerful interface, staff can check if an item is available in a minute, directly from the system, thanks to real-time inventory synchronization.

🔎 Check item availability in a minute on the POS.

🛒 Refer customers to the online (Beep) menu instantly.

✅ Real-time inventory keeps the menu accurate.

Menu management made seamless with StoreHub. Book your free consultation today!

Short Headlines
Menu Updates in a Minute.

Seamless Menu Management.

Your Menu, Always in Sync.

Fast Menu, Fast Service.

Easy Menu, No Printing.",-,-,MY_That Last Slice_ VP4_251002_Online Menu 
,"[That Last Slice VP5]
Caption 1
See what's selling and what's not with StoreHub. 📈 Don't guess what your customers love. Our merchant at That Last Slice relies on StoreHub's sales reports at the end of every month to see what performs and what underperforms. This data lets her make smart decisions to keep her menu fresh and profitable.

📊 Data-driven decisions on product performance.

🔎 See what sells and what to discontinue.

💡 Real-time reports available on the app.

Stop guessing, start knowing. Book a free consultation today!

Caption 2
Launch a product and know instantly if it's a hit. 🚀 Our merchant had a special series of products for a Ramadan promotion, including a new Pistachio Tres Leches. The sales reports showed it did so well that they immediately made it a permanent menu item. That's the power of data.

✨ Instantly measure the success of new products.

📈 Turn seasonal hits into permanent profit drivers.

💰 Use data to guide your menu strategy.

Smarter sales. Stronger growth with StoreHub. Book your free consultation today!

Caption 3
Data for your day-to-day, and your future. 🔮 Whether it's managing permanent items or deciding on the next seasonal promotion, StoreHub's sales reports are essential. Our merchant uses the data to determine if slow-moving items (like certain drinks or sandwiches) should be discontinued or given seasonal promotions.

✅ Use sales reports to validate menu changes.

📉 Make informed decisions on discontinuing products.

🎯 Plan effective seasonal promotions based on trends.

Your business needs reliable data. Discover the StoreHub difference.

Short Headlines
Data-Driven Sales.

See What Sells.

Reports for Real Growth.

Smarter Sales, Stronger Growth.

Performance Insights Now.",-,-,MY_That Last Slice_ VP5_251023_Reporting & Analytics 
,"Back Alley Pasta VP1
Caption 1
Don't let manual entry stand in the way of your growth. 🙅‍♀️
Before StoreHub, our merchant at Back Alley Pasta was stuck with a system that required manual data entry into Excel. It was a limitation that led to human errors and held back their dreams of opening multiple outlets. They needed a better solution.

❌ Eliminate manual data entry & human error

☁️ Cloud-based for remote management

🚀 Built to enable multi-outlet expansion

Ready to grow? Book a free demo today.

Caption 2
Your business deserves a POS that grows with you. 📈
The team at Back Alley Pasta chose StoreHub because it was the only system that could enable their vision of expanding to multiple outlets. The user-friendly interface and comprehensive features made the decision easy. They weren't just looking for a POS; they were looking for a partner in their growth.

✅ An all-in-one system for all your needs

👨‍👩‍👧‍👦 User-friendly UI/UX anyone can use

💡 The reliable solution for long-term growth

Get a POS that's built for your success. Discover StoreHub.

Caption 3
The all-in-one POS every F&B owner needs.
Our merchant from Back Alley Pasta knew that a reliable, all-in-one system was essential. While they wanted to save on costs, they prioritised a system that had every function they needed. StoreHub’s cloud-based platform met every requirement and made their decision seamless.

🤝 A reliable system you can count on

💰 All the functions you need at a fair price

✨ A seamless solution for your business

Get the best of both worlds. Book your free demo now!

Short Headlines
Built for Growth.

Multi-Outlet Ready.

The All-in-One POS.

Reliability is Key.

Your Partner in Expansion.",-,-,Back Alley Pasta_ All-in-One [VP1]
,"[Back Alley Pasta VP2]
Caption 1
Don't just be ready. Be relaxed. 😌
Malaysia’s e-invoicing requirements are a major source of stress for many businesses. Our merchant at Back Alley Pasta was ready in just three days, finding the process ""very easy, very seamless"" with StoreHub. With the right platform, you don't have to worry.

✅ E-invoice ready and compliant

🚀 Quick and seamless implementation

👍 Get peace of mind

Take the stress out of e-invoicing. Book a free demo today.

Caption 2
The easy way to become e-invoice ready.
Navigating e-invoicing requirements can feel overwhelming, but it doesn't have to. The team at Back Alley Pasta was ""blessed to have StoreHub,"" which made them compliant in just three days. When your POS has the right features, the transition is effortless.

⏱️ Go from learning to action in just 3 days

📈 Avoid costly business disruptions

🔒 Be confident you're compliant

Get e-invoicing ready without the hassle. Discover the difference with StoreHub.

Caption 3
While others worry, you can relax.
Some businesses are going out of business because of e-invoicing. For Back Alley Pasta, it was a breeze. As soon as they found out StoreHub was e-invoice ready, they were ""literally like relax."" Your POS should take away your worries, not add to them.

💪 Take control of your compliance

✅ Avoid the common pitfalls of implementation

✨ A seamless solution that just works

Your peace of mind is just a click away. Book your free demo now!

Short Headlines
E-invoice Ready.

Relax, We Got This.

Easy E-invoicing.

Worry-Free Compliance.

The Right E-invoice Partner.",-,-,Merchant Case Study - Back Alley Pasta VP2
,"[Khatulistiwa VP1]
Caption 1
Why is QR Order & Pay much better than your printed menu? 📈 For high-end dining like Khatulistiwa, efficiency and accuracy are everything. Our merchant, Sam Lim, found that QR ordering minimizes manpower needs and mistakes. Customers order themselves, ensuring accuracy and freeing up your staff to focus on hospitality.

👥 Minimize manpower needs and costs.

🎯 Minimize errors—customers order themselves.

🌟 Staff focus on service, not order taking.

Skip the hassle. Fast-track your service with StoreHub. Book your free consultation today!

Caption 2
Stop making your customers wait for service. ⏱️ When your restaurant is full, customers ""cannot afford to just wait for the waiter to come."" Our merchant found that young people ""would rather do it through the QR."" Give your customers the convenience they demand—a fast, seamless way to place their order and pay right from their table.

⚡ Faster ordering process during rush hour.

📱 Modern experience for young, tech-savvy customers.

✅ Immediate ordering with no waiting for a waiter.

Meet customer expectations with the latest technology. Discover the StoreHub difference.

Caption 3
End the limitations of the printed menu. 🚫 Traditional menus lead to limitations: costly reprinting for typos, delayed introduction of new items, and manual price changes. With StoreHub's QR menu, you can change the price and introduce new items anytime you want, in just a few seconds.

🔄 Update menu and pricing instantly, at no cost.

❌ Eliminate costly printing and the pain of typos.

🚀 Introduce new items immediately to maximize trends.

Don't let your menu hold you back. Book your free consultation today!

Short Headlines
QR Ordering: More Profit, Less Manpower.

The End of Printed Menus.

QR Order & Pay Solves Mistakes.

Maximize Sales in a Full House.

Instant Menu Updates.",-,-,MY_VP_1_KH_Order&Pay_20251028 Khatulistiwa
,"[Khatulistiwa VP2]
Caption 1
Stop the kitchen chaos. Get a KDS. 🙅‍♀️
A busy kitchen is a breeding ground for mistakes—lost dockets, duplicate orders, and unhappy customers. Our merchant at Khatulistiwa experienced this mess firsthand until he embraced a Kitchen Display System (KDS). Now, his kitchen is organised, and every order is on track.

❌ Eliminate lost orders and duplicates

✅ Ensure everything is in order

🚀 Minimise errors and customer complaints

Ready to simplify your kitchen? Book a free demo today.

Caption 2
The future of your kitchen isn't on paper. 💡
Why go back to the ""stone age era"" when technology is there to help? A KDS brings your kitchen into the modern age, replacing messy paper dockets with a streamlined, digital system. Our merchant found that this change drastically improved efficiency and minimized unnecessary mistakes.

✨ Replace paper dockets with a digital display

👍 Gain full visibility of every order

📈 Stay ahead of your competitors

It's time to upgrade your kitchen. Discover the difference with StoreHub.

Caption 3
Predictability in a high-pressure kitchen.
In a busy F&B environment, a little predictability goes a long way. Our merchant found that by having a KDS, his team could count on the system to keep orders organized and visible. This reduced stress, improved communication, and ensured a smoother operation.

🧑‍🍳 A system designed for busy teams

🎯 No more miscommunication or lost orders

🚀 A faster, more effective workflow

Transform your kitchen. Book your free demo now!

Short Headlines
Kitchen, Solved.

Paperless Kitchen.

Goodbye, Lost Orders.

KDS for F&B.

Modernise Your Kitchen.",-,-,"KDS MERCHANT CASE STUDY- VP2, Khatulistiwa"
,"[Khatulistiwa VP3]
Caption 1
Stop doing things blindly. Start making smarter business decisions with data. StoreHub's reports are crucial because they help you see what are your best sellers and what items aren't moving. You can then confidently discontinue items that take up storage and don't sell.

📊 StoreHub's reports are very helpful.

🔎 See your best sellers and items that aren't moving.

🗑️ Discontinue slow-moving items that take up storage.

Turning insights into best-sellers. Book your free consultation today!

Caption 2
All these statistics are crucial. A POS system like StoreHub is very important because ""it won't lie"". All these reports help the business owner to understand their business and make sure they sell what sells.

💡 POS reports help you with decision-making.

💯 Understand your business and your customers' behavior.

🚫 You cannot just do things blindly.

Your business needs reliable data. Discover the StoreHub difference.

Caption 3
Get the ""bigger picture"" of your entire business. The reports from StoreHub allow you to understand how customers think, which is very important for making decisions. Use the data to confirm if an item should be kept in the fridge or discontinued.

🧠 Understand your customers' behaviour and how they think.

📈 Achieve the ""bigger picture"" of your entire business.

😌 Have confidence in your inventory and menu decisions.

Smarter sales. Stronger growth with StoreHub. Book your free consultation today!

Short Headlines
Data That Won't Lie.

Reports for Decision-Making.

See Your Best Sellers Now.

Turning Insights into Sales.

Get The Bigger Picture.",-,-,MY_VP_2_KH_Reporting&Analytics_20251030 Khatulistiwa VP3
,"[The Narra VP1]
Caption 1
Start smart. Start with a partner that grows with you. 🌱 Our merchant, Sam Lim, chose StoreHub 10 years ago because he wanted to move past traditional POS systems. He and his business, The Narra, have ""grown up together"" with StoreHub, proving we're more than just a vendor—we're a long-term partner dedicated to your growth.

🤝 Long-term partnership built for stability.

❌ Avoid the limitations of traditional POS systems.

🚀 A partner committed to growing with your business.

Ready for a POS partner that lasts? Book your free consultation today!

Caption 2
Your business data is the key to every decision. 🔑 What keeps a business owner using the same POS for a decade? Access to powerful data. Sam highlights that the StoreHub BackOffice is ""very essential for you to make any decisions."" You can clearly see your entire business and know exactly what is going on, anytime.

📊 Clear, comprehensive BackOffice reports.

💡 Essential data for smart decision-making.

🔎 See your entire business clearly, from anywhere.

Take control with data. Discover the StoreHub difference.

Caption 3
A POS that gets better because you ask it to. 💯 StoreHub is one of the few POS systems that uses an app, giving you the flexibility to run your business from an iPad. But what truly keeps our merchants is our commitment to listening. We welcome feedback so we can continue to improve the product for your success.

📲 Flexible app-based system (iPad ready).

💬 Your feedback matters: we use it to improve.

🤝 Be part of a community that helps shape the product.

Start smart. Start with StoreHub. Book your free consultation today!

Short Headlines
10-Year Partnership.

Grow Up with StoreHub.

BackOffice for Decisions.

Feedback-Driven Growth.

Start Smart. Start Now.",-,-,MY_VP_1_TN_LWS_20251030
,"[The Narra VP2]
Caption 1
Stop doing business by feeling—run it with data. 🧠 If you don't have the Manager App, you are ""doing business by feeling"". StoreHub provides the crucial statistics and real-time visibility you need to make smart decisions, whether you're at the counter or monitoring remotely.

🚫 Stop guessing: Avoid ""doing business by feeling"".

🔎 Remote Control: Monitor your business and know what is going on from anywhere.

✅ Crucial Statistics: POS reports are very helpful for making business decisions.

Take control of your growth with data. Book a free consultation today!

Caption 2
Turn insights into best-sellers and prevent loss. 💰 Use your reports to see your best sellers and discontinue slow-moving items that are taking up storage. Simultaneously, the Manager App allows you to monitor staff accountability, tracking things like cancelled transactions and huge discounts to stop hanky-panky.

📈 Maximize Menu: See what sells and discontinue items that aren't moving.

🔒 Prevent Loss: Monitor cancelled transactions and huge discounts given by staff.

🧠 Understand Customers: Reports help you understand customer behavior and how they think.

Smarter sales. Stronger profits. Discover the StoreHub difference.

Caption 3
Get the ""bigger picture"" of your entire business. 🖼️ StoreHub's system is important because ""it won't lie""—giving you the full, reliable picture you need to succeed. All these tools let the business owner understand their operations and achieve total confidence in their decisions.

💯 Data That Won't Lie: Trust the reports to give you the truth.

👁️ Bigger Picture: Achieve a comprehensive view of your entire business.

⭐ Total Confidence: Make menu and inventory decisions with assurance.

Manage anyone, anything, anywhere with StoreHub. Book your free consultation now!

Short Headlines
Control & Data That Won't Lie.

Reports for Decision-Making.

Stop Doing Business by Feeling.

Remote Control, Real-Time Profit.

Get The Bigger Picture.",-,-,The Narra VP2 MY_VP_2_TN_Manager App_20251112
,"[The Narra VP3]
Caption 1 High commission rates taking a bite out of your profits? 🍕 Sam Lim, Director of The Narra, switched to Beep because other major delivery platforms simply weren't practical for F&B margins.

📉 Lower Commissions: Keep more of what you earn with a platform designed for merchant sustainability.

🚪 New Opportunities: Open a new ""door of opportunity"" to increase your sales revenue beyond dine-in.

🤝 Seamless Support: Resolve issues quickly with a dedicated team that is just a call away.

🎁 Unbeatable Value: Secure your future and get 24 months + 12 months FREE on our multi-year plans.

Ready to take back your margins? Start using the Beep App today!

Caption 2 ""I have no choice"" was the reality during MCO, but Beep became the lifeline that stuck. For over 5 years, The Narra has used StoreHub's Beep delivery platform to reach customers even when they can't come to the outlet.

🚀 Fast Setup: Get your delivery and takeaway service running quickly to capture more orders.

📈 Increased Revenue: Diversify your income streams and watch your sales grow.

🗓️ Long-Term Growth: Lock in 36 months of professional POS power and get 24 months FREE.

Join the pilot merchants who are winning with Beep. Book your demo now!

Caption 3 Why settle for less when you can have a delivery partner that understands your business? 🍜 The Narra trusts the Beep App to handle orders and manage deliveries seamlessly.

📱 User-Friendly: An easy-to-use platform for both you and your customers.

✅ Integrated Ecosystem: Works perfectly with your StoreHub POS for unified reporting and analytics.

💎 Best Deal: Get 12 months + 2 months FREE and start scaling your F&B brand today.

Maximize your reach without the high costs. Explore Beep today!

Short Headlines
Practical Delivery for Real F&B Profits

Get Up to 24 Months FREE!

The Narra’s Secret to Delivery Success

Lower Commissions, Higher Revenue

Fast Setup, Faster Sales with Beep",-,-,The Narra VP3 MY_VP_3_TN_BEEP_20251111
,-,-,"(Know your business anywhere you are)

Caption 1: 
Asyik kena masuk kedai setiap hari? Dengar apa owner kedai retail ni cakap. Dulu penat & leceh, sekarang dengan sistem POS StoreHub, bisnes sentiasa dalam poket! 

Walaupun takde kat kedai, sales harian, stok, kehadiran staf, semua boleh cek dari phone je 🤳. 

Dapatkan DEMO percuma sekarang!✨

Caption 2: 
Nak tahu sales mingguan? Stok tinggal berapa? Staf masuk kerja tak?
Dengan StoreHub, semua info ni dekat hujung jari je sebab:

📊 Laporan jualan real-time – cek report sales dari fon je
📦 Pantau stok dengan mudah – elak barang habis atau terlebih order
👥 Tiada punch-card lagi, guna ""Face-Capture"" untuk rekod kehadiran staf

💡 Nak tengok sendiri betapa power sistem ni? Jom book demo percuma sekarang!

Caption 3:
📣 Owner-owner kedai retail! Tengok macam mana owner ni dari rasa leceh terus jadi happy.
Rahsianya? Sistem POS StoreHub yang powerful & mudah diguna. Dengan StoreHub, semua info ni dekat hujung jari:

📊 Laporan jualan real-time – cek report sales dari fon je
📦 Pantau stok dengan mudah – elak barang habis atau terlebih order
👥 Tiada punch-card lagi, guna ""Face-Capture"" untuk rekod kehadiran staf

Daftar untuk DEMO PERCUMA sekarang!

Headlines: 
1️⃣ Urus kedai dari mana-mana, bila-bila masa!
2️⃣ Cek jualan & stok tanpa perlu ke kedai!
3️⃣ Bisnes sentiasa dalam kawalan, walau di mana korang berada!
4️⃣ Pengurusan retail jadi lebih mudah!
",Arissa - VP1 [Dotlines]
,-,-,"(From manual to automatic)

Caption 1: 
Risau rekod sales & stok lari bila kira manual? Asyik kena double check buku 555? 😩

Tak payah risau dah, Automasi kiraan sales & inventori dengan sistem POS StoreHub. Macam owner kedai retail ni cakap ""Report dalam sistem memang tepat dan betul, tak perlu nak check one-by-one"".

Dapatkan DEMO percuma sekarang!✨

Caption 2: 
""Dulu guna pen & kertas ✍️. Sekarang, masa dah jimat bila ada POS sistem macam StoreHub."" 
- Owner kedai retail. 

Tiada lagi kesilapan kiraan sales dan stok secara manual. Dapatkan laporan yang tepat bila-bila masa dengan sistem POS StoreHub dan banyak lagi:

✅ Urus stok semua cawangan secara real-time
✅ QR payment yang smooth & senang untuk pelanggan
✅ Pantau jualan & data pelanggan tanpa pening

💡 Nak tengok sendiri betapa power sistem ni? Jom book demo percuma sekarang!

Caption 3:
📣 Owner-owner kedai retail! Automasi kiraan sales & stok korang dengan POS StoreHub. Macam owner dalam video ni, lepas semua settle automatik, tiada lagi membazir masa buat kerja manual!

POS StoreHub: 
📊 Laporan jualan real-time – cek report sales dari fon je
📦 Pantau stok dengan mudah – elak barang habis atau terlebih order
👥 Tiada punch-card lagi, guna ""Face-Capture"" untuk rekod kehadiran staf

Daftar untuk DEMO PERCUMA sekarang!

Headlines: 
1️⃣ Tiada Lagi Salah Order Stok dengan StoreHub!
2️⃣ Tak Payah Guna Kertas Dah! Semuanya dalam Sistem!
3️⃣ StoreHub POS, Automasikan Bisness!
4️⃣ Mudahnya nak urus bisness dengan StoreHub. 
",Arissa - VP2 [Dotlines]
,-,-,"(StoreHub + SOHOJ solid support team)

Caption 1: 
Sistem POS problem lepas sebulan guna? Support team senyap? 😱

Dengan POS StoreHub, confirm takkan macam ni. Ada masalah, call je direct helpline, dalam 30 minit, team kami bantu settle. Bisnes jalan terus, takde sangkut.

Pilih partner yang sentiasa ada. Pilih StoreHub. Dapatkan DEMO percuma sekarang!✨

Caption 2: 
Owner kedai mesti tahu perasaan bila ada masalah dengan POS sistem dan tiada support dari POS sistem yang membantu. 

Jangan biarkan ini terjadi pada bisnes anda. Dengan StoreHub, kami faham setiap minit itu berharga. Sebab itu kami sediakan:
✅ Helpline Terus: Bantuan sepantas kilat, masalah selesai bawah 30 minit.
✅ Sokongan Waktu Puncak: Team kami sentiasa standby, walaupun waktu paling sibuk.
✅ Sokongan Khas: Team StoreHub dan SOHOJ berikan bantuan khas iktu keperluan korang. 

Dengan StoreHub, bisnes jalan lancar. Dapatkan demo percuma sekarang!

Caption 3:
Waktu puncak, customer ramai, tapi sistem POS tiba-tiba hang. Paling parah, bila call support, senyap sunyi. 😱

Dengan StoreHub dan SOHOJ, team support kami sentiasa standby.

🚀 Support 24/7: Call atau whatsapp je, bawah 30 minit settle!
📈 Anti-Lag Waktu Puncak: Bisnes laju, takde sangkut-sangkut.
🤝 Team Sentiasa Standby
😎 Fokus Bisnes, Hati Tenang

Pilih partner yang boleh diharap. Pilih StoreHub!
Dapatkan DEMO PERCUMA sekarang!

Headlines: 
1️⃣ Sistem POS 'Problem' Waktu Puncak? 
2️⃣ Susah Nak Contact Support POS Korang?
3️⃣ Support Team POS StoreHub 24/7
4️⃣ Sistem POS Dengan Support Terbaik
",Arissa - VP3 [Dotlines]
,-,-,"(From manual to automatic)

Caption 1: 
Risau rekod sales & stok lari bila kira manual? Asyik kena double check buku 555? 😩

Tak payah risau dah, Automasi kiraan sales & inventori dengan sistem POS StoreHub. Macam owner kedai retail ni cakap ""Report dalam sistem memang tepat dan betul, tak perlu nak check one-by-one"".

Dapatkan DEMO percuma sekarang!✨

Caption 2: 
""Dulu guna pen & kertas ✍️. Sekarang, masa dah jimat bila ada POS sistem macam StoreHub."" 
- Owner kedai retail. 

Tiada lagi kesilapan kiraan sales dan stok secara manual. Dapatkan laporan yang tepat bila-bila masa dengan sistem POS StoreHub dan banyak lagi:

✅ Urus stok semua cawangan secara real-time
✅ QR payment yang smooth & senang untuk pelanggan
✅ Pantau jualan & data pelanggan tanpa pening

💡 Nak tengok sendiri betapa power sistem ni? Jom book demo percuma sekarang!

Caption 3:
📣 Owner-owner kedai retail! Automasi kiraan sales & stok korang dengan POS StoreHub. Macam owner dalam video ni, lepas semua settle automatik, tiada lagi membazir masa buat kerja manual!

POS StoreHub: 
📊 Laporan jualan real-time – cek report sales dari fon je
📦 Pantau stok dengan mudah – elak barang habis atau terlebih order
👥 Tiada punch-card lagi, guna ""Face-Capture"" untuk rekod kehadiran staf

Daftar untuk DEMO PERCUMA sekarang!

Headlines: 
1️⃣ Tiada Lagi Salah Order Stok dengan StoreHub!
2️⃣ Tak Payah Guna Kertas Dah! Semuanya dalam Sistem!
3️⃣ StoreHub POS, Automasikan Bisness!
4️⃣ Mudahnya nak urus bisness dengan StoreHub. 
",PG&H - VP1 [Dotlines]
,-,-,"(From manual to automatic)

Caption 1: 
Masih rekod sales & stok cara manual? Asyik kena double check buku 555? 😩

Tak payah risau dah, Automasi kiraan sales & inventori dengan sistem POS StoreHub. Macam owner kedai retail ni cakap ""Dengan StoreHub, saya jimat dekat 10 jam seminggu untuk report sales dan stok"".

Dapatkan DEMO percuma sekarang!✨

Caption 2: 
""Dulu guna pen & kertas ✍️. Sekarang, masa dah jimat bila ada POS sistem macam StoreHub."" 
- Owner kedai retail. 

Tiada lagi kesilapan kiraan sales dan stok secara manual. Dapatkan laporan yang tepat bila-bila masa dengan sistem POS StoreHub dan banyak lagi:

✅ Urus stok semua cawangan secara real-time
✅ QR payment yang smooth & senang untuk pelanggan
✅ Pantau jualan & data pelanggan tanpa pening

💡 Nak tengok sendiri betapa power sistem ni? Jom book demo percuma sekarang!

Caption 3:
📣 Owner-owner kedai retail! Automasi kiraan sales & stok korang dengan POS StoreHub. Macam owner dalam video ni, lepas semua settle automatik, tiada lagi membazir masa buat kerja manual!

POS StoreHub: 
📊 Laporan jualan real-time – cek report sales dari fon je
📦 Pantau stok dengan mudah – elak barang habis atau terlebih order
👥 Tiada punch-card lagi, guna ""Face-Capture"" untuk rekod kehadiran staf

Daftar untuk DEMO PERCUMA sekarang!

Headlines: 
1️⃣ Tiada Lagi Salah Order Stok dengan StoreHub!
2️⃣ Tak Payah Guna Kertas Dah! Semuanya dalam Sistem!
3️⃣ StoreHub POS, Automasikan Bisness!
4️⃣ Mudahnya nak urus bisness dengan StoreHub. 
",PG&H - VP2 [Dotlines]
,-,-,"(StoreHub + SOHOJ solid support team)

Caption 1: 
Sistem POS problem lepas sebulan guna? Support team senyap? 😱

Dengan POS StoreHub, confirm takkan macam ni. Ada masalah, call je direct helpline, dalam 30 minit, team kami bantu settle. Bisnes jalan terus, takde sangkut.

Pilih partner yang sentiasa ada. Pilih StoreHub. Dapatkan DEMO percuma sekarang!✨

Caption 2: 
Owner kedai mesti tahu perasaan bila ada masalah dengan POS sistem dan tiada support dari POS sistem yang membantu. 

Jangan biarkan ini terjadi pada bisnes anda. Dengan StoreHub, kami faham setiap minit itu berharga. Sebab itu kami sediakan:
✅ Helpline Terus: Bantuan sepantas kilat, masalah selesai bawah 30 minit.
✅ Sokongan Waktu Puncak: Team kami sentiasa standby, walaupun waktu paling sibuk.
✅ Sokongan Khas: Team StoreHub dan SOHOJ berikan bantuan khas iktu keperluan korang. 

Dengan StoreHub, bisnes jalan lancar. Dapatkan demo percuma sekarang!

Caption 3:
Waktu puncak, customer ramai, tapi sistem POS tiba-tiba hang. Paling parah, bila call support, senyap sunyi. 😱

Dengan StoreHub dan SOHOJ, team support kami sentiasa standby.

🚀 Support 24/7: Call atau whatsapp je, bawah 30 minit settle!
📈 Anti-Lag Waktu Puncak: Bisnes laju, takde sangkut-sangkut.
🤝 Team Sentiasa Standby
😎 Fokus Bisnes, Hati Tenang

Pilih partner yang boleh diharap. Pilih StoreHub!
Dapatkan DEMO PERCUMA sekarang!

Headlines: 
1️⃣ Sistem POS 'Problem' Waktu Puncak? 
2️⃣ Susah Nak Contact Support POS Korang?
3️⃣ Support Team POS StoreHub 24/7
4️⃣ Sistem POS Dengan Support Terbaik
",PG&H - VP3 [Dotlines]
,-,-,"(StoreHub + SOHOJ solid support team)

Caption 1: 
Sistem POS problem lepas sebulan guna? Support team senyap? 😱

Dengan POS StoreHub, confirm takkan macam ni. Ada masalah, call je direct helpline, dalam 30 minit, team kami bantu settle. Bisnes jalan terus, takde sangkut.

Pilih partner yang sentiasa ada. Pilih StoreHub. Dapatkan DEMO percuma sekarang!✨

Caption 2: 
Owner kedai mesti tahu perasaan bila ada masalah dengan POS sistem dan tiada support dari POS sistem yang membantu. 

Jangan biarkan ini terjadi pada bisnes anda. Dengan StoreHub, kami faham setiap minit itu berharga. Sebab itu kami sediakan:
✅ Helpline Terus: Bantuan sepantas kilat, masalah selesai bawah 30 minit.
✅ Sokongan Waktu Puncak: Team kami sentiasa standby, walaupun waktu paling sibuk.
✅ Sokongan Khas: Team StoreHub dan SOHOJ berikan bantuan khas iktu keperluan korang. 

Dengan StoreHub, bisnes jalan lancar. Dapatkan demo percuma sekarang!

Caption 3:
Waktu puncak, customer ramai, tapi sistem POS tiba-tiba hang. Paling parah, bila call support, senyap sunyi. 😱

Dengan StoreHub dan SOHOJ, team support kami sentiasa standby.

🚀 Support 24/7: Call atau whatsapp je, bawah 30 minit settle!
📈 Anti-Lag Waktu Puncak: Bisnes laju, takde sangkut-sangkut.
🤝 Team Sentiasa Standby
😎 Fokus Bisnes, Hati Tenang

Pilih partner yang boleh diharap. Pilih StoreHub!
Dapatkan DEMO PERCUMA sekarang!

Headlines: 
1️⃣ Sistem POS 'Problem' Waktu Puncak? 
2️⃣ Susah Nak Contact Support POS Korang?
3️⃣ Support Team POS StoreHub 24/7
4️⃣ Sistem POS Dengan Support Terbaik
",PG&H - VP4 [Dotlines]
,"[Onboarding Kit]
Caption 1
Every detail counts when it comes to running a business.
That’s why every StoreHub POS comes with a starter kit—packed with essentials to keep your operations organized and customer-ready from day one. We believe in setting you up for success, right out of the box.

✨ Cleaning spray & cloth for a pristine look

🚪 Push & Pull door stickers

📋 Leather receipt holder

🟢 Open/Closed sign

Ready to get started? Book a free demo today.

Caption 2
Your daily operations, now upgraded. 🚀
When you start a business, the little things matter. That's why our starter kit goes beyond just the POS. We include all the essentials you need to look professional and stay organized, so you can focus on making your first sales.

📦 Everything you need in one box

⏱️ Get up and running in minutes

👍 Simple, practical tools for daily use

Get the support you need from the very start. Discover StoreHub.

Caption 3
What's inside your StoreHub starter kit?
It's more than just a POS. When you join StoreHub, you get a full starter kit designed to help you hit the ground running. From a ""Ready, Set, Sell!"" mindset to the tools that keep you polished and professional, we've got you covered.

✅ A professional receipt holder

✅ An ""Open"" sign for your door

✅ A cleaning kit to keep your screen spotless

Let us set you up for success. Book your free demo now!

Short Headlines
Ready, Set, SELL!

The StoreHub Starter Kit.

Built to Support You.

Your POS, Upgraded.

Beyond the POS.",-,-,MYSH - StoreHub Onboarding Kit.mov
,"[Binq - Testimonial, After Sales]
Caption 1
Issues happen. Fast support is the solution. 🚀
When a problem arises, especially during a busy shift, you need a partner you can count on. Our merchant at Binq Dessert knows that with StoreHub, help is always just moments away. Our dedicated support team resolves issues quickly, so you can get back to business.

⏱️ Get issues resolved in under 30 minutes

🤝 Reliable support, even during peak hours

💯 A dedicated team ready to help

Get the support you deserve. Book a free demo today.

Caption 2
Your business never stops, and neither do we.
A system problem during a lunch rush can be a nightmare. Our merchant at Binq Dessert found peace of mind with StoreHub's after-sales service. No matter the time, our team is there to ensure your operations run smoothly, so you never miss a sale.

✅ Top-notch support when you need it most

🌟 Keep your operations running smoothly

💬 Experience worry-free management

Ready for support you can count on? Discover the StoreHub difference.

Caption 3
Service that's as fast as your busiest day.
For Binq Dessert, having reliable after-sales service was a game-changer. They found that most issues are resolved in under 30 minutes, even during their busiest hours. This level of quick, responsive support is what makes StoreHub a true partner in your business.

🚀 Quick issue resolution

💬 Accessible and responsive support

👍 Get back to serving customers faster

Invest in a POS with a team that has your back. Book your free demo now!

Short Headlines
30-Minute Support.

Support You Can Count On.

Service That's Always On.

Fast, Reliable Support.

Peace of Mind.",-,-,-
,"[Hanson Dido - Established [Google Review]]
Caption 1
The POS built for growing businesses. 🚀
We believe a great POS should be more than just a checkout. It should be a partner in your growth. That’s why StoreHub is trusted by over 17,000 businesses to manage their daily operations, increase customer loyalty, and serve customers faster.

✅ Easy to use, even for new staff

💡 Feature-rich to help your business grow

🤝 Trusted by 17,000+ businesses

Get the best POS for your growing business. Book a free demo today.

Caption 2
Your daily operations, simplified. ✨
A great system is one you don’t have to think about. As one of our customers said, StoreHub is ""one of the most established, easy to use"" systems out there. We provide all the features you need to manage your business and serve customers faster, so you can focus on what matters most.

💯 An established and reliable system

📈 Built to help you grow

⚡ Serve customers faster

Simplify your operations and grow your business. Discover the difference with StoreHub.

Short Headlines
Trusted by 17,000+ Businesses.

The All-in-One Solution.

Easy, Established, Best.

Grow Your Business with StoreHub.

Best POS for F&B.",-,-,-
,"[Ze Ming Liew - Membership [Google Review]]
Caption 1
Attract and retain customers with every sale. 📈
Building a loyal customer base is key to a thriving business. With StoreHub’s Membership and Cashback features, you can turn every transaction into an opportunity to bring customers back and keep them coming for more.

💰 Offer instant cashback that incentivizes repeat visits.

💌 Build a customer database to send targeted promotions.

❤️ Increase customer loyalty with a seamless membership experience.

Ready to grow your loyal customer base? Book a free demo today.

Caption 2
Turn one-time customers into lifelong regulars. ✨
Your customers want to feel valued. StoreHub’s Membership and Cashback features give you the tools to do just that. By rewarding every purchase, you build a relationship that goes beyond a single sale, ensuring they always choose you.

📈 Return customers spend more. The data is clear!

🎁 Offer exclusive deals to your members.

👍 Make loyalty easy with a seamless sign-up process.

Discover the power of customer loyalty. Learn more about StoreHub.

Caption 3
Loyalty is built, not bought. 🤝
Building a strong, loyal following is the secret to a sustainable business. With StoreHub, you can empower your brand to build that loyalty with smart, effective tools. Our integrated membership and cashback features make it easy to attract new customers and ensure your best customers keep coming back.

🎉 Attract more customers with compelling offers.

✅ Retain your best customers with a rewarding experience.

🌐 Stay connected to your customer community.

Start building loyalty that lasts. Book your free demo now!

Short Headlines
Attract & Retain.

Loyalty, Simplified.

More Than a Transaction.

Build Your Community.

Cashback Done Right.",-,-,-
,"[Afandi Yusoff - Engage [Google Review]]
Caption 1
An excellent system that's easy to use and manage. ✨
We believe a POS system should make your life easier, not more complicated. As one customer shared, StoreHub is an ""excellent system"" that is ""very user friendly and easy to manage."" We put the power of seamless operations in your hands, so you can focus on growing your business.

✅ Very user-friendly and intuitive

💯 Seamless operations from day one

📈 Easy to manage and grow with

Simplify your operations. Book a free demo today.

Caption 2
The POS that improves your operations and customer engagement. ❤️
The right tools can transform your business. Our Engage feature is a powerful tool to not only streamline your operations but also to build stronger relationships with your customers. It's a key feature that helps businesses like yours thrive.

🚀 Improve store operations with smart tools

💡 Boost customer engagement and loyalty

👍 Turn transactions into connections

Build a stronger connection with your customers. Discover the difference with StoreHub.

Caption 3
""Excellent system! Very user friendly and easy to manage.""
We love hearing from our customers. This review highlights what makes StoreHub stand out: a system that is simple to use and powerful enough to improve your operations and customer engagement. Our Engage feature helps you build loyalty, one customer at a time.

✅ User-friendly interface for easy management

📈 The Engage feature streamlines operations

🤝 Built-in tools for customer engagement

Get a system that just works. Book a free demo now!

Short Headlines
Easy to Use, Easy to Manage.

Your All-in-One Solution.

The Engage Advantage.

Built for Your Business.

Simply Excellent.",-,-,-
,"[Sugar & I - Sales Data]
Caption 1
Your sales data, all in one place. 📊
Juggling multiple spreadsheets to track sales can be a mess. Our merchant at Sugar & I found the solution with StoreHub, which centralized their scattered data. Now, they can easily track daily, weekly, and monthly sales with a few taps on their phone.

✅ Centralized sales data for a single source of truth.

📱 Track sales on the app, anytime, anywhere.

📈 Get a clear view of your business performance.

Ready to centralize your data? Book a free demo today.

Caption 2
The insights you need, right in your pocket.
Running a business means you can't always be on-site. StoreHub’s cloud-based system gives you the freedom to manage your operations from anywhere. As our merchant discovered, it’s a game-changer to be able to access daily, weekly, and monthly sales data on the app, whenever and wherever you are.

✨ Data you can access 24/7.

💡 Remote access for total control.

🚀 Make smarter decisions on the go.

Get real-time data to drive your business. Discover the StoreHub difference.

Caption 3
Take control of your business, from your phone. 🤝
Don't let scattered sales data hold your business back. StoreHub provides a seamless way to view all your key metrics in one place. It’s a simple solution that gives you the power to monitor your sales and make informed decisions about your daily operations.

📈 Easily track daily, weekly, and monthly sales.

🧭 A simple, intuitive app.

📊 No more messy spreadsheets.

Get a clear view of your business. Book your free demo now!

Short Headlines
Data, Centralized.

Sales at a Glance.

Run Your Business Remotely.

Insights, On the Go.

No More Scattered Data.",-,-,-
,"[Purrfect POS]
Caption 1
Your POS system should be purrrfect, not painful. 🐾
A complicated checkout process can be a pain for you and your customers. Our system is designed to be simple, fast, and stress-free. With StoreHub, you can transform your operations and make your day-to-day feel as smooth as a cat's purr.

✅ A smooth, seamless checkout process

🚀 Fast, hassle-free transactions

😌 A POS that takes the pain out of your day

Ready for a purrfectly simple POS? Book a free demo today.

Caption 2
Transform your checkout process with a purrfectly simple POS. ✨
You deserve a system that just works. StoreHub is an all-in-one POS designed to take the stress out of your business, so you can focus on your customers. Say goodbye to pain points and hello to effortless operations.

📦 An all-in-one solution

👍 A beautiful, intuitive interface

📈 Built for fast, effective service

Get a POS that's purrfect for your business. Discover StoreHub.

Caption 3
A POS that's a pleasure, not a problem. 😊
From long queues to confused customers, a bad POS can create more problems than it solves. We believe your checkout should be a highlight of the customer experience. StoreHub's system is built to be a pleasure to use, transforming a painful process into a smooth one.

✅ Simple and intuitive to use

⚡ Lightning-fast checkout

👍 Keep your customers smiling

Say goodbye to painful checkout. Book your free demo now!

Short Headlines
Purrfectly Simple.

Your POS, Upgraded.

No More Painful Checkout.

A POS That Just Works.

Transform Your Checkout.",-,-,Purrfect POS System
,"[How Fast Can You]
Caption 1
How fast can you calculate your sales reports? ⏰
If the answer isn't ""30 seconds,"" you're wasting valuable time. A great POS system should give you instant access to the data you need to make smarter business decisions. With StoreHub, your sales reports are just a few clicks away.

⏱️ Get instant sales reports

💡 Make faster, smarter decisions

📊 Access a clear view of your business performance

Stop waiting for your data. Book a free demo today!

Caption 2
Ready for sales reports in under 30 seconds? 🚀
Manual reports and messy spreadsheets are a thing of the past. Your sales data should be easily accessible, giving you the power to track trends and plan for the future. With StoreHub, you can pull a comprehensive sales report in less than half a minute.

✅ Ditch manual reports for good

📈 Get the insights you need, instantly

👍 Simple and intuitive data access

Transform your data management. Discover the difference with StoreHub.

Caption 3
Your data is priceless. Waiting for it shouldn't be. 💰
Why wait for a daily, weekly, or monthly report when you can have real-time data at your fingertips? StoreHub's POS is designed to give you instant access to your sales reports, empowering you to monitor your business performance and react to changes with lightning speed.

⚡ Get real-time sales data

📱 Access reports from anywhere

💯 A powerful tool for business owners

Get the power of instant insights. Book your free demo now!

Short Headlines
Sales Reports in 30 Seconds.

Stop Waiting for Data.

Instant Sales Reports.

Data at Your Fingertips.

Lightning-Fast Reports.",-,-,How fast can you ad
,"[Stop Motion Unboxing]
Caption 1
Your POS system is the heart of your business. ❤️
A great POS system should be as reliable as it is beautiful. Our #1 POS system in Malaysia is designed to be the complete package—stable, reliable, and equipped with all the features you need to succeed, from day one.

✅ Built-in e-invoicing for effortless compliance

📈 Tools to attract and retain customers

📊 Fewer errors with a Kitchen Display System

💰 A stable, reliable, and affordable system

Ready for a POS you can count on? Book a free demo today!

Caption 2
The all-in-one solution for your business, right out of the box. 📦
Getting a new POS should be an exciting moment. With StoreHub, the unboxing is just the beginning. We provide a beautiful, seamless system with all the features every business owner needs to grow, manage, and succeed.

✅ Effortless compliance with built-in e-invoicing

❤️ Build loyalty with powerful customer tools

🚀 Streamline your kitchen and reduce errors

👍 Get a powerful, affordable system

See what makes us Malaysia's #1 POS system. Book your free demo now!

Caption 3
Malaysia's #1 POS System is more than just hardware.
We know you're looking for a POS that delivers. It's why we've packed our system with key features like e-invoicing, customer loyalty tools, and a KDS—all in one stable and reliable package. It's a system that's designed to help you run your business smoothly and efficiently.

☁️ A cloud-based system you can access anywhere

📲 A POS that works seamlessly on any device

📊 Your business data, all in one place

Get the best all-in-one POS for your business. Book your free demo now!

Short Headlines
Malaysia's #1 POS.

All-in-One.

The Complete Package.

Book a Free Demo.

Seamless Setup.",-,-,Stop Motion
,"[OCT Promos]
Caption 1
Your chance to upgrade your POS has arrived. 🚀
Get a complete POS solution for your business at an incredible price. For a limited time, we're offering a massive discount on our powerful POS hardware, so you can upgrade your operations without breaking the bank.

💰 Get an incredible discount on POS hardware

✅ Equip your business with a powerful system

🚀 Everything you need to get started

Don't miss out on this limited-time offer. Book a free demo today!

Caption 2
Experience top-tier POS hardware for less. ✨
Running a business is a big investment. Your POS shouldn't be. Now, you can get a brand-new, reliable StoreHub POS system with a huge discount on the hardware. It's the perfect opportunity to boost your operations and get the technology you need to succeed.

💯 Top-tier hardware at an amazing value

📈 Boost your business performance

🔒 A reliable and modern system

Take advantage of our special promotion. Discover the StoreHub difference.

Caption 3
It's time for a major POS upgrade.
Ready to replace your outdated system? Our exclusive promotion on POS hardware is the perfect reason to make the switch. Get a powerful, all-in-one POS system designed to streamline your business and a huge discount on the hardware you need to get started.

✅ A powerful, all-in-one POS solution

💰 Get massive savings on hardware

💡 The perfect time to make the switch

Upgrade your POS today. Book your free demo now!

Short Headlines
POS Hardware Promo.

Get a Massive Discount.

Your POS, Upgraded.

Incredible Savings.

Limited-Time Offer.",-,-,55% BAU Promos
,"[Halloween promo]
Ad Copy
Caption 1
Don't let your old POS haunt your business. 👻
Is your outdated POS system a ghost of a problem? This Halloween, banish bad systems for good! Claim our Creep-tastic Halloween Promo and save up to 55% off powerful POS hardware for your retail store.

🎃 Get a terrifyingly good deal on your POS

✨ Banish inventory ghosts and lost sales

🚀 Get a powerful, modern system

Claim your spooky-good deal now!

Caption 2
Claim your Creep-tastic Halloween Promo now. 🎃
This October, it’s all treats, no tricks. We’re giving you a terrifyingly good deal to help you get the best POS system for your retail business. Upgrade your hardware and get ready to run your operations with confidence.

💰 Save up to 55% off POS hardware

🛍️ Built for retail stores

📈 Boost sales and streamline operations

Ready for a powerful POS? Book a free demo today.

Caption 3
This is not a trick. It's a treat. 🍬
An old, slow POS is a nightmare. This Halloween, get a powerful POS that helps you manage your retail store with ease. Upgrade your system with a massive discount on hardware and get the technology you need to succeed.

👻 Stop guessing what your customers want

✅ Master your inventory and sales data

🌟 Get a reliable system you can count on

Don't let this deal disappear. Claim your promo now!

Short Headlines
Treat Yourself.

Happy Halloween.

Spooky-Good Savings.

A POS That Doesn't Haunt You.

Boo-tiful Deals.",-,-,55% BAU Promos
,"[Fiat Halloween]
Ad Copy
Variation 1: Problem-Focused
Is a POS monster haunting your business? 👻
Don't let a disorganized POS system become a nightmare. This Halloween, it's time to face the monsters that eat away at your productivity and scare away customers. StoreHub gives you the all-in-one tools to defeat them for good.

Defeat messy operations with our powerful POS.

Banish lost data with real-time reporting.

Conquer paperwork with a smart BackOffice system.

Fight back against the chaos. Book your free demo now!

Variation 2: Solution-Focused
Your POS is your ultimate weapon against business monsters. ⚔️
This Halloween, your POS system isn't just for sales—it's for saving your business from chaos. StoreHub's all-in-one platform is your secret weapon against the most common business terrors, from messy operations to a ghost of lost data.

An all-in-one POS to defeat the ""Organi-Zombie.""

A BackOffice System to vanquish the ""Receipt Mummy.""

Real-time analytics to conquer the ""Data Ghost.""

No monster stands a chance. Book your free demo today and keep your business safe.

Variation 3: Playful & Direct
This Halloween, it's all treats, no tricks. 🎃
Don't get tricked by a painful POS system. This October, get the treat you deserve: a smooth, all-in-one system that makes running your business a pleasure. We've got the monster-fighting tools to make your operations spookily simple.

A POS so good it's spooky.

Monster-proof inventory management.

Scream-worthy customer loyalty.

Claim your Creep-tastic Halloween Promo now!",-,-,Fiat Halloween
,"[Deepavali]
Caption 1
May your business shine bright this Deepavali. ✨ This Festival of Lights, bring a new light to your business operations. Our special Deepavali promo is here to help you get the best all-in-one POS system at an incredible price. Shine bright with a reliable, seamless system that will help your business prosper.

💰 Get a special Deepavali discount of 55% off POS hardware

✅ An all-in-one system to brighten your day-to-day

🚀 A modern system for a thriving business

Celebrate with a smarter way to do business. Book a free demo today!

Caption 2
Let your business glow with our Deepavali promo. 🎇 Deepavali is a time of new beginnings and prosperity. It's the perfect time to upgrade your business with a powerful POS system that can streamline your operations and help you grow. Take advantage of our exclusive offer and get a massive discount on your new hardware.

🎁 Celebrate with an incredible 55% discount

👍 Upgrade your hardware for seamless operations

💯 Get the best POS to light up your sales

Don't miss out on this festive offer. Discover the StoreHub difference.

Caption 3
This Deepavali, bring light to your operations. 💡 Are you ready to bring new energy and efficiency to your business? With a powerful StoreHub POS system, you can. We're offering a special 55% off promo on our POS hardware to help you start fresh and manage your business more effectively than ever.

✨ A massive 55% discount on POS hardware

🚀 A powerful all-in-one system

💰 Get a great deal on your business upgrade

Light up your business this Deepavali. Book your free demo now!

Short Headlines
Light Up Your Business.

Happy Deepavali.

Shine Bright.

The Deepavali Promo.

55% Off Now.",-,-,Deepavali
,"[D3 Pro Unboxing + Setup]
Caption 1
Meet the Sunmi D3 Pro by StoreHub. ✨ Getting your new POS set up should be simple and quick. Watch as we unbox the powerful Sunmi D3 Pro—made from durable aluminum with a sleek, minimal design. It's built to withstand the bumps of a busy business and look great doing it.

💻 Sleek and minimal design

💪 Made from durable aluminum

⏱️ Quick and easy setup

Upgrade your counter appeal. Book your free demo now!

Caption 2
Unbox simplicity. Unbox the D3 Pro. 📦 The D3 Pro isn't just a powerful machine; it's designed with enhanced port connectivity for seamless integration with all your peripherals. Connect printers, scanners, and cash drawers without the mess. Plus, it's ready for an additional customer-facing screen for faster service.

🔌 Enhanced port connectivity

🖥️ Ready for a customer-facing screen

✅ Simple setup, powerful features

Get the POS that runs your business smarter. Book a free demo today!

Caption 3
The smart way to serve customers. 💯 Elevate the customer experience with the Sunmi D3 Pro. Both the main screen and the optional customer-facing screen are adjustable, ensuring maximum comfort and visibility for your staff and customers. It’s technology designed to simplify your daily operations, from the very first power-up.

🔄 Adjustable screens for maximum comfort

✨ Sleek design and simple setup

🚀 The POS system that runs your business smarter

Ready for a smarter POS? Discover the D3 Pro difference.

Short Headlines
Unbox the D3 Pro.

Sleek POS, Simple Setup.

Built to Last.

Smart Design, Smart Business.

The Next Generation POS.",-,-,D3 Pro Unboxing (Set-up)
,"[Composite Inventory]
Caption 1
Are you still tracking your inventory the old way? 📦 Manual tracking leads to chaos. Spreadsheets lead to clutter. Stop accepting mistakes, stockouts, and overstocking as part of business. Upgrade to StoreHub for complete control over your inventory, from every item sold to every ingredient used.

❌ Stop manual errors and chaos

💡 End the spreadsheet clutter

✅ Gain complete, real-time control

It's time for smarter inventory management. Get StoreHub Today!

Caption 2
Manual Tracking = Chaos. Spreadsheets = Clutter. StoreHub = Complete Control. 💯 Don't let your inventory run your business. When your stock is a mess, you risk losing sales to out-of-stock items or wasting money on overstock. StoreHub's system gives you the clear, immediate data you need to manage your stock perfectly.

📈 Know exactly what you have, always

💰 Reduce waste and increase cash flow

🚀 Streamline stock take and ordering

Take back control of your business. Book a free demo now!

Caption 3
Stop managing inventory in the dark. 🔦 If you can't trust your stock numbers, you can't trust your profit margins. StoreHub provides a seamless, integrated system that centralizes all your data, moving you from the chaos of manual processes to the clarity of complete inventory control.

📊 Real-time inventory updates

🔎 Track items across multiple locations

👍 Intuitive and easy-to-use platform

Experience the difference complete control makes. Get StoreHub Today!

Short Headlines
Complete Inventory Control.

Stop Tracking Manually.

StoreHub = Control.

End Inventory Chaos.

Get Smarter Inventory.",-,-,[MY] - Acquisition - Composite Inventory - Overstock Risks
,"[Monthly Plan]
Caption 1
Your #1 POS System just launched Simple Monthly Pricing. ✨ Get the top-rated POS system in Malaysia, trusted by over 17,000 businesses, now with a simple, transparent plan structure that fits any budget. Stop overpaying for a complicated system you don't fully use.

💰 Low monthly price to fit your budget.

✅ Simple, transparent pricing—no surprises.

🚀 The #1 POS System in Malaysia, ready for your business.

Ready for a POS that runs your business smarter? Book a free demo today!

Caption 2
Scale your business with Transparent Monthly Plans. 📈 Whether you own a single store or manage a growing franchise, StoreHub has the right plan for you. Our new software pricing is built for effortless growth, making it easy to manage costs and expand without any guesswork.

👍 Plans for 1 store or 100+ stores.

💯 Transparent pricing means predictable costs.

🌟 Rated 4.7 stars based on over 2,500 reviews.

Discover the right plan for your business. Book your free demo now!

Caption 3
Get the #1 POS System with Simple, Clear Pricing. 💡 Why pay high upfront costs? StoreHub brings you the best-rated POS with a new, simplified subscription model that focuses on value and transparency. Get started quickly and easily with the powerful features you need to grow.

💰 Easy, low monthly payment structure.

✅ Powerful features for every stage of your business.

🤝 Trusted by thousands of F&B and Retail owners.

Upgrade to the #1 POS today. Book your free demo now!


HEADLINES:
Simple Monthly POS Plans.

Transparent Pricing. Zero Surprises.

Scale Smarter with New Plans.

Low Monthly Price. High POS Value.

The #1 POS, Now Easier to Afford.",-,"""[Monthly Plan]
Caption 1
Sistem POS #1 sekarang dah ada Plan Bulanan Simple! ✨

Lebih 17,000 bisnes dah guna POS StoreHub. Sekarang ada plan structure baru yang memang tak koyak poket, tak kacau bajet.
Buat apa bayar mahal untuk sistem canggih tapi function banyak tak guna? Membazir je, best lagi plan bulanan StoreHub:

💰 Harga bulanan rendah, cash flow pun selamat.
✅ Harga simple & jelas—takde drama cas tambahan.
🚀 Sistem POS #1 Malaysia, ready nak tolong bisnes Owner level up.

Nak POS yang buat kerja lagi mudah? Book demo percuma hari ni!


Caption 2
Nak buka kedai kedua? Ketiga? 📈 atau dah plan nak buka francais, StoreHub ada plan yang sesuai. 
Tak payah pening kepala. Harga software baru StoreHub memang design untuk Founder yang nak grow. 
Senang bajet kos, tak payah main teka-teka bila nak expand nanti.

👍 Plan untuk 1 kedai atau 100+ cawangan (target biar besar!).
💯 Harga jelas, hujung bulan tak terkejut tengok bil.
🌟 Rating 4.7 bintang dengan 2,500+ review padu.

Cari plan yang paling kena dengan bisnes Owner. Book demo percuma sekarang!


Caption 3
Dapatkan Sistem POS #1 dengan Promo Plan Bulanan!💡
Kenapa nak habiskan modal besar gedabak awal-awal? Simpan modal tu untuk stok! 
Kini StoreHub sediakan POS terbaik dengan plan langganan baru. Lebih berbaloi, lebih straightforward.
Setup pun laju, terus boleh guna features power untuk naikkan sales.
💰 Bayar bulan-bulan je, tak ganggu modal.
✅ Features power untuk bisnes tengah naik atau dah lama.
🤝 Ribuan owner F&B dan Retail dah guna. Owner bila lagi?

Bertukar ke POS #1 hari ni. Book demo percuma sekarang!


HEADLINES:
Plan POS Bulanan Paling Simple
Harga Terus-Terang. Takde 'Drama'
Kembangkan Bisnes Cara Bijak
Bayar Rendah, Function Padu
POS #1, Sekarang Semua Mampu Pakai
",[MY] - Acquisition - StoreHub #1 Monthly Price - Oct 2025
,"[before/after Christmas]
Caption 1
Christmas is the worst time to panic and the best time to profit. 🎄 Don't let a system error ruin your busiest season. While other POS systems crash, StoreHub keeps your lines moving and your sales flowing. Upgrade now and be ready to profit from the Christmas rush!

❌ Stop system errors during peak hours.

✅ Keep lines moving fast with a reliable POS.

💰 Save up to 55% OFF on POS hardware.

Ready to profit this Christmas? Book a free demo today!

Caption 2
Is your current POS built for the Christmas rush? 🎅 The holidays are the ultimate stress test for any business. If your POS brings panic, you're losing profit. Switch to StoreHub and ensure your team is smiling while you maximize every sale. We're offering a special deal on hardware to help you upgrade now.

🌟 A reliable system built for high-volume sales.

📈 Maximize profit by eliminating system downtime.

🎁 Get up to 55% OFF POS hardware.

Don't wait until it's too late. Discover the StoreHub difference!

Caption 3
Panic or Profit? Choose your holiday season. ✨ Don't let your busiest season be the most stressful. Upgrade to StoreHub POS and eliminate the worry of crashes and system errors. Get a reliable, fast POS system and start the new year right!

💯 Stable system for worry-free selling.

🚀 Fast checkout keeps customers happy.

💰 Exclusive hardware discount available now.

Switch to StoreHub and choose profit. Book your free demo now!

Short Headlines
Profit, Not Panic.

Built for the Christmas Rush.

Worst Time to Crash.

Upgrade to Profit.

Reliable Holiday POS.",-,-,[MY] - Acquisition - Old vs new Comparison - Christmas
,"[Simple Promo - 30% + 25%]
aption 1
Upgrade your POS and save big! 💰 Ready to switch to a better, more reliable POS system? Now's the time. Get an incredible 30% OFF on POS hardware, plus an Extra 25% OFF when you switch from another system! That's a massive discount just for upgrading to StoreHub.

🔥 Save 30% OFF on all POS hardware.

💸 Get an Extra 25% OFF when you switch.

✅ The best time to upgrade your business.

Don't miss this limited-time offer. Book a free demo today!

Caption 2
Stop settling for less. Switch and save up to 50%! 🚀 Your old POS is holding you back. Make the smart switch to StoreHub and get rewarded! We're giving you 30% OFF your new hardware, and we'll sweeten the deal with an Extra 25% OFF just for making the change.

🔄 Switching is easy and highly rewarding.

💯 Get a reliable, all-in-one system.

💡 Maximize your savings this month.

Ready for a powerful upgrade? Discover the StoreHub difference.

Caption 3
Switch today and transform your business for less. ✨ If you've been waiting for the perfect moment to upgrade your POS, this is it. Get a total of up to 50% OFF your new hardware when you switch from your current system. It's the best value on a powerful, reliable POS you'll find.

💰 Massive savings on cutting-edge hardware.

⚡ A faster, more reliable POS is waiting.

👍 Built-in payment processing and more.

Your better business starts now. Book your free demo now!

Short Headlines
Switch & Save 50%.

Extra 25% Off When You Switch.

30% Off POS Hardware.

Upgrade Your POS, Get Rewarded.

The Best Time to Switch.",-,-,[MY] - Acquisition - Simple Promo - Oct 2025
,"[Get all this]
Ad Copy
Caption 1
Get All This With StoreHub. 🚀 Your business needs more than just a POS—it needs an all-in-one platform that handles everything from Automation to E-Invoice compliance. Switch to StoreHub now and get a huge discount on the powerful hardware that brings all these features to life.

✅ Complete Control (POS, Inventory, Reporting)

💡 Growth Tools (Loyalty, Membership, Promotions)

⚙️ Seamless Efficiency (Automation, QR Order, KDS)

💰 Get 55% OFF on POS Hardware!

Stop juggling systems. Get everything you need in one place. Book a free demo today!

Caption 2
Stop paying for scattered solutions. Get all-in-one value. 💯 Why use multiple providers for Payments, Loyalty, and Reporting when you can get it all with one reliable system? Switch to StoreHub and simplify your operations while scoring a major discount on your new hardware.

📈 Built-in Analytics & Reporting

🔗 Multi-Location Management

🛒 E-Commerce & Online Store integration

💸 Switch and get 55% OFF your POS Hardware.

Switch smarter, not harder. Discover the StoreHub difference.

Caption 3
Simplify, Automate, and Save Big. 💰 It's time to streamline your business. StoreHub combines every feature you need—from QR Order to CRM—into one user-friendly system. Make the switch today and start saving immediately with 55% off essential POS hardware.

🚀 Automation & Efficiency tools

⭐ Customer Loyalty & CRM

✅ E-Invoice ready and compliant.

🔥 55% OFF on POS Hardware when you switch!

Get all the features you need for less. Book your free demo now!

Short Headlines
Get All This With StoreHub.

All-in-One. All Yours.

Switch and Save 55%.

Your Complete Business Toolkit.

55% Off POS Hardware.",-,-,[MY] - Acquisition -All In One Features - Promo - Oct 2025
,"[All in one Christmas]
Caption 1
Your Christmas Wish is Granted: The All-in-One POS. 🎄 This holiday season, give your business the gift of total efficiency. StoreHub is the all-in-one POS trusted by 18,000+ local businesses to handle everything—from sales to staff to inventory. Upgrade now and wrap up a huge saving on your new hardware!

✅ Cloud-based Operating System for anytime access.

📈 Real-time Reporting and Analytics.

🎁 Get up to 55% OFF on POS Hardware!

Give your business the gift of simplicity. Book a free demo today!

Caption 2
Stop Juggling Systems. Get the All-in-One POS this Christmas. 🎅 Running a business means managing a lot: E-Invoicing, Inventory, Employee Management, and more. StoreHub puts all these essential features into one simple platform. Make the switch and join the 18,000+ local businesses who trust us for seamless operations.

🔗 Multi-Location Management for easy scaling.

❤️ Built-in Loyalty Program to keep customers coming back.

💰 Incredible savings on your hardware upgrade.

Simplify your operations and save big. Discover the StoreHub difference.

Caption 3
Trusted by 18,000+ Businesses: Your All-in-One Solution. ✨ Why buy a separate system for every need? StoreHub combines everything—from E-Invoicing compliance to powerful Employee Management—into one reliable system. Make the smart switch this holiday season and claim your limited-time discount on POS hardware!

📦 Full Inventory Management and control.

🤝 Trusted by 18,000+ local businesses.

🔥 Claim your discount of up to 55% OFF hardware.

Ready for a POS that does it all? Book your free demo now!

Short Headlines
All-in-One POS.

Trusted by 18,000+ Businesses.

Upgrade and Save 55%.

Your Christmas POS Wish.

Simple Business Management.",-,-,[MY] - Acquisition - AllInOnePOS - Christmas - 2025
,"[Choose Your Figher Falcon]
Caption 1
Choose Your Fighter: Falcon 1 vs. Falcon 2. 🥊 Introducing our smart range of POS devices, built to perform whatever your business needs. Do you need the all-in-one simplicity of the Falcon 1 or the ultimate portability of the Falcon 2?

💻 Falcon 2: Lightweight, portable, and powered by an 8-core processor.

📦 Falcon 1: All-in-one design with a built-in receipt printer, saving space.

💪 Both are built from aluminum to withstand bumps and scratches.

Which POS is the perfect match for your counter? Book a FREE demo today!

Caption 2
The Falcon 2: Power and Portability. 🚀 Built for busy shifts and compact spaces, the StoreHub Android Falcon 2 is your ultimate partner. It's lightweight, portable, and features a stand that's easy to snap on and off, so staff can take it with them for tableside ordering or quick line busting.

⚡ High-speed performance with an 8-core processor.

🔋 Long battery life for your busiest days.

✅ Easy to detach for ordering on the go.

Give your staff the freedom to serve customers anywhere. Book a FREE demo today!

Caption 3
The Falcon 1: All-in-One Counter Command. 🎯 If counter space is precious, the StoreHub Android Falcon 1 is your answer. Its small, compact, all-in-one design includes a built-in receipt printer, combining everything you need into a sleek unit that saves space and blends well with any ambiance.

⚙️ All-in-One design with a built-in receipt printer.

📐 Small and compact to save valuable counter space.

✨ Sleek and minimal to blend with your ambiance.

Simplify your counter space without sacrificing power. Book a FREE demo today!

Short Headlines
Falcon 1 vs. Falcon 2.

Choose Your Fighter.

All-in-One or Portable?

Hardware Built to Perform.

Smart POS Devices.","Caption 1
选择你的战力伙伴：Falcon 1 还是 Falcon 2？🥊 为你介绍我们智能 POS 机，无论你的生意有何需求，它们都能胜任。你更需要 Falcon 1 全能一体的简洁？还是 Falcon 2 极致轻便的灵活？

💻 Falcon 2：轻薄随身，搭载8核处理器


📦 Falcon 1：一体成型，自带收据打印机，柜台更省空间

💪 两款都是全铝合金机身，日常磕碰刮擦都不怕

究竟哪一款更适合你的柜台呢？今天就预约免费 DEMO 吧！
Caption 2
Falcon 2: 性能与便携。🚀 专为忙碌的高峰时段与紧凑的空间设计，StoreHub Falcon 2 安卓版，是你店里最得力的助手。它轻巧便携，磁吸式底座可轻松取放。员工能随手带着它，轻松实现桌边点餐，或在客流高峰时快速处理排队订单。

⚡ 8核处理器，提供高速流畅的性能。

🔋 续航持久，陪你撑过最忙碌的时段。

✅ 轻松抬起就能，移动点餐说走就走。

员工随身带着的收银机，顾客在哪，服务就能跟到哪。
马上预约免费 DEMO 吧！
Caption 3
Falcon 1：一台设备，搞定柜台所有事。🎯 如果你的柜台太小，StoreHub 的 Falcon 1 就最适合你。它把收据打印机直接装在机身里，小小一台，放在柜台什么都不用额外接，看起来整洁，又能完美搭配你的店面风格。


⚙️ 打印机已经内置在机身里。
📐 体积小巧，为你的柜台省出更多空间。
✨ 设计简约，放在哪里都好看。
功能齐全，但绝不占用你宝贵的空间。
现在就来预约免费体验！
Headline
Falcon 1 vs. Falcon 2
你应该选哪款 POS 机？
要整洁一体，还是要随身携带？
高性能的设备
智能 POS 收银机",-,Falcon I vs Falcon II Choose Your Fighter
,"[Cost Comparison]
Caption 1
Is paying less actually costing you more? 💰 The cheapest POS might seem like a deal, but it usually comes with hidden costs: inaccurate inventory, lost sales, and manual errors. StoreHub is the #1 POS System in Malaysia that delivers superior value and all the features you need to grow—not just run—your business.

✅ Complete Feature Set (Inventory, Loyalty, Multi-Store)

❌ No E-Invoice or Inventory Sync with other POS systems.

💡 Superior Value protects your business from hidden costs.

Invest in growth, not limitations. Book Your Free Consultation Today!

Caption 2
Choose Complete Control Over Costly Limitations. 🚀 Other POS systems lack essential features like E-Invoice integration, accurate inventory, and Multi-Store Management. With StoreHub, you get powerful tools like Composite Inventory, Loyalty Programs, and the ability to synchronize online and offline stores—all for a predictable daily cost.

🔄 Synchronize Online & Offline stores instantly.

📈 Built-in Loyalty to attract and retain customers.

✅ Own your POS equipment (not just rent it).

Get the best value and the best features. Discover the StoreHub difference.

Caption 3
The #1 POS System in Malaysia: Essential Features Included. 🌟 Why deal with the pain points of other systems—like inaccurate inventory and manual employee management—when you don't have to? StoreHub provides a seamless, powerful platform where every essential feature is included to help you maximize profit and minimize effort.

🎯 Know your best-selling products with real-time data.

📦 Composite Inventory Management for total control.

🔗 Seamless Multi-Store Management included.

Switch to the POS that truly supports your success. Book Your Free Consultation now!

Short Headlines
Value Over Cost.

The Real Cost of Cheap POS.

#1 POS System in Malaysia.

Complete Control. Superior Value.

Why Settle for Less?",-,-,Cost Comparison
,"[Offline Mode]
Caption 1
The POS that works even when your internet doesn't. 📵 Don't let unstable WiFi kill your sales! StoreHub's Auto-Offline Mode ensures your business keeps running smoothly through any internet outage. You can continue to process payments, take orders, and everything automatically syncs the moment you get back online.

✅ Process payments without interruption.

✍️ Continue taking orders seamlessly.

🔄 Automatically syncs when connection is restored.

Never miss a sale due to bad WiFi again. Get a FREE Demo Today!

Caption 2
WiFi failure? No problem. StoreHub has Auto-Offline Mode. 🛡️ Internet connectivity is never guaranteed, but your business continuity should be. With StoreHub's offline capability, you eliminate the stress and chaos of downtime. Keep your team productive and your customers happy, regardless of network issues.

💯 Uninterrupted business during outages.

🚀 Maintain speed and efficiency offline.

💡 Essential feature for reliable operations.

Get the #1 POS System built for reliability. Book a free demo now!

Caption 3
Don't let downtime cost you money. 💰 Imagine your busiest hour hitting right when your internet fails. StoreHub prevents this nightmare with our smart Auto-Offline Mode. All your transactions are safely recorded and synced later—giving you complete peace of mind and protecting your profits.

🔒 Safely records all transactions offline.

😌 Zero panic when the WiFi goes down.

📊 No gaps in your sales reports.

Upgrade to a system that never fails. Get a FREE Demo Today!

Short Headlines
Works Offline. No Problem.

Never Miss a Sale.

Auto-Offline Mode.

The Reliable POS.

Internet Outage? Keep Selling.",-,-,Offline Mode
,"[Inventory - Wasting Stock]
Caption 1
Stop Wasting Stock. Protect Your Profits. 💰 Are you losing money to expired goods, stockouts, or inventory errors? StoreHub's Inventory Management gives you the real-time control you need to run lean and maximize every sale. Stop the waste and start protecting your bottom line.

🚨 Sends low-stock alerts to prevent stockouts.

✅ Tracks every item & ingredient used.

⏱️ Inventory is real-time and always accurate.

💸 Cuts waste and protects your profits.

Ready to protect your profits? Book Your Free Consultation today!

Caption 2
Maximize Every Ingredient. Minimize Every Waste. 📈 In F&B and retail, waste is the enemy of profit. Our Inventory Management is the #1 tool for precise control. Know exactly what you have (down to the ingredients!), where it is, and when to order more—all in real-time.

🔎 Real-time tracking of items and ingredients.

🎯 Eliminate guesswork in ordering.

🛡️ Protect your business from overstocking risks.

Take control of your inventory, and your profits. Book Your Free Consultation now!

Caption 3
The #1 POS System in Malaysia for Inventory Control. 🌟 If you don't know what you have, you can't run your business effectively. StoreHub solves this with a system that tracks every detail, sends essential alerts, and ensures your inventory data is always accurate and available when you need it.

🔄 Inventory is real-time—no more manual counting.

📦 Complete control over stock levels.

🚨 Alerts stop stockouts before they happen.

Start turning inventory control into pure profit. Book Your Free Consultation today!

Short Headlines
Stop Wasting Stock.

Protect Your Profits.

Real-Time Inventory Control.

Cut Waste. Maximize Sales.

Track Every Ingredient.",-,-,Inventory - Wasting Stock
,"[Whatsapp Chat - Customer Support]
Caption 1
Don't let a broken POS ruin your night. 😔 A broken POS system can lead to a long, stressful night of repairs. StoreHub understands that your business doesn't stop, and neither should your support. With our 7-day customer support, you can get the help you need, right when you need it.

📞 7-day accessible support

✅ Get help when you need it most

⏰ Don't lose precious hours to a broken system

Get a POS with a team that has your back. Book a free demo today!

Caption 2
Support that's there when you need it most. It's late. Your POS and receipt printer are down. Who are you going to call? A reliable support system is essential for any business. With StoreHub's 7-day customer support, you'll never have to face a technical issue alone, no matter the time.

🆘 24/7 peace of mind

🛠️ Expert help for any issue

🚀 Fast solutions to keep you running

Your peace of mind is just a click away. Discover the StoreHub difference.

Caption 3
Your business never sleeps. Neither should your support. 💤 Imagine getting a call late at night about a broken POS. It's a business owner's worst nightmare. But with StoreHub, you can rest easy. Our dedicated 7-day customer support team is always on call, ready to help you get back to business without the stress.

✅ On-call support, 7 days a week

👍 Solve problems before they become crises

😌 No more late-night worries

Get the best support in the business. Book your free demo now!

Short Headlines
7-Day Support.

Never Alone.

Your Business, Our Support.

Support That Works.

We Got Your Back.",-,"Caption 1
POS 'buat hal' tengah malam? Jangan sampai spoil mood, Bos. 😔
Bila sistem POS rosak, memang stress nak repair. StoreHub faham bisnes takde cuti, sebab tu
support team StoreHub sedia 7 hari seminggu!

📞 Support team sedia bantu 7 hari seminggu
✅ Bantuan pantas masa kecemasan
⏰ Jangan buang masa layan sistem rosak

Cari POS yang ada team padu! Book demo percuma hari ni!

Caption 2
Dah lewat malam. Tiba-tiba POS dengan printer resit jem pula. Nak call siapa?
Sistem support yang mantap tu wajib ada. Dengan support StoreHub 7 hari seminggu, Korang tak payah pening hadap masalah teknikal sorang-sorang.

🆘 Hati tenang, bisnes jalan lancar
🛠️ Bantuan pakar untuk setelkan masalah
🚀 Solusi pantas, operasi tak sangkut

Tak perlu risau lagi. Jom tengok beza guna POS StoreHub.

Caption 3
Bisnes tak tidur. Support pun tak boleh tidur. 💤
Bayangkan dapat dari kedai korang call pukul 9 malam sebab POS rosak. Memang mimpi ngeri setiap Owner!
Tapi dengan StoreHub, korang boleh tidur lena. Team support kami sentiasa on-call 7 hari seminggu, ready nak tolong bisnes korang! 

✅ Support on-call, 7 hari seminggu
👍 Selesaikan masalah sebelum jadi parah
😌 Takde lagi risau tengah-tengah malam

Dapatkan support terbaik dalam bisnes. Book demo percuma sekarang!

Short Headlines
Support 7 Hari Seminggu.
StoreHub, Kami Sentiasa Ada.
Bisnes Bos, Support Kami.
Support Yang Membantu.
Bair StoreHub 'Cover' Bos.","Whatsapp chat style ads
Customer Support"
,"[Whatsapp Chat - Inventory Reports]
Caption 1
Is your manager stuck doing late-night inventory checks? 😩 Don't let manual counting steal precious hours! StoreHub eliminates the need for messy, after-hours inventory checks because we provide real-time inventory reports. Know your stock levels instantly, anytime, anywhere.

⏱️ End late-night manual counting for good.

✅ Access real-time inventory reports instantly.

🚀 Boost efficiency and save labor hours.

It's time for smarter inventory management. Book a free demo today!

Caption 2
Tired of rechecking the inventory? Get real-time data! 📊 Manual inventory leads to errors, chaos, and lost time. With StoreHub, your POS system does the work for you! Our real-time inventory reports ensure your stock levels are always accurate, so you can stop counting and start selling.

🔎 Know your stock down to the last item.

💡 Get accurate data without manual effort.

🔄 Inventory syncs automatically with every sale.

Stop the guesswork. Discover the StoreHub difference.

Caption 3
We need to tell him about StoreHub...ASAP! 📲 A strong POS system should give you instant control. StoreHub's real-time inventory reports protect your business from stockouts and overstocking risks, giving you complete visibility and control without having to be physically present at the cafe.

💯 Complete visibility from your phone or laptop.

🔒 Protect profits by preventing stock loss.

😌 Peace of mind knowing your inventory is accurate.

Take control of your inventory, remotely. Book your free demo now!

Short Headlines
Real-Time Inventory Reports.

End Late-Night Counting.

Inventory, Solved ASAP.

Stop Rechecking Stock.

Know Your Inventory Now.","Caption 1
店长还在熬夜慢慢数库存吗？😩 别再让人工点货占用宝贵的休息时间！StoreHub 帮你简化一切， 提供实时库存报表，随时随地，一秒掌握库存情况。

⏱️ 不用再关店留下来点货

✅ 即时查看实时库存报表

🚀 提升效率，节省人力时间

是时候升级你的库存管理了。立即预约免费 DEMO！        Caption 2
库存对来对去还是错？📊 是时候切换到“实时数据”模式了！人工盘点最容易出错，一乱就浪费更多时间。有了 StoreHub，POS 系统自动帮你完成！每一笔交易，系统都会自动扣除库存，确保数据永远准准，让你省下时间去拼业绩！

🔎 哪怕是剩最后一件的商品，也记录得清清楚楚

💡 无需另外人工操作也能获得准确数据

🔄 每卖出一件，系统自动同步更新库存

别再靠感觉管理生意了。来体验 StoreHub 的不同之处吧！        Caption 3
快把 StoreHub 介绍给他！再不换系统就迟了... 📲
一个强的 POS 系统，就是要让你随时随地都能控场。StoreHub 实时库存报告能帮你预防“断货”或“囤太多货”的风险。就算人不在 Cafe，只要手机在手，一切尽在掌握。

💯 手机或电脑里就能看清分店的所有动向
🔒 有效防止库存流失和浪费
😌 库存数据准，经营更安心

远程管理，就是这么简单。立即预约免费 DEMO！        Short Headlines
实时库存报表

彻底告别熬夜点货

库存问题，马上解决

不用再反复检查库存

即时掌握库存情况","Caption 1
Manager korang 'stuck' kira stok sampai pagi ke tu? 😩
Jangan buang masa kira stok berjam-jam! Dengan POS StoreHub report inventori/stok real-time tersedia.
Terus tahu baki stok serta-merta, di mana-mana je.

⏱️ Tak payah 'stay up' kira stok manual dah.
✅ Tengok report stok real-time terus.
🚀 Kerja lagi efisien, jimat masa staf.

Masa untuk urus inventori dengan lebih bijak. Book demo percuma hari ni!

Caption 2
Penat asyik kena 'check' balik stok? Gunalah data real-time! 📊
Kira manual ni punca banyak silap, pening kepala, dan buang masa.
Biar sistem POS StoreHub setelkan dengan report real-time yang pastikan stok sentiasa tepat. 

🔎 Tahu jumlah stok sampai item terakhir.
💡 Data tepat tanpa perlu kira manual.
🔄 Stok auto-sync setiap kali ada jualan.

Berhenti main teka-teka. Jom try StoreHub.

Caption 3
🤦🏻‍♂️ Kena suruh dia switch ke StoreHub la macam ni.
Report stock/inventori real-time  POS StoreHub elak risiko stok putus atau terlebih order. 
Boleh semak stok dan control bisnes walaupun tak ada kat kedai.

💯 Boleh pantau stok terus dari phone atau laptop.
🔒 Elak rugi, stok tak hilang/lari.
😌 Hati tenang sebab tahu data stok memang tepat.

Ambil alih kawalan stok, secara remote. Book demo percuma sekarang!

Short Headlines
Report Inventori Real-Time.
Tak Perlu Kira Stok Malam-Malam.
Masalah Stok, Settle ASAP.
Berhenti Kira Manual.
Semak Stok Serta-Merta.","Whatsapp chat style ads
Inventory Reports"
,"[Whatsapp Chat - Sales Reports]
Caption 1
Is your manager spending late nights calculating sales reports? 😫 Manual reporting means late nights, stress, and human error. StoreHub eliminates the hassle with real-time sales reports delivered instantly to your phone or laptop. Stop stressing over spreadsheets and start making smarter decisions immediately.

⏱️ End late-night report calculations for good.

✅ Access real-time sales reports instantly.

🚀 Make faster, data-driven decisions on the spot.

Stop the guesswork. Book a free demo today!

Caption 2
Stop waiting 'til the last minute. Get real-time sales data! 📊 Why wait until the end of the day or week to know how your business is performing? StoreHub ensures your sales data is always current. Get the insights you need, exactly when you need them, with our powerful real-time reporting features.

🔎 Know your sales trends as they happen.

💡 Get accurate data without manual calculation.

🔄 Reports sync across all your devices.

Your business needs immediate insights. Discover the StoreHub difference.

Caption 3
We need to tell him about StoreHub...ASAP! 📲 A successful business needs constant monitoring. StoreHub's real-time sales reports give you complete visibility into your performance, allowing you to react quickly to opportunities or address issues before they become major problems—all from the convenience of your phone.

💯 Complete visibility from anywhere, anytime.

🔒 Protect profits by catching issues immediately.

😌 Peace of mind knowing your data is always current.

Take control of your data, remotely. Book your free demo now!

Short Headlines
Real-Time Sales Reports.

End Late-Night Reporting.

Sales Data, Solved ASAP.

Know Your Sales Now.

Stop Calculating. Start Analyzing.","Caption 1
你的店长还在晚上慢慢算 sales report 吗？😫
 手动做报表真的很花时间，还很容易出错。
有了 StoreHub，sales data 会自动更新到你的手机或电脑，可以随时随地打开看。 

⏱️ 不用再熬夜整理报告

 ✅ 随时看到最新销售数据

 🚀 数据在手，做决策永远快人一步

想轻松一点做生意？今天就预约免费 DEMO 了解吧！	Caption 2
别再等到最后一刻才看销售数据了 📊
 为什么要等到一天或一周结束才知道生意好不好？
StoreHub 帮你把销售数据实时同步更新， 你想看的时候，数据已经准备好。

🔎 销售趋势一目了然

💡 不用手动计算数据也一样准确

 🔄 手机、电脑多设备同步查看

你的生意，需要更即时的洞察。
 来看看 StoreHub 有什么不一样。	Caption 3
一定要马上告诉他…StoreHub有多好用！📲
 做生意，最重要就是随时掌握情况。
StoreHub 的实时销售报表，让你随时随地都能看清生意表现，
 有问题可以马上发现、马上处理，不用等到事情变严重。

💯 不管在哪里，都能掌握全局

🔒 及时发现问题，守住利润
 
😌 数据随时更新，用得更安心

不在店里，也能掌控一切。
 现在就预约你的免费 demo！	Short Headlines
实时销售报告
告别收工后还要对账的日子
销售数据，秒速搞定不再乱
马上掌握销售情况
别再埋头按计算机，看数据做生意","Caption 1
Dah lewat dah ni tapi Bos masih stress kira sales 😫
Buat report cara manual ni leceh, stres, dan senang silap kira.
StoreHub mudahkan kerja dengan report sales real-time terus masuk phone atau laptop korang.
Tak payah dah pening hadap Excel atau buku kira-kira. 

⏱️ Tak perlu pening kira report lewat malam.
✅ Akses report sales real-time sekelip mata.
🚀 Buat keputusan pantas berpandukan data.

Tak payah main agak-agak. Book demo percuma hari ni!

Caption 2
Jangan tunggu 'last minute'. Dapatkan data sales real-time! 📊
Kenapa nak tunggu hujung hari atau hujung minggu baru nak check bisnes okey ke tak?
StoreHub pastikan data sales sentiasa update. 

🔎 Tahu trend sales masa tengah berlaku.
💡 Data tepat tanpa perlu tekan kalkulator.
🔄 Report sync dekat semua device Bos.

Bisnes Bos perlukan info pantas. Lihat beza guna StoreHub.

Caption 3
🤦🏻‍♂️ Kena suruh dia switch ke StoreHub la macam ni.
Bisnes nak berjaya kena sentiasa check dan diurus.
Dengan POs StoreHub, korang dapat Report sales real-time! Senang nak check prestasi bisnes live. 
Boleh check bila korang dekat rumah, semua di hujung jari je.

💯 Pantau dari mana-mana, bila-bila masa.
🔒 Lindungi untung, nampak isu dengan cepat.
😌 Lega bila tahu data sentiasa up-to-date.

Kawal data bisnes, dari jauh je. Book demo percuma sekarang!

Short Headlines
Report Sales Real-Time.
Tak Payah Stay Up Buat Report.
Data Sales, Settle ASAP.
Tahu Sales Sekarang Juga.
Berhenti Mengira. Mula Pantau.","Whatsapp chat style ads
Sales Reports"
,"[Andrea FnB POS]
Caption 1
Your staff should focus on hospitality, not order-taking. 🧑‍🍳 StoreHub's QR Order & Pay lets customers scan, place, and pay for their orders themselves, minimising errors and freeing up your employees to focus purely on service. This is how you boost both efficiency and customer satisfaction.

🚀 Feature Highlight: QR Order & Pay

🎯 Minimise errors: Customers order themselves.

✅ Boost hospitality: Staff focus on serving, not taking orders.

Start focusing on service, not systems. Book a free demo today!

Caption 2
One system to rule all your F&B chaos. 🤯 Why juggle separate platforms for delivery, inventory, and staff management? StoreHub includes everything a modern F&B business needs: seamless Beep Delivery integration, Auto Stock Management (deducting sales from stock instantly), and full Employee Management.

🚚 Integrated Delivery: Beep syncs across all platforms.

📦 Auto Stock Management: Every sale auto-deducts from inventory.

🧑‍💻 Employee Management: Seamlessly track performance and clock-in/out.

Stop the chaos. Discover the StoreHub difference.

Caption 3
The hardware built to handle your busiest rush. ⚡ The Sunmi D3 Pro POS device isn't just sleek; it's designed for speed and reliability, especially during peak hours. With zero lagging issues and a customer-facing screen (CFD) that handles loyalty scans and payments, this device is your secret weapon for maximising volume.

✨ Sleek and Modern Device: Looks great on your counter.

⚡ Zero Lagging Issues: Fast response during your busiest rush.

💳 Customer Screen: Handles loyalty scans and instant payments.

Get the perfect fit for your high-volume business. Book your free consultation now!

Short Headlines
F&B POS: All-in-One Power.

QR Order & Pay Solves Chaos.

Stock, Staff, Delivery—Solved.

Zero Lag for Peak Hours.

Start Serving Smarter.

",-,-,EN-FnB_POS_Ads_Standing-Andrea_V3.mp4
,-,-,"[Sate Rono VP1]
Caption 1: 
Pernah tak rasa sales kedai korang nampak banyak, tapi bila check balik duit dalam cashier asyik tak cukup ? 😩 Masalah ""kebocoran wang tunai"" ni memang pening, apatah lagi bila susah nak trace mana silapnya. 

Tapi, dengan POS StoreHub,  setiap sen yang masuk direkod dengan tepat:
✅ Hentikan kebocoran sales & wang tunai 
📊 Laporan jualan yang ""makes sense"" 
📦 Trace jumlah sales dengan tepat 

🔥 PROMO 55% OFF Hardware! Klik untuk FREE DEMO sekarang! 🚀

Caption 2: 
😡 Dulu memang sakit hati bila tengok stok sate dah jual banyak, tapi dalam cashier duit sikit je. 💸

Lepas survey banyak sistem POS, Owner restoran ""Sate Rono"" pilih StoreHub, terus setel masalah hilang duit sebab: 

📦 Pantau stock movement dengan tepat 
✅ Info jualan tally dengan stok keluar 
📊Visibility jualan makanan & minuman 

🎁 Dapatkan FREE DEMO + 55% OFF Hardware hari ini! 🔗

Caption 3: 
Dah lama berniaga tapi masih letih nak trace sales setiap hari? Anda layak dapat ""peace of mind"" masa urus kedai. StoreHub pastikan maklumat jualan anda selari dengan duit yang dapat dan stok yang keluar.

✅ Dapat ""peace of mind"" urus kedai 
📊 Data jualan yang mudah difahami 
📦 Rekod setiap transaksi secara automatik 

🚀 Daftar FREE DEMO & nikmati 55% OFF Hardware sekarang! 📉

Headlines: 
StoreHub Hentikan Kebocoran Sales
Pastikan Sales Tepat dengan POS StoreHub
StoreHub Bantu Trace Sales & Stok
POS StoreHub, Automasikan Bisness!",Sate Rono VP1
,-,-,"[Sate Rono VP2]
Caption 1: 
Memang pening bila kedai full house tapi kita tak menang tangan sebab tak cukup staff. Mula la timbul masalah salah order dan salah kira yang buat bisnes rugi. StoreHub QR Order & Pay ni penyelamat keadaan. Order jadi less error, customer pun happy tak perlu tunggu lama!

✅ QR Order & Pay – pesanan terus ke kitchen
✅ Less error – customer lebih happy
✅ Jimat kos – tak perlu ramai staff

🔥 PROMO 55% OFF Hardware! Klik untuk FREE DEMO sekarang! 🚀

Caption 2: 
Ingat lagi zaman guna pen pen & paper 📝 nak ambil order? Jangan biarkan kesilapan manual ganggu keuntungan bisnes anda. Dengan StoreHub QR Order & Pay, korang boleh jimatkan kos operasi dengan ketara. Operasi lebih lancar, bisnes pun makin steady! ✨

📋 Pesanan tepat terus ke dapur
💸 Menjimatkan kos pengambilan staf
📱 Customer boleh order sendiri guna QR

🎁 Dapatkan FREE DEMO + 55% OFF Hardware hari ini! 🔗

Caption 3: 
""Memang menjimatkan kos kita sebab tak perlu guna ramai staff macam dulu."" 

POS StoreHub setelkan masalah besar owner restoran Sate Rono yang selalu pening dengan staff terhad. Guna QR Order & Pay je, semua order masuk serentak ke dapur tanpa perlu staff pusing ambil pesanan. Kurangkan risiko salah kira bil dan pastikan setiap customer dapat servis yang laju dan tepat. 

🚀 Daftar FREE DEMO & nikmati 55% OFF Hardware sekarang! 📉

Headlines: 
StoreHub POS: Settle Masalah Salah Order.
QR Order & Pay StoreHub Memang Laju.
Jimat Kos Staff Dengan StoreHub.
StoreHub POS Buat Operasi Lebih Tepat.",Sate Rono VP2
,-,-,"[Sate Rono VP3]
Caption 1:
Masa dulu guna WhatsApp untuk order 📲, memang tak menang tangan dibuatnya. Order masuk serentak sampai staff pun tarik diri sebab tak boleh nak handle volume yang banyak. 

Sejak guna Beep dari StoreHub, semuanya jadi automated! Customer order sendiri dan terus masuk ke dapur. Tak payah lagi nak ulang jawapan yang sama untuk pre-order. Memang satu relief besar untuk operasi kedai kita! 😇

✅ Order WhatsApp jadi automatik
✅ Kitchen terima order terus
✅ Jimat masa layan pre-order

🔥 PROMO 55% OFF Hardware! Klik untuk FREE DEMO sekarang! 🚀 

Caption 2:
Di restoran Sate Rono, staff sampai give up sebab tak tahan layan pre-order 24 jam 😵. Dengan sistem Beep dari StoreHub, semua proses pre-order jadi lebih sistematik dan lancar. Kita dah tak payah pening kepala nak handle satu-satu message customer lagi. Bisnes jalan terus, order masuk smoot✨

📈 Urus pre-order tanpa pening kepala
🤖 Sistem automated 24/7
🚀 Staff tak lagi overwhelmed

🎁 Dapatkan FREE DEMO + 55% OFF Hardware hari ini! 🔗

Caption 3:
""Sejak guna Beep ni, saya dah tak payah buat apa-apa dah untuk order."" 
Itulah ketenangan yang StoreHub tawarkan untuk pemilik kedai makan yang penat layan customer di WhatsApp. Pesanan masuk serentak pun tak ada masalah sebab Beep uruskan order terus ke dapur kedai korang. 

✅ Kurangkan kerja manual yang penat
📋 Automasikan pre-order kedai anda
👩‍🍳 Dapur terima pesanan serentak

🚀 Daftar FREE DEMO & nikmati 55% OFF Hardware sekarang! 📈",Sate Rono VP3
,"[Old vs New Christmas]
Caption 1
Christmas is the worst time to panic and the best time to profit. 🎄 Don't let a system error ruin your busiest season! While other POS systems crash, StoreHub keeps your lines moving and your sales flowing. Upgrade now and be ready to profit from the Christmas rush!

❌ Stop system errors during peak hours.

✅ Keep lines moving fast with a reliable POS.

💰 Save up to 55% OFF on POS hardware.

Ready to profit this Christmas? Book a free demo today!

Caption 2
Is your current POS built for the Christmas rush? 🎅 The holidays are the ultimate stress test for any business. If your POS brings panic, you're losing profit. Switch to StoreHub and ensure your team is smiling while you maximize every sale. Take advantage of our offer on hardware to upgrade now.

🌟 A reliable system built for high-volume sales.

📈 Maximize profit by eliminating system downtime.

🎁 Get up to 55% OFF POS hardware.

Don't wait until it's too late. Discover the StoreHub difference!

Caption 3
Panic or Profit? Choose your holiday season. ✨ Don't let your busiest season be the most stressful. Upgrade to StoreHub POS and eliminate the worry of crashes and system errors. Get a reliable, fast POS system and start the new year right!

💯 Stable system for worry-free selling.

🚀 Fast checkout keeps customers happy.

💰 Exclusive hardware discount of up to 55% OFF available now.

Switch to StoreHub and choose profit. Book your free demo now!

Short Headlines
Profit, Not Panic.

Built for the Christmas Rush.

Worst Time to Crash.

Upgrade to Profit.

Reliable Holiday POS.",-,-,[MY] - Acquisition - Old vs new Comparison - Christmas
,"[New Years Promo 2026]
Caption 1
Your Year End Promo is here! 🎉 Don't miss out on your chance to upgrade your business with reliable, powerful StoreHub POS hardware at an unbelievable discount. End the year strong and save big, ensuring your business is ready for peak performance in the new year.

💰 Huge Savings: Get up to 55% OFF on StoreHub POS hardware.

💸 Maximum Value: You can save up to RM1,044 on your upgrade.

✅ Reliable POS: The best time to upgrade for seamless operations.

Claim your discount now! Book A Free Demo Today!

Caption 2
It's the best time to upgrade your business and save up to RM1,044! 🎁 Whether you're new to the POS game or replacing an outdated system, our Year End Promo offers maximum value. Secure modern, efficient POS hardware that will boost your productivity throughout the next year.

🔥 Limited Time Offer: Secure your massive discount before the year ends.

🚀 Boost Productivity: Upgrade to faster, more efficient hardware.

💯 Smart Investment: Get industry-leading hardware for less.

Invest in growth. Book A Free Demo Today!

Caption 3
Save up to 55% OFF your new POS! 💸 This massive discount is our way of helping your business succeed. Stop settling for slow, unreliable systems. Switch to StoreHub and get the powerful, all-in-one POS platform you need at a fraction of the cost.

🌟 Don't Miss Out: Up to 55% OFF on StoreHub POS hardware.

👍 Maximum Savings: Save up to RM1,044.

✅ All-in-One Value: Get the #1 POS system with powerful features included.

Ready to save big? Book A Free Demo Today!

Short Headlines (Year End Promo)
Year End Promo is HERE.

Up to 55% OFF POS.

Save Up to RM1,044.

Upgrade and Save Big.

Book Your Free Demo.","Caption 1
让 2026 年成为您最顺利的一年。StoreHub 一站式系统助您高效管理库存、销售和员工，让您轻松掌控、减少烦恼。新一年，从简化经营开始。


Caption 2
在 2026 年享受更顺畅的运营。有了 StoreHub，您将花更少的时间管理，更多的时间专注发展。趁着新年优惠，这个月就切换到StoreHub吧！

Caption 3
2026 年，让运营更顺畅！用 StoreHub 管理库存、销售和员工，保持业务井井有条。这个一月，用简单高效迎接新开始！


Headlines:
2026 年，和StoreHub一起轻松实现顺畅运营！
新年新气象，从更好的掌控开始吧！
在 2026 年用 StoreHub 管理库存、销售和员工。
2026 年：享受更顺畅的运营体验。","[New Years Promo 2026]
Caption 1
Penat hadap cash flow sangkut & jualan kelam-kabut sepanjang tahun?  Biar StoreHub automasikan kerja penat anda supaya tahun depan lebih organized. Jom start 2026 dengan lebih steady & peace of mind!

✅ Jimat RM1,044 – Modal pusing ke tempat lain 
✅ Hardware 55% OFF – Kualiti padu & tahan lasak 
✅ Pantau bisnes dari fon – Urus jualan dari mana-mana 

🔥 Dapatkan FREE DEMO & jimat besar sekarang! 🚀

Caption 2
2025 dah nak habis, tapi duit sales masih bocor & stok selalu tak tally? StoreHub POS bagi anda control penuh untuk pantau jualan & staf secara real-time. Grab New Year Promo sekarang & jimat kaw-kaw untuk upgrade bisnes! 

🔥 Diskaun Hardware 55% – Tawaran paling berbaloi
📊 Report Sales Real-time – Senang nampak untung 
📦 Stok sentiasa up-to-date – Elak barang hilang

🎁 Klik untuk FREE DEMO & tuntut diskaun hari ini! 🔗

Caption 3
Susah nak track barang mana paling laku & penat kira stok manual yang bersepah?  StoreHub POS kemaskan data jualan & inventori anda secara automated tanpa pening kepala. Tukar ke sistem yang lebih power & teratur hari ini! 

🌟 Jimat RM1,044 – Diskaun Hardware 55%
📦 Inventori Pintar – Nampak barang mana paling ""panas"" 
✅ All-in-One Value – QR Pay & E-Invois semua ada 

🚀 Daftar FREE DEMO & sukses tahun 2026 nanti! 📈

Short Headlines (Year End Promo)
Diskaun 2026 StoreHub POS.

Diskaun 55% POS StoreHub.

Diskaun Sebanyak RM1,044 POS StoreHub.

Upgrade ke StoreHub untuk 2026 Sekarang!

Dapatakan Demo PERCUMA",New Years Promo 2026
,"[Choose Your Fighter D3]
Caption 1
Running an F&B or retail business means choosing hardware that actually keeps up with you.
Here’s what owners love about both:

D3 Mini is compact and fast — perfect for kiosks and tight counters.
D3 Pro gives you a bigger screen and more power for full-service operations.

Whether you’re managing long queues, handling QR orders, or running multiple stations, StoreHub’s D3 devices are built to keep your business moving.

✅ Fast, reliable checkout
✅ Built-in printer options
✅ Strong WiFi & LAN connectivity
✅ Works with QR Ordering, Loyalty, Inventory & KDS

Choose the device that matches your workflow — not the other way around.

Book your free consultation to see which D3 fits your business best.

Caption 2

Different businesses, different needs.
The good news? StoreHub has both covered.

D3 Mini:
Perfect for bubble tea shops, kiosks, grab-and-go counters, and tight spaces.
Speedy checkout + small footprint = smooth operations.

D3 Pro:
Made for restaurants, cafés, mamaks and casual dining with higher order volume.
Bigger screen + more processing power = faster service, fewer errors.

And whether you choose Mini or Pro, you get:
📦 Integrated inventory tracking
🔔 KDS support
🧾 Fast receipt printing
📱 QR ordering & payments
📊 Real-time business reports

Upgrade your counter experience — and your customer experience.

Caption 3

Not all hardware suits every business — and that’s where StoreHub’s D3 range shines.

If you need a compact, fuss-free POS, the D3 Mini is built for kiosks, dessert shops, bakeries, and bubble tea stores.

If you want power, visibility, and multi-station efficiency, the D3 Pro is the go-to for cafés, restaurants, mamaks and high-volume stores.

Both support:
⚡ Fast, stable order processing
🧾 Seamless printing
📱 QR Order & Pay
📦 Inventory & supplier tracking
👩‍🍳 KDS for smoother kitchen workflow

Right device. Right setup. Right results.

Choose smarter with StoreHub.

🔥 SHORT HEADLINES (≤ 30 characters)

D3 Mini vs D3 Pro: Compare

Choose Your POS Hardware

Power or Compact? Your Pick

Upgrade Your Counter Today

Find Your Perfect POS Setup","Caption 1
经营餐饮或零售业，意味着你需要一套真正跟得上节奏的 POS 机。
看看老板们为什么都爱这两款：

D3 Mini 小巧又高速 — 简直是小摊位和柜台空间不足的完美选择。
D3 Pro 拥有更大屏幕和更强性能，适合全方位服务的营运。

无论你是在应付排长队、处理QR点餐，还是管理多个出餐站，StoreHub 的 D3 系列都能确保你的生意顺畅运转。

✅ 快速、可靠的结账系统
✅ 内置打印选项
✅ 强大的 WiFi 和有线网络连接
✅ 可搭配 QR 点餐、会员积分、库存管理和 KDS


选择能配合你工作流程的设备，不必迁就。


预约免费咨询，看看哪款 D3 最适合你的生意。
Caption 2
生意模式不同，需求自然不同。
好消息是？StoreHub 为你一次搞定。

D3 Mini：
专为奶茶店、小摊位、打包柜台和狭小空间设计。
结账快 + 占地小 = 运作更顺畅。


D3 Pro：
专为餐厅、咖啡馆、嘛嘛档这些客流量大的行业打造。
大屏幕 + 更强性能 = 服务更快，错误更少。


无论你选 Mini 还是 Pro，都能享有：
📦 自带库存追踪
🔔 厨房显示系统 (KDS)
🧾 快速收据打印
📱 QR 点餐与支付
📊 实时营业报表

升级你的柜台体验，也升级顾客的消费体验。
Caption 3
不是所有 POS 机都适合每门生意 — 而这正是StoreHub D3 系列的强项。

如果你需要一套小巧、省心的 POS 系统，D3 Min i就是为档口、甜品店、面包店和奶茶店而生的。

如果你追求性能、清晰的视觉展示和支持多个出餐站的高效协作，D3 Pro 则是咖啡馆、餐厅、嘛嘛档和高流量店面的首选。

两款都支持：
⚡ 快速稳定的订单处理
🧾 无缝打印
📱 QR点餐与付款
📦 库存与供应商追踪
👩‍🍳 厨房显示系统(KDS)，让厨房运作更流畅

对的设备，对的配置，带来好的效果。

与StoreHub一起，做出更聪明的选择。

Headlines:
D3 Mini vs D3 Pro: 对比
你应该选哪款 POS 机？
要性能强大，还是要小巧灵活？
今天，就升级你的收银柜台
找到最适合你店面的 POS 配置",-,D3 Pro VS D3 Mini Choose Your Fighter
,"[EN-FnB-POS-Standing-Andrea]

Caption 1
Let customers order via QR so your team can focus on 5-star service. Sync delivery platforms effortlessly with low transaction fees to keep margins high.

🚀 QR Order & Pay: Customers order and pay; employees focus on hospitality.

🚚 Beep Delivery: Sync orders across platforms with a low transaction fee.

Level up your service. Click the link in bio to join us!


Caption 2
Stop the last-minute stock panic! 📦 StoreHub auto-deducts inventory from every sale—QR, delivery, or POS—so you never miss an order.

📦 Auto-Stock Sync: Every order automatically updates your stock levels.

👥 Staff Tracking: Manage performance and clock-ins easily from one place.

Manage smarter, not harder. Test it out today!

Caption 3
Handle thousands of customers with zero lagging issues. ⚡ The Sunmi D3 Pro features a smooth interface and a customer-facing display for instant loyalty sign-ups.

⚡ Fast Response: No lagging issues, even during the busiest peak hours.

👀 Customer Screen: Let guests see their items and scan to join your membership.

Perfect fit for high-volume stores. Book your demo now!

Short Headlines
Zero Lagging Issues.

Auto-Deduct Stock Levels.

QR Order & Pay Efficiency.

Low Transaction Fee Delivery.

Thousands of Customers? Perfect Fit.",-,-,EN-FnB_POS_Ads_Standing-Andrea_V3.mp4
2026,,,,
,"[Jasly All in One]
Caption 1
Trusted by 18,000+ businesses across SE Asia, StoreHub is your all-in-one partner for growth. Manage staff, inventory, and sales reports effortlessly with a system built for your success.

💼 Trusted Leader: Helping 18,000+ businesses thrive in Malaysia, Philippines, and Thailand.

🔄 Total Control: Everything from inventory management to e-Invoicing in one place.

Ready to simplify your business? Click the link in bio to learn more!

Caption 2
From the ultra-fast D3 Pro to the portable Falcon 2 and compact D3 Mini, we have the perfect POS for your counter. Get sleek design and zero lag, even during your busiest shifts.

⚡ High-Speed Performance: The D3 Pro handles thousands of customers with ease.

📱 Tableside Ordering: The Falcon 2 offers iPad-like portability for service at the table.

📦 Space-Saving Power: The D3 Mini features a built-in receipt printer for compact counters.

Upgrade your counter today! Click the link in bio for a free consultation.

Caption 3
Don’t let the holiday rush become a holiday panic. Upgrade to StoreHub and save up to 55% OFF on POS hardware!.

💰 Massive Savings: Save up to RM1,044 and start the new year strong.

🚀 Zero Lag: Keep your lines moving and your customers smiling all season long.

Choose profit over panic this season. Book your FREE demo now!

Short Headlines
18,000+ Businesses Trust StoreHub.

All-in-One POS Solution.

Up to 55% OFF Hardware.

Save Up to RM1,044.

Sleek Design, Zero Lag.",-,-,EN-Looking_for_POS_Xero_Exhibition-Jasly_v2.mp4
,"[Fluffed VP1]
Caption 1
Don't wait until the new year to upgrade your business! 🚀 Get the #1 POS system in Malaysia at our lowest price of the year. Save up to 55% OFF on StoreHub POS hardware and set your business up for ultimate success.

💰 Massive Savings: Take advantage of up to 55% OFF StoreHub POS hardware.

💸 Save Up to RM1,044: Maximize your budget while getting industry-leading technology.

✅ Built for Reliability: Stop settling for slow systems and switch to a POS that handles the rush.

Claim your RM1,044 in savings now! Book a FREE demo today.

Caption 2
Stop ""doing business by feeling"" and start using data that ""won't lie."" StoreHub provides the crucial statistics you need to see exactly what sells and what’s just taking up space in your storage.

📊 Smarter Decisions: Identify your best sellers and confidently discontinue slow-moving items.

🖼️ The Bigger Picture: Gain a comprehensive view of your entire business to understand customer behavior.

📲 Remote Control: Monitor everything from staff clock-ins to daily sales right from your phone.

Turn your data into dollars. Book your free consultation today!

Short Headlines
Up to 55% OFF POS Hardware.

Data That Won’t Lie.

Save Up to RM1,044.

Stop Doing Business By Feeling.

Get The Bigger Picture.",-,-,MY_FLUFFED_VP1_20250108
,"[Fluffed Control]
Caption 1 Run your business without being tied to the counter. 🌍 With StoreHub, you can check daily sales for every outlet at any time of the day—no need to be on-site to stay in control.

Caption 2 Take your business with you wherever you go! 📲 Enjoy the freedom of remote monitoring while keeping a pulse on your daily operations across all your branches.

Caption 3 Stop worrying about what's happening when you're away. 🛡️ StoreHub gives F&B owners the tools to monitor their business 24/7 from their phone or laptop.

Headings

In Control, Anywhere.

Monitor Sales Remotely.

Freedom to Scale.

Built for F&B Oversight.",-,-,Fluffed Control
,"[Fluffed Data]
Caption 1 Data that turns into dollars. 💰 Use StoreHub reports to see exactly which products sell the most and which sell the least to optimize your menu.

Caption 2 Small changes lead to better sales! 📈 Fluffed Café upgraded their tiramisu waffle based on data insights and saw an immediate boost in revenue.

Caption 3 Don’t guess what your customers want—know it. 📊 Use 5-star rated reporting tools to refine your offerings and keep your customers coming back for more.

Headings

Data That Won’t Lie.

Optimize Your Menu.

5-Star Reporting Power.

Grow Your Sales Fast.",-,-,Fluffed Data
,"[Fluffed New Store]
Caption 1 Opening a new outlet has never been this easy. 🚀 When you start a new store, StoreHub handles the training so you can focus on your launch.

Caption 2 Scaling your F&B brand? 📈 Get your new managers up to speed quickly with StoreHub’s simple training and onboarding process.

Caption 3 Expand your business with confidence. 🌟 We arrange the training for your new team, making store expansion as simple as that.

Headings

Start New Stores Easily.

Hassle-Free Expansion.

Manager Training Simplified.

Scale Your Business Now.",-,-,Fluffed New Store
,"[Fluffed Products]
Caption 1 Update your menu in seconds, not hours. ⏱️ One of the main benefits of StoreHub is being able to add new products easily with just a single click.

Caption 2 Pricing and inventory management made simple. 🛠️ Modify names, update prices, and track stock levels instantly through our user-friendly BackOffice.

Caption 3 Menu management shouldn't be a chore. ✨ Change your offerings across all branches at once with the click of a button.

Headings

Menu Edits in One Click.

Simple Product Management.

Modify Prices Instantly.

Manage Inventory Easily.",-,-,Fluffed Products
,"[Jasly - Xero]
Caption 1 Experience a POS that’s as fast as you are. ⚡ The Sunmi D3 Pro offers a smooth touchscreen interface with zero lagging issues, even during peak hours.

Caption 2 Scanning items has never been smoother. 📦 Our high-speed barcode scanner handles high-volume retail transactions without missing a beat.

Caption 3 Get the ultimate retail starter kit. From the modern D3 Pro to the integrated cash drawer and receipt printer, we provide everything you need to open your store.

Headlines * Zero Lagging Issues

Fast & Smooth Interface

High-Speed Retail Scanning

The Perfect Retail Starter Kit","Caption 1 需要在桌边点餐吗？📱 StoreHub Falcon 2 提供像 iPad 一样的便携性，让你在店内任何角落都能自由地服务顾客。
Caption 2 柜台空间不足？📦 D3 Mini 是一款机身小巧却高性能且内置收据打印机的设备，非常适合小型柜台或快闪活动。
Caption 3 机身时尚设计，完美融合你店内装潢。选择 D3 Pro，在拥有现代感外观的同时，处理速度也毫不逊色。

Headlines
- 便携式桌边点餐
- 节省空间的 D3 Mini
- 现代简约设计
- 专为高效服务而造",-,CN-Looking_for_POS_Xero_Exhibition_CN-Jasly_V2.mp4
,[Jasly - Open Store],"Caption 1 通过统一的后台管理你的整个业务 📊  简单易用的 BackOffice 界面实时追踪你的库存、销售额以及 SKU 表现。
Caption 2 我们不仅提供系统，更提供全方位的专业支援，为你解决经营大小难题。StoreHub 将全力帮助你生意成长。
Caption 3 近期计划着开店吗？ 🛍️ 立即获取 StoreHub 免费 Demo，寻找专为零售和餐饮业成功而定制的完美 POS 方案。

Headlines
- 实时库存追踪
- 强大的客服支援
- 简单易用的后台管理
- 计划着开店？加入我们！",-,CN-Open_Store_Set_retail_POV-Jasly_v3.mp4
,"[Fiat Comic - Morning Rush]
Caption 1
Morning rush turning into a morning nightmare? ☕ It’s 8:00 AM, the cafe is packed, and the delivery riders are already at the door. Stop managing chaos and start mastering it with a system built for the pressure.

✅ Turn chaos into order: Handle walk-ins and delivery side-by-side.

✅ Never lose a sale: All transactions are saved instantly.

✅ Seamless service: From table service to delivery dispatch.

Morning rush? Handled. Book your FREE demo today!

Caption 2
Is your team struggling to keep up when the crowd hits? 😫 When everyone needs their coffee at once and riders are piling up, you need more than just a cash register. StoreHub POS helps you streamline your workflow so you can keep the smiles and the sales flowing.

🚚 Delivery Dispatch: Clear orders for riders quickly.

🍽️ Table Management: Keep track of every seated customer.

🔒 Reliability: All transactions are saved securely, no matter how busy it gets.

Master your operations. Get started with a free demo!

Short Headlines
Turn Chaos Into Order

Morning Rush? Handled.

Stop Managing, Start Mastering

Built for the 8:00 AM Rush

All Transactions Saved",-,-,(FIAT) 01-ACQUISITION NOV 2025.png
,"[Fiat Comic - Anime - EInvoicing]
Caption 1
Struggling with e-invoice madness? 📑 Don't let a mountain of paperwork slow your business down. StoreHub takes the stress out of compliance by handling the hard work for you.

✅ Stay Compliant: Meet LHDN requirements without the headache.

✅ Work Smarter: StoreHub auto-submits your data directly to LHDN.

✅ Focus on Growth: Spend less time on manual entries and more time on your customers.

Compliance made easy. Book your FREE demo today!

Caption 2
Paperwork piling up? 😱 Say goodbye to manual submissions and hello to total peace of mind. With StoreHub, your e-invoices are submitted automatically, so you can keep those thumbs up!

⚡ Automated Submissions: Direct, automatic reporting to LHDN.

🛠️ Effortless Setup: A user-friendly interface that simplifies complex tax tasks.

📈 Zero Stress: Stay ahead of the deadline with a system that never forgets.

Stop the madness. Get started with a free demo!

Short Headlines
E-Invoice Madness? Handled.

Auto-Submit to LHDN

Stay Compliant, Stay Happy

Zero Manual Submissions

Simplify Your Taxes Now",-,-,(ANIME STYLE) COMIC-STRIP-SINGLE.png
,"[Competitor - Work For You]
Caption 1 ""This free POS isn't working!"" 💥 If you've ever felt like throwing your system out the window, it's time for a change. Your POS should be your best employee, not your biggest headache.

Caption 2 Is your POS working against you? A system that crashes during peak hours isn't just a nuisance—it’s lost revenue. Upgrade to StoreHub and get a system designed to support your growth, not hinder it.

Caption 3 Choose clarity and control over chaos. StoreHub gives you the tools to manage your store effortlessly, ensuring your technology works for you every single day.

Headlines

Your POS Should Work For You

Not Against You

Stop the System Frustration

Reliable Tech for Better Sales

Upgrade to a System That Works","Caption 1:
“这个免费的 POS 根本行不通！” 💥 如果你也曾气得想把系统扔出窗外，说明是时候做出改变了。一套专业的 POS 系统应该是你最得力的“员工”，而不是带来更多麻烦。

Caption 2:
你的 POS 系统是在帮你，还是在拖累你？ 💥 在高峰时段突然死机，这不仅是麻烦，更是实实在在的营业额损失。升级用 StoreHub，选择一个专为支持你的生意扩张而设计、而不是限制你生意成长的专业系统。

Caption 3:
清晰的账目，才是真正的掌控。StoreHub 让你实现轻松经营，确保每一项技术功能都为你所用，让管理变得简单而高效。

Headlines

POS 系统应该是你的帮手

而不是负担

告别系统故障带来的麻烦

可靠的系统带来更好的销售

升级专业系统",-,Competitor - Work For You
,"[Competitor - Let Us Handle]
Caption 1 ""We got a free POS system... but it broke down in a week."" 😩 Don't let your technology be the reason your store stays closed. Let StoreHub handle the hard parts so you can focus on running your business.

Caption 2 Running a store is hard enough without your system failing you at the worst possible moment. Switch to a reliable partner that values your uptime as much as you do. Book your demo now!

Caption 3 Avoid the ""Free POS"" nightmare. Join thousands of merchants who trust StoreHub to provide a stable, professional environment for their staff and customers.

Headlines

Let Us Handle the Hard Parts

You Run the Store, We'll Run the POS

Goodbye, System Breakdowns

Reliability You Can Trust

Book Your Demo for Peace of Mind",-,-,Competitor - Let Us Handle
,"[Competitor - Free POS - Monthly Price]
Caption 1 Thinking about a ""Free"" POS? You might regret it when the hidden costs start piling up. Some free systems take more than they give, leaving you with lagging screens when you need speed the most. Choose a system built for real store operations instead.

Caption 2 Don't settle for a spinning loading icon while your customers wait in line. For as low as RM 129/month, you get a professional powerhouse that handles everything from e-Invoicing to multi-location management.

Caption 3 Invest in a POS that actually works for your business. Get up to 55% off hardware and access a cloud-based system that includes inventory management, loyalty programs, and real-time analytics.

Headlines

The Real Cost of ""Free""

Built for Real Store Operations

Everything You Need for RM 129

Stop Waiting, Start Selling

Up to 55% Off Professional POS","Caption 1:
免费的 POS 系统，真的免费吗？ 开始用了后才发现很多功能都有隐藏收费，你可能会感到懊悔。当你最需要它的时候，系统卡机导致的运营效率降低。所以你必须选择一个专为真实店面营运而设计的专业系统。

Caption 2:
当顾客在排队等待时，你的收银机却一直显示正在加载。 ⌛ 仅需每月 RM 129 起，你就能拥有一套功能强大的专业经营系统，从 e-Invoicing 电子发票到分店管理都概括。

Caption 3:
投资一套真正帮助你业务增长的专业 POS 系统。立即享有高达 55% 的 POS 机折扣，还自带库存管理、会员计划和实时数据分析的云端系统。

Headlines:
""揭开“免费”背后的真实代价
专为真实店面实战营运而设计
每月 RM 129，全方位满足经营需求
告别低效等待，让成交变得更迅速
""",-,Competitor - Free POS - Monthly Price
,"[Competitor - Free POS - Discounted Price]
Caption 1 Thinking about a ""Free"" POS? You might regret it when the hidden costs start piling up. Some free systems take more than they give, leaving you with lagging screens when you need speed the most. Choose a system built for real store operations instead.

Caption 2 Don't settle for a spinning loading icon while your customers wait in line. For as low as RM 129/month, you get a professional powerhouse that handles everything from e-Invoicing to multi-location management.

Caption 3 Invest in a POS that actually works for your business. Get up to 55% off hardware and access a cloud-based system that includes inventory management, loyalty programs, and real-time analytics.

Headlines

The Real Cost of ""Free""

Built for Real Store Operations

Everything You Need for RM 129

Stop Waiting, Start Selling

Up to 55% Off Professional POS","Caption 1:
免费的 POS 系统，真的免费吗？ 开始用了后才发现很多功能都有隐藏收费，你可能会感到懊悔。当你最需要它的时候，系统卡机导致的运营效率降低。所以你必须选择一个专为真实店面营运而设计的专业系统。

Caption 2:
当顾客在排队等待时，你的收银机却一直显示正在加载。 ⌛ 仅需每月 RM 129 起，你就能拥有一套功能强大的专业经营系统，从 e-Invoicing 电子发票到分店管理都概括。

Caption 3:
投资一套真正帮助你业务增长的专业 POS 系统。立即享有高达 55% 的 POS 机折扣，还自带库存管理、会员计划和实时数据分析的云端系统。

Headlines:
""揭开“免费”背后的真实代价
专为真实店面实战营运而设计
每月 RM 129，全方位满足经营需求
告别低效等待，让成交变得更迅速
高达 55% 优惠的专业 POS""",-,Competitor - Free POS - Discounted Price
,"[Free POS Carousel]
Caption 1 Thinking about a ""Free"" POS system? 🛑 Before you sign up, ask yourself if you're ready for the hidden costs of unreliable software and zero support. Don't let slow hardware be the reason you lose customers during peak hours.

Caption 2 Is a ""Free"" POS actually free? 💸 Between hidden fees and slow processing, you might end up paying more in lost sales than you ever saved upfront. Why risk your reputation on hardware that can't keep up?

Caption 3 Avoid the common mistakes of new business owners. ⚠️ A free system often means you're on your own when things break down. Choose a partner that offers the support and reliability your store deserves.

Headlines

The Real Cost of ""Free""

Don't Get Stuck with Hidden Fees

Avoid the ""Free POS"" Trap

Slow Hardware Costs You Sales

Why ""Free"" Isn't the Answer",-,-,Free POS Carousel
,"[WOLF & TURTLE | VP1 - Multi-Store Management]
Caption 1
Is it impossible to visit 12 stores daily? With the StoreHub Manager App, you can monitor all your locations at once, even if you are overseas.

🌍 Global Oversight: Check on your business from anywhere in the world.

📱 Real-Time Records: Instantly check transaction records on your phone.

⚡ Instant Action: Send details to your store managers immediately to resolve issues.

Monitor 12+ stores with ease. Get the StoreHub Manager App!

Caption 2
Stay on top of your best-selling dishes and drinks every single minute. StoreHub gives you the live data you need to run your F&B brand with confidence and clarity.

📊 Live Data: Know your best sellers daily and even by the minute.

🛡️ Full Transparency: Identify and fix errors, like accidental overcharges, instantly.

🧠 Data-Driven Growth: Use historical insights to guide your multi-store strategy.

Don't just manage—master your business with StoreHub.

Caption 3
""I can't really imagine being without it."" Arif Azman, founder of Wolf & Turtle, trusts StoreHub to keep his growing empire organized and efficient.

📈 Scalability: Built to handle everything from 1 to 12+ locations.

✅ Simple Workflow: Check sales, verify transactions, and coordinate with staff in clicks.

🏢 Unified System: One app to manage your entire retail or F&B network.

Your multi-store solution is one click away. Book your free demo!

Short Headlines
Monitor 12+ Stores with Ease

Get The StoreHub Manager App

Monitor Your Business Overseas

Real-Time Data, Total Control

One System, Total Control",-,-,VP1 Wolf & Turtle
,"[[WOLF & TURTLE | VP2 - Data
Caption 1
Is ""gut feeling"" killing your business? 📉 Arif Azman from Wolf & Turtle explains why making decisions based on emotions is dangerous in today's market. With StoreHub, you get the real data you need to adapt and succeed.

📊 Spot the Trends: Compare reports from previous years to see exactly how customer preferences have evolved.

🚫 Optimize Your Menu: Easily identify which items aren't selling so you can make safer, data-backed changes.

⚡ Adapt in Real-Time: Get every piece of information at your fingertips to pivot your strategy when it matters most.

💰 Unbeatable Value: Secure your business for the long haul and get 24 months + 12 months FREE.

Stop guessing and start mastering your data. Book your FREE demo today!

Caption 2
""It's okay to change."" Wolf & Turtle uses StoreHub’s detailed product reports to stay ahead of the curve. When the data shows a shift in what customers like, they have the confidence to evolve their offerings.

📈 Every Detail Counts: Access itemized sales reports to see exactly what sells best every day.

🔄 Historical Clarity: Use long-term data to guide your production planning and inventory management.

🎁 Best Long-term Deal: Lock in 36 months of service and we’ll give you 24 months FREE.

Your data is the secret to your success. Claim your free months now!

Caption 3
Data that won't lie. 🛡️ See the ""bigger picture"" of your business just like Wolf & Turtle. StoreHub organizes your sales, stock, and staff performance into one easy-to-read dashboard.

🔍 Identify Success: Know exactly which products are your ""fan favorites"" and double down on what works.

📱 Manager App: Access crucial statistics anywhere in the world right from your phone.

💎 Annual Special: Pay for 12 months and get 2 months FREE (14 months total validity).

Run your business with clarity, not chaos. Start your demo!

Short Headlines
Stop Making Decisions on ""Gut Feeling""

Get Up to 24 Months FREE!

Wolf & Turtle’s Data-Driven Success

Spot Business Trends Instantly

Data That Won't Lie.",-,-,VP2 Wolf & Turtle
,"[WOLF & TURTLE | VP3

Caption 1
Customer tastes change fast—is your menu keeping up? ☕ Arif Azman from Wolf & Turtle uses StoreHub’s data reports to stay ahead of the curve. Whether your customers want Nasi Ayam today or Smash Burgers tomorrow, you'll have the insights to adapt your business instantly.

📈 Trend Spotting: See exactly what your customers are craving in real-time.

⚡ Operational Freedom: Automated reporting allows you to focus on growth, not paperwork.

📱 Outlet Analysis: Review individual outlet reports to see what’s working and what isn’t.

Stop guessing and start growing. Book your FREE demo now!

Caption 2
No more old-fashioned paperwork! 📉 With StoreHub, Wolf & Turtle has every piece of business information right at their fingertips. From daily check-ups to in-depth outlet analysis, you can manage your brand with total clarity.

📊 Data-Driven Decisions: Make safer choices for your menu based on real sales history.

🏃‍♂️ Move Faster: Spend less time on manual reports and more time on the floor with your team.

🏢 Scale with Ease: Monitor multiple outlets seamlessly through a single, centralized system.

Experience the future of F&B management. Get started today!

Caption 3
""It's very different now."" 🛡️ Arif Azman shares how StoreHub’s digital reporting replaced the slow, manual processes of the past. Stay on top of your Wolf & Turtle operations with real-time visibility into every outlet.

✅ Instant Access: View your business data anytime, anywhere on the StoreHub website.

🔍 Deep Analytics: Understand exactly why certain items are performing better than others.

💡 Total Transparency: Identify operational errors and successes across your entire brand.

Master your data. Master your business. Click to learn more!

Short Headlines
Data That Won’t Lie.

Spot Trends Instantly with StoreHub

Wolf & Turtle’s Secret to Success

Stop Guessing, Start Growing.

Your Business Insights, Anywhere.",-,-,VP3 Wolf & Turtle
,"[WOLF & TURTLE | VP4
Caption 1
Still struggling with a laggy POS system? 😫 Arif Azman from Wolf & Turtle shares how switching from slow, frustrating systems to StoreHub transformed his daily operations. No more constant refreshing—just a smooth, intuitive experience for you and your staff.

⚡ Zero Lag: Stop wasting time refreshing your screen and focus on serving your customers.

📱 Intuitive Interface: A user-friendly tablet POS that feels natural from day one.

✅ Fast Learning Curve: Get your team up to speed in minutes, not days.

Keep your business moving at the speed of light. Book your FREE demo today!

Caption 2
""The satisfaction we experience with StoreHub is incomparable."" 🌟 In the fast-paced world of coffee roasting and café management, you can't afford a system that slows you down. Wolf & Turtle trusts StoreHub for its superior user-friendliness and reliable performance.

🛠️ Effortless Setup: A mature system designed to make configuration and daily use simple.

🧠 Better Workflow: Everything you need is right at your fingertips, organized exactly how you need it.

🛡️ Proven Stability: A professional infrastructure built to handle the busiest rushes without a hitch.

Don't settle for ""good enough."" Choose the POS that works as hard as you do!

Caption 3
Why spend hours fighting your POS when you could be growing your brand? ☕ Watch how Wolf & Turtle stays ""chilled"" and in control with a system that is actually easy to use. From real-time reports to lightning-fast transactions, StoreHub is the partner your café deserves.

🔍 Instant Visibility: Check your data and transactions in real-time without the lag.

🚀 Seamless Performance: Experience the difference of a professional, high-speed interface.

🤝 Total Reliability: Join 18,000+ businesses that have said goodbye to system headaches.

Ready to simplify your business? Start your StoreHub journey today!

Short Headlines
Stop Refreshing Your Laggy POS

Smooth, Intuitive & Fast Performance

The Most User-Friendly POS for Cafés

Wolf & Turtle’s Choice for Speed

Zero Lag, Total Control.",-,-,VP4 Wolf & Turtle
,[MUIZ HOT CHICKEN VP1],-,"[MUIZ HOT CHICKEN VP1] - Multi-Store Management
Caption 1: 
Macam mana Muiz Hot Chicken uruskan 5 restoran serentak tanpa pening kepala? 
Rahsianya: StoreHub Manager App. 

Tak payah nak hadap jem ke kedai untuk tengok sales harian. Dari phone je dah boleh pantau stok, check product mana paling laku, dan monitor performance staf secara real-time. Nak kembangkan bisnes sampai 10 cawangan pun takde hal. Urus bisnes jadi lebih steady dan sistematik dengan StoreHub! 📈

Daftar sekarang untuk Demo PERCUMA

Caption 2: 
Penat pusing satu bandar tiap-tiap hari semata-mata nak check 5 kafe korang? 😫

Tak payah nak buang masa travel dari satu kedai ke kedai lain lagi. Dengan StoreHub Manager App, boleh monitor stok dan sales setiap kedai serentak dari phone je. Cawangan mana sales laju, barang apa paling laku kat tempat tu, semua boleh tengok terus. Settlekan masalah pening kepala urus banyak kedai!💰

Daftar sekarang untuk Demo PERCUMA

Caption 3: 
Makin banyak cawangan, makin pening nak track untung rugi setiap lokasi? 😫
Tak payah pening! Guna je StoreHub Manager App. Buka apps, terus nampak sales performance dan product report untuk semua kedai korang. 

Dengan Sistem POS cloud-based ni, urus semua kedai korang dari mana-mana sahaja. Nak monitor 5 kedai atau tambah sampai 10 kedai pun steady je!  🌟 

Daftar sekarang untuk Demo PERCUMA

Headlines: 

Check Sales Semua Kedai dalam 1 Sistem!
Urus Kedai di mana-mana Sahaja dengan POS StoreHub!
Semak Sales & Staff dari StoreHub Manager App
Pastikan Sales Tepat dengan POS StoreHub
POS StoreHub, Automasikan Bisness!

",VP1 Muiz Hot Chicken
,[MUIZ HOT CHICKEN VP2],-,"[MUIZ HOT CHICKEN VP2] - Inventroy Management
Caption 1: 
Pernah tak rasa pelik bila sales naik mendadak, tapi bila check inventori... eh, stok dah habis? 😩 Jangan biar masalah ni 'makan' bisnes korang!

Muiz Hot Chicken guna StoreHub POS untuk tetapkan SOP supaya setiap cawangan wajib ambil stok dari HQ. Kalau ada kekurangan, senang nak kesan punca dia kat mana. Pastikan rekod dan baki stok sentiasa selari!

Daftar sekarang untuk Demo PERCUMA

Caption 2: 
Susah nak kawal semua outlet franchise yang suka beli produk luar tanpa kebenaran? 

Kawal operasi semua outlet franchise korang lebih ketat guna StoreHub. Bina SOP ordering yang sistematik supaya setiap outlet hanya boleh order bahan mentah direct dari HQ. Bila proses dah teratur, barulah bisnes tak goyang. Semua report jualan dan inventori lengkap dalam satu sistem je!

Daftar sekarang untuk Demo PERCUMA

Caption 3:
Berniaga biar nampak untung, bukan sekadar letih buat sales tapi pening bila kira stok hujung bulan. 

Kekurangan stok ni kadang-kadang bukan sebab staf curi, tapi sebab sistem urus inventori yang 'cincai'.  Biar StoreHub POS uruskan inventori dengan sangat terperinci. Check sales harian dan pergerakan produk supaya tak wujud 'kejanggalan' dalam bisnes. Kerja jadi senang, hati pun tenang!

Daftar sekarang untuk Demo PERCUMA

Headlines: 
Sales tinggi, tapi stok selalu lari?
Takde lagi salah Stok dengan StoreHub POS!
Settle masalah stok hilang dengan StoreHub
Pening stok tak tally dengan sales?
Urus Stok Semua Kedai dalam 1 sistem
",VP2 Muiz Hot Chicken
,[MUIZ HOT CHICKEN VP3],-,"[MUIZ HOT CHICKEN VP3] - Sales Data
Caption 1: 
Customer ramai, tapi bila tengok sales macam kureng? 🤔 Mungkin staf tak cukup time peak hour, atau stok tiba-tiba habis.

Jangan main agak-agak je. Guna laporan jualan ikut jam (hourly sales) dari StoreHub macam Muiz Hot Chicken. Boleh tengok pukul berapa hari apa kedai paling sibuk. Senang sikit nak susun jadual staf atau restock barang cepat-cepat. Bila semua teratur, jualan masuk laju, bisnes pun steady!

Daftar sekarang untuk Demo PERCUMA

Caption 2:
Nak buka cawangan baru memang berisiko kalau takde persediaan. Nak tahu rahsianya? 🤫

Muiz Hot Chicken guna data sales dari sistem POS StoreHub sebagai baseline sebelum buka kedai baru. Senang nak tahu produk apa paling laku waktu opening dan berapa ramai jumlah pekerja nak pakai. Bila guna data sebenar, pelan tindakan jadi lebih tepat dan mudah nak elak kerugian.

Dapatkan demo PERCUMA POS StoreHub sekarang!

Caption 3: 
Nak tahu rahsia Muiz Hot Chicken berjaya urus 5 restoran? Dorang tak main teka-teka, dorang guna data!

Semua data dalam 1 sistem POS StoreHub:
✅ Buat promosi target ikut komuniti kedai.
✅ Semak laporan jualan waktu puncak (hourly sales).
✅ Guna rekod data lama untuk buka cawangan baru.

Nak bisnes kencang, kena ada sistem yang padu. 🚀 
Jom tukar ke sistem POS StoreHub sekarang!

Headlines: 
Headline 1: Buka cawangan baru tanpa pening kepala!
Headline 2: Customer ramai tapi sales tak banyak?
Headline 3: Senang check sales 'peak hour' guna StoreHub!
Headline 4: Buat promosi 'target' ikut kawasan kedai!
Headline 5: Rahsia kembangkan bisnes dengan StoreHub",VP3 Muiz Hot Chicken
,[MUIZ HOT CHICKEN VP4],-,"[MUIZ HOT CHICKEN VP4]
Caption 1: 
Korang selalu rasa ""tak pandai teknologi ni"" dan takut sistem POS tu susah nak guna? 🫣

Jangan risau, Khalis dari Muiz Hot Chicken sendiri cakap pertama kali guna sistem POS StoreHub pun dah rasa sangat mudah. StoreHub siap bagi training jelas sampai semua staff betul-betul faham. Sistem ni memang ""senang nak guna"", dari ambik order sampai lah urus kedai. 

Tukar sistem ke POS StoreHub dengan DEMO PERCUMA!

Caption 2: 
Paling ""pening kepala""  bila sistem buat hal waktu customer tengah beratur panjang, kan? Kalau nak tunggu support sampai esok lah, memang rugi sales. 😡

Dengan StoreHub, customer service memang laju! Call je, dorang terus bantu. Siap boleh minta panduan SOP dan dorang hantar terus melalui WhatsApp. Tak perlu tunggu sampai 24 jam pun untuk selesaikan masalah. Bisnes confirm berjalan lancar, hati pun tak ""goyang"". 

Daftar sekarang untuk demo PERCUMA StoreHub!

Caption 3: 
Kenapa Muiz Hot Chicken pilih StoreHub POS? Sebab semuanya mudah dan teratur!

✅ Paparan Bergambar: Elak human error dan lajukan proses order.
✅ Senang Training: Staf baru cepat faham, tak perlu ajar lama.
✅ Support Laju: Masalah teknikal settle cepat siap hantar panduan kat WhatsApp.

Nak bisnes ""steady"", kena pakai sistem yang tak menyusahkan.
Dafter sekarang untuk demo PERCUMA StoreHub!

Headlines: 
Headline 1: Confirm order tak silap dengan POS StoreHub!
Headline 2: Senang ajar staf baru guna POS StoreHub!
Headline 3: Pertama kali guna pun rasa mudah!
Headline 4: Customer service pantas, masalah terus settle! 
Headline 5: Sistem POS paling senang nak guna!",VP4 Muiz Hot Chicken
,"[Multi year promo]
Caption 1
What running your business feels like with StoreHub? ✨ Pure freedom. Stop worrying about monthly renewals and lock in your success with our best value multi-year plans. Trusted by 18,000+ customers, we’re giving you more time to grow and more months for FREE.

💎 Unbeatable Value: Get 24 months + 12 months FREE (3 years of service!).

🚀 Ultimate Growth: Get 36 months + 24 months FREE (5 years of total coverage).

📊 Total Control: Includes Reporting & Analytics, SMS Marketing, and Shift Management.

🌟 5-Star Support: Google Review Management to keep your reputation sparkling.

Lock in your price at RM 249/month and get your free months now!

Caption 2
Ready to scale like a pro? 📈 Whether you’re running one store or twelve, StoreHub is the partner that grows with you. Experience what it feels like to have your business at your fingertips with our new extended plans.

⚡ The Starter Pro: Pay for 12 months and get 2 months FREE (14 months total validity).

📱 Manager App: Monitor your sales and staff from anywhere in the world.

🤝 Full Integration: From e-Invoicing to Inventory, it’s all in one system.

💰 Fixed Rates: Stay protected against price hikes by locking in your plan today.

Don't just manage—master your business. Claim your FREE months today!

Caption 3
This is what business bliss looks like. ☁️ Get up to 24 months FREE when you switch to StoreHub’s multi-year plans. Join 18,000+ entrepreneurs who have turned chaos into order.

✅ 36 Months + 24 FREE: The ultimate 5-year business partner.

✅ 24 Months + 12 FREE: 3 years of professional POS power.

✅ 12 Months + 2 FREE: Our standard annual plan, upgraded.

Stop paying monthly. Start growing yearly. Click for a FREE demo!

Headlines
Get Up to 24 Months FREE!

Lock in RM 249/mo & Get Free Months

What Business Freedom Feels Like

36 Months + 24 Months FREE!

Trusted by 18,000+ Businesses","Caption 1:
用 StoreHub 经营生意是什么感觉？✨ 是真正的自由。省去每月续约的麻烦，用最划算的 multi-year 配套锁定您的成功。全球超过 18,000 家商家的共同信赖，让我们为您省下更多时间与成本，并获得额外免费的订阅服务！

💎 超值回馈：买 24 个月送 12 个月（直接享有 3 年服务！）
🚀 长期护航：买 36 个月送 24 个月（长达 5 年的全面保障）

📊 全面掌控：数据报表分析、SMS 营销功能及员工排班管理

🌟 五星口碑：自带 Google Review 管理功能，让您的店面好评如潮

立即以每月 RM 249 锁定优惠价，领取免费延长月份！

Caption 2:
""准备好让你的生意像连锁店一样越做越大吗？📈 无论您是经营 1 家店还是 12 家店，StoreHub 都是伴随你成长的最佳伙伴。选择我们的全新 multi-year 配套，感受前所未有的经营效率。

⚡ 基础进阶版：买 12 个月送 2 个月（14 个月的服务期限）
📱 Manager App 移动管理：无论身在何处，都能实时监控销售额和员工表现
🤝 全面整合：电子发票 (e-Invoicing) 到库存管理，所有功能集中同个系统
💰 低价保障：立即锁定配套，不再担心未来价格上调

系统不只是管理，更是主导你的生意。
今天就领取免费延长月份！""

Caption 3:
""经营生意，本该如此轻松愉快。☁️ 别再为每个月的续约操心，现在换成 StoreHub multi-year 配套，即可免费领取高达 24 个月的订阅延长月份！加入全球 18,000+ 位成功老板的行列，让管理变得更简单。

✅ 买 36 个月送 24 个月：长达 5 年的经营保障，最省钱的方案

✅ 买 24 个月送 12 个月：3 年专业系统支持，生意稳健增长

✅ 买 12 个月送 2 个月：入门首选，年度配套福利升级

别再按月付账，开启年度增长。点击预约免费 Demo！""

""Headlines
获得高达 24 个月免费订阅延长!

每月只需 RM 249，额外获得免费订阅延长

经营生意如此轻松简单

36 个月 + 24 个月免费延长!

全球 18,000+ 商家一致信赖的品牌""",,"Multiyear Promo
Multiyear Promo <> D3 Unboxing split screen"
,"[Membership FAQ - Andrea]
Caption 1
Are you offering rewards that actually grow your business? 📈 Stop guessing and start driving the customer behaviors you want to see! With StoreHub Membership, you can create a loyalty program that’s as unique as your brand.

💰 Increase Spend: Set spending milestones to encourage larger transactions.

🥐 Drive Trials: Offer bonus points on new or selected products to get them moving.

🌟 Long-term Loyalty: Introduce tiered memberships—the more they spend, the more exclusive the rewards become.

🤖 Automated Rewards: From points and cashback to vouchers and birthday treats, the system handles it all automatically.

Turn every visitor into a regular. Book your FREE demo today!

Caption 2
Did you know that 66% of customers choose where to shop based on promos and rewards? 🛍️ If you don't have a loyalty program, you're leaving sales on the table. StoreHub makes it easy to reward your best customers and keep them coming back more often.

📱 Instant Visibility: Customers can track their points balance and unlock rewards right from their phone.

🛡️ Total Control: You decide who gets what, when, and how often.

📊 Insightful Data: Understand exactly which products are your ""fan favorites"" through itemized sales reports.

🎁 Unbeatable Value: Sign up for an annual plan and get 2 months FREE—that’s 14 months of total business support.

Build a brand your customers love. Claim your free months today!


Caption 3
Membership programs don't have to be complicated! ☁️ StoreHub gives you full control over your customer loyalty, making business feel like bliss. Get up to 24 months FREE when you switch to our multi-year plans today.

✅ Multiple Reward Types: Points, cashback, vouchers, and more.

✅ Tiered Memberships: Incentivize higher spending effortlessly.

✅ Automated CRM: Set it and watch your customers return again and again.

Stop managing chaos. Start mastering loyalty. Click for a FREE demo!

Short Headlines
Boost Sales with StoreHub Loyalty

Get Up to 24 Months FREE!

Turn Visitors into Regulars Automatically

Rewards That Work For You

66% of Customers Love Rewards!",-,-,Membership FAQ - Andrea
,"[StoreHub x TimTiah]
Caption 1
Why do cafes feel busier than ever but survive less? ☕ Timothy Tiah explains the hidden ""leaks"" that could be costing you 20% of your profit Stop managing chaos and start mastering your operations with StoreHub.

📈 Margin Mastery: Protect your 5-8% margins from inventory wastage and errors

🔄 Centralized Control: Sync GrabFood, Shopee Food, and QR orders in one place

🛡️ Operational Clarity: Use the same system Timothy Tiah trusts for Dough by Meg

Ready to stop the leaks? Book your FREE demo today!

Caption 2
Is your cafe business truly profitable or just busy? 😫 Timothy Tiah breaks down why ""cooking better"" isn't enough in 2026 You need operational clarity to survive the modern F&B landscape

⚡ All-in-One Power: Manage payments, staff, and sales visibility from a single dashboard

📦 Sync Everything: Automatically track stock across all delivery and dine-in channels

✅ Professional Infrastructure: Built for businesses that want to scale, not just survive

Upgrade your systems. Get started with StoreHub!

Caption 3
""Complexity is dangerous."" ⚠️ Timothy Tiah shares why modern cafes need more than just good recipes—they need a professional POS infrastructure Join 18,000+ brands using StoreHub to stay in control

📊 Real-Time Visibility: See exactly where your money is going, every single day

📱 Manager App: Monitor your team and transactions from anywhere in the world.

💰 Better Business: Turn ""busy-ness"" into real profit with smarter data

Your business deserves clarity. Click to learn more!

Short Headlines
Timothy Tiah’s Secret to F&B Survival

Stop Your Profit Leaks Now

Busy Isn't Always Profitable

Get Operational Clarity with StoreHub

Built for the Modern Cafe",-,-,Storehub [FINAL EDIT].mp4
,[Wolf & Turtle VP5],-,-,VP5 Wolf & Turtle
,"[AI Krit- Scaling]
Caption 1
Planning to open your second or third outlet soon? 🚀 Scaling your business is hard, but it doesn’t have to be messy. Join 18,000 businesses across Southeast Asia that trust StoreHub to make their operations smooth and scalable.

📦 Centralised Inventory: View stock levels across all branches in real-time and transfer stock between outlets in just a few clicks.

📊 Consolidated Reporting: Stop merging Excel sheets manually; check exactly which store is performing best instantly from your phone.

👥 Employee Management: Manage attendance and performance for 5 or 50 staff members from one single dashboard.

Don't let messy operations slow you down. Book your FREE demo now!

Caption 2
Already struggling to manage multiple locations? 😫 It's time to build a proper foundation for your growth. StoreHub gives you total visibility over your entire business, so you can scale fast while staying in control.

✅ Real-Time Sync: Keep your inventory and sales data updated across every outlet automatically.

📱 Manager App Mastery: Monitor store performance and staff attendance anywhere, anytime.

📈 Data-Driven Expansion: Use combined reports to make smarter decisions for your next big move.

Master your multi-store operations today. Click to learn more!

Caption 3
""Scaling is hard, but it doesn't have to be messy."" Whether you're expanding in Malaysia, Thailand, or the Philippines, StoreHub is the all-in-one POS partner you need to succeed.

🏢 Unified Operations: Manage your stock, reports, and employees from a single centralised system.

⚡ Efficiency First: Transfer inventory between shops in seconds.

🛡️ Professional Infrastructure: Join 18,000+ brands that have built their foundation on StoreHub.

Your expansion journey starts here. Get a free consultation today!

Short Headlines
Scale Fast. Stay in Control.

One Dashboard, Multiple Outlets.

Stop Merging Excel Sheets!

Centralise Your Inventory Now.

Built for 18,000+ Growing Brands.",-,-,HEYGEN_20260128_FINAL.mp4
,-,-,-,-
,"[Business Type - Barbershop - No1 POS For]
Caption 1
Master your margins and your marketing. StoreHub is the No. 1 POS for barbershops, offering everything you need—from QR payments to Google Review Management—in one system.

✂️ Smooth Shifts: Manage your barbers' schedules and performance with integrated shift management.

📲 Better Marketing: Drive repeat visits with SMS marketing and automated membership perks.

💸 Unbeatable Value: Upgrade your shop's technology and save up to 55% on your hardware.

Your barbershop, simplified. Book your free demo now!

Caption 2
Master every chair in your shop with StoreHub. 💈 Easily manage employee shifts, track your best-selling services, and use SMS marketing to fill your schedule. It’s the all-in-one system trusted by thousands of professional barbers.

Caption 3
Your barbershop deserves a modern upgrade. ✂️ Switch to StoreHub to manage your reputation with Google Review Management and reward your best clients through integrated loyalty programs. Claim up to 55% OFF your hardware and start growing your brand today!
Headlines

The No. 1 POS for Barbershops

Up to 55% OFF Hardware Deals

Manage Every Chair in One System

Grow Your Loyalty Automatically

Barbershop Mastery Starts Here",-,-,Barbershops No.1 POS FOR - Additional Industries
,"[Business Type - Retail - No1 POS For]
Caption 1
Managing a retail business shouldn't be a balancing act. Get every feature you need in one system—from loyalty programs to a seamless online website. Join 18,000+ businesses that have traded messy spreadsheets for total operational clarity.

🌐 Omnichannel Ready: Connect your physical store to an online website effortlessly.

📈 Built-in Growth: Use SMS marketing and Google Review Management to keep customers coming back.

🎁 Hardware Special: Upgrade your storefront today and get up to 55% OFF your hardware.

Ready to master your retail operations? Book your FREE demo today!

Caption 2
Tired of jumping between different apps to run your store? 🛍️ StoreHub centralizes your retail operations, managing your inventory, staff shifts, and SMS marketing from a single dashboard. Join 18,000+ businesses that have chosen the No. 1 POS for retail.

Caption 3
Scale your retail empire with total confidence. 📈 Whether you are managing one shop or ten, StoreHub gives you the tools to grow, including Google Review Management to keep your reputation sparkling. Claim your hardware discount of up to 55% now!

Headlines

The No. 1 POS for Retail Success

Up to 55% OFF Retail Hardware

One System, Every Retail Feature

Scale Your Retail Brand Faster

Total Control Over Your Inventory",-,-,Retail No.1 POS FOR - Additional Industries
,"[Business Type - Grocery Store - No1 POS For]
Caption 1
In the grocery business, speed is everything. StoreHub is the No. 1 POS for grocery stores, designed to handle high-volume transactions without the lag. Keep your lines moving and your customers happy with a system that just works.

⚡ Lightning Fast: Smooth, intuitive performance that won't let you down during the rush.

📊 Smarter Stocking: Manage shifts and track inventory levels across your entire store.

🛒 Modern Loyalty: Build a community with integrated membership and rewards programs.

Claim up to 55% OFF your hardware when you switch today!

Caption 2
Stop managing your grocery store with ""gut feelings."" 📊 Get total visibility over your sales and stock levels with the No. 1 POS for grocery stores. From membership programs to shift management, we provide the infrastructure you need to survive and thrive.

Caption 3
Your neighborhood grocery store deserves a professional upgrade. 🛒 Switch to StoreHub to manage your inventory, SMS marketing, and Google reviews all in one place. Claim your special hardware offer of up to 55% OFF and start scaling!

Headlines

Handle the Grocery Rush with Ease

The No. 1 POS for Grocery Stores

Speed Up Your Checkout Today

Grocery Hardware: Up to 55% OFF

Inventory Management Made Simple",-,-,Grocery Stores No.1 POS FOR - Additional Industries
,"[Business Type - Convenience Store - No1 POS For]
Caption 1
Opening your second or third outlet? 🚀 Scaling a convenience store network is hard, but it doesn't have to be messy. StoreHub centralizes your inventory and reporting so you can manage multiple locations from one dashboard.

📱 Manager App Mastery: Check transaction records and sales data from your phone anywhere in the world.

📦 Live Inventory: Manage stock levels across all branches and handle shifts effortlessly.

💰 Massive Savings: Switch today and get up to 55% OFF your professional POS hardware.

Scale fast while staying in control. Start your demo today!

Caption 2
Manage your multi-location empire from your phone. 📱 StoreHub gives convenience store owners real-time visibility over stock levels and sales across every outlet. Say goodbye to operational mess and hello to the No. 1 POS for convenience stores.

Caption 3
Don't let your technology hold you back during the rush. ⚡ Experience zero lag and total control over your shifts and loyalty programs with StoreHub. Sign up today to claim up to 55% OFF your hardware and build a foundation for growth!

Headlines

The No. 1 POS for Convenience Stores

Scale Your Multi-Store Empire

Up to 55% OFF Hardware Today

Data That Won't Lie

Centralized Operations, One System",-,-,Convenience Stores No.1 POS FOR - Additional Industries
,"[Business Type - Beauty Salon - No1 POS For]
Caption 1
Your clients deserve a 5-star experience from the moment they walk in. StoreHub provides the perfect infrastructure for beauty salons to manage staff, shifts, and client loyalty in one place.

💖 Client Love: Use membership tiers and automated SMS marketing to reward your best regulars.

📅 Organized Operations: Manage employee shifts and Google reviews to keep your salon's reputation sparkling.

🎨 Sleek Hardware: Get professional, modern hardware for your front desk at up to 55% OFF.

Your salon deserves the best. Book your free consultation now!

Caption 2
Your salon's reputation is your biggest asset. ✨ Manage your Google reviews, employee shifts, and tiered memberships seamlessly with StoreHub. It's the professional system designed to let you focus on style while we handle the operations.

Caption 3
Master your salon's margins and marketing in one system. 💇‍♀️ Whether you need to track product sales or manage your staff performance, StoreHub provides the clarity you need to grow. Join 18,000+ brands and get up to 55% OFF your new POS hardware!


Headlines

The No. 1 POS for Beauty Salons

Reward Your Clients Automatically

Up to 55% OFF Salon Hardware

Manage Your Salon Like a Pro

Every Feature for Your Style Brand",-,-,Beauty Salons No.1 POS FOR - Additional Industries
,"[NOff VP1]
Caption 1
What if you could increase your customer return rate by 50% without lifting a finger? At NOff Coffee, StoreHub’s automated cashback feature has turned half of their customers into loyal regulars.
- 🔄 50% Higher Return Rate: Nearly 50% of customers return specifically to use their earned cashback.
- 🤖 Set & Forget: The system is fully automated, removing the need for manual tracking or physical stamp cards.
- 📲 Smart Reminders: The system automatically sends SMS reminders to customers, prompting them to come back and redeem their balance.
Ready to build a loyal fanbase? Book your FREE demo today!

---
Caption 2
Traditional loyalty programs are a hassle, but StoreHub Cashback makes it simple for both you and your customers. NOff Coffee found that customers are much more likely to return when they can see their rewards right on their phone.
- 💳 Instant Visibility: Customers see exactly how much they’ve earned, making the value of returning clear and immediate.
- ⏳ Effortless Implementation: Easier to manage than any manual loyalty scheme you could build yourself.
- 📈 Measurable Growth: Watch your business grow as your regulars become your most reliable source of revenue.
Stop losing customers. Start earning loyalty with StoreHub!

---
Caption 3
""It's simpler and more automated than anything we could do ourselves."" Join NOff Coffee and thousands of other merchants using automated rewards to keep their seats full and their counters busy.
- 📩 Proactive Engagement: Automatically nudge customers to return with personalized SMS alerts.
- ☕ Focus on the Coffee: Let the tech handle the marketing while you focus on providing a great experience.
- 🌟 5-Star Experience: Give your customers a reason to choose you over the competition every single time.
Turn one-time visitors into lifelong fans. Get started now!

---
Short Headlines
- Boost Customer Returns by 50%
- Automated Loyalty That Just Works
- Turn Your Regulars into Superfans
- Say Goodbye to Manual Stamp Cards
- Smart Rewards, Better Business","Caption 1
如果不需要费任何心思，就能让电力的回头客增加 50%，你觉得如何呢？NOff Coffee 分享了他们的秘诀：通过 StoreHub 的自动化 Cashback 功能，成功让半数顾客成了忠实常客。
- 🔄 回头率提升 50%：近 50% 的顾客为了使用上次赚取的 Cashback 而再次光顾
- 🤖 自动化运作：系统全自动运行，无需手动追踪，也不再需要实体的 Loyalty 卡
- 📲 智能提醒：系统会自动发送简讯 (SMS) 提醒顾客回来兑换回扣的余额
准备好建立你的忠实粉丝群了吗？立即预约免费 DEMO 吧！





---
Caption 2
传统的会员系统往往非常繁琐，而 StoreHub Cashback 为你化繁为简，让你和顾客都感到轻松简单。NOff Coffee 的经验证明，让顾客在手机上直观地看到奖励，是提升回头率的关键。
- 💳 透明的奖励机制：顾客随时查看余额，让“再次光顾”的动力变得清晰直接
- ⏳ 设定简单：自动化运作，比任何手动记录的方案都更容易管理
- 📈 业务稳定增长：把路人变熟客，为你建立起最可靠的收入来源
不再让顾客流失，现在就开始用 StoreHub 建立你的忠实粉丝群！





---
Caption 3
“这方法比我们自己做的任何方式都来得简单、更自动化。” 立即加入 NOff Coffee 以及数千家商家的行列，利用自动化奖励机制让你的店面保持人气，生意源源不断。
📩 主动联系顾客：通过个性化 SMS 简讯，自动引导顾客再次光顾
☕ 回归经营初心：把繁琐的推广交给系统，而你可以全心投入，为顾客提供最优质的体验
🌟 打造优质口碑：让顾客在众多竞争对手中，每一次都坚定选择你的理由
别让顾客只来一次，现在就联系我们了解更多！




---
Short Headlines
- 让回头客增加 50%
- 简单易用的自动化会员系统
- 将熟客变成你的忠实支持者
- 摆脱传统纸卡，实现数字化管理
- 智慧奖励，让生意越做越好",-,NOFF MY_Cashback_20260119
,"[NOff VP2]
Caption 1
Don’t let the peak hour rush slow your business down. With StoreHub QR Order & Pay, your team can handle triple the sales with the same number of staff.
- ⚡ Scale Your Sales: Four staff members can now comfortably handle RM 2,000–3,000 in sales compared to just RM 1,000 previously.
- 📱 Seamless Experience: Customers scan, order, and pay automatically, allowing your team to focus solely on service.
- ✅ Operational Excellence: Orders go straight to the bar and kitchen, drastically reducing order errors.
Ready to boost your efficiency? Book your FREE demo today!

---
Caption 2
Tired of long queues at the counter? 😫 QR Order & Pay is the ultimate solution for busy cafés like NOff Coffee. Give your regulars the convenience they love while saving on manpower costs.
- 🏃‍♂️ Faster Turnovers: No more waiting for staff to take orders—customers take charge of their own dining experience.
- 💰 Save on Manpower: Reduce the need for extra hands at the counter during the busiest shifts.
- ☕ Better Service: Spend more time crafting the perfect cup and less time processing payments.
Master the rush with StoreHub. Click to learn more!

---
Caption 3
""StoreHub helped us save a lot of manpower."" Learn how NOff Coffee transformed their operations to handle peak hours with ease and precision.
- 📦 Instant Workflow: Orders flow directly to the preparation stations for faster output.
- 🛡️ Reduced Mistakes: Eliminate manual entry errors and ensure every order is correct.
- 📈 Professional Growth: Join thousands of F&B brands using tech to scale efficiently.
Your peak hour partner is here. Get started with StoreHub!

---
Short Headlines
- Handle Peak Hours with Ease
- Triple Your Sales Efficiency
- Save on Manpower, Not on Sales
- QR Order & Pay: The Café Essential
- Zero Lag, Zero Order Errors","Caption 1
别让高峰时段的繁忙拖慢你的生意节奏。通过 StoreHub QR Order & Pay，你的团队在维持原有的人力下，也能处理高达三倍的销售额。
- ⚡ 销量翻倍增长：以往四名员工只能处理 RM 1,000 的销售额，现在能轻松应对 RM 2,000–3,000 的生意量
- 📱 流程顺畅无阻：顾客自动扫码点餐与付款，让你的员工能全心投入提供更好的服务
- ✅ 营运精准到位：订单直接传送到饮料台和厨房，再也不怕漏单或错单
准备好提升你的营运效率了吗？今天就预约免费 DEMO 吧！



---
Caption 2
柜台前的长龙往往会影响顾客的体验😫 对于像 NOff Coffee 这样繁忙的咖啡馆，QR Order & Pay 是完美的解决方案。在节省人力成本的同时，也让熟客享受更便利的付款方式。
- 🏃‍♂️ 提高翻桌率：无需等待员工下单，顾客可以完全掌控自己的用餐进度
- 💰 节省人力成本：在最繁忙的时段，减少对柜台额外人手的依赖
- ☕ 提升服务质感：把处理付款的时间省下来，全心投入于冲泡每一杯完美的咖啡
让 StoreHub 帮助你轻松应对高峰时段。点击这里了解更多吧！




---
Caption 3
“StoreHub 帮我们节省了大量人力。” 了解 NOff Coffee 如何通过数位化转型，在高峰时段依然能从容、精准地处理每一张订单。

📦 下单流程对接：订单直接传送到备餐台，加快出餐速度
🛡️ 降低点餐失误：彻底摆脱手动输入的失误，确保每一份餐点都是顾客选好的
📈 专业化发展生意：加入数千家 F&B 品牌的行列，利用科技实现更专业、更高效的扩张
你的高峰时段最佳拍档就在这里。立即启动 StoreHub 系统吧！

---
Short Headlines
- 轻松驾驭高峰时段
- 三倍提升销售效率
- 省下人力的同时，赚到更多业绩
- QR Order & Pay：咖啡馆经营必备
- 系统运作更稳定，订单不出错",-,NOFF MY_QR&PAY_20260129
,"[NOff VP3]
Caption 1
Why complicate your counter? ☕️ At NOff Coffee, Kent chose StoreHub because it’s built for simplicity. Moving away from bulky, traditional POS hardware to a sleek iPad system has made daily operations smoother for his entire team.
- 📱 iPad-Native: Designed for the hardware you already know and love.
- ✨ Clean UI: A refreshed interface that makes tracking cash sales and reports crystal clear.
- ⏱️ Quick Setup: Spend less time troubleshooting tech and more time perfecting your brew.
Ready to simplify your workflow? Book your FREE demo today!

---
Caption 2
Caption: ""StoreHub is more mature and feature-rich than other systems we've tried."" 🌟 For NOff Coffee, the secret to scaling wasn't just coffee—it was a POS system that grows with them. From back-office analytics to seamless marketing tools, everything you need is in one place.
- 📈 Mature Ecosystem: Years of refined features that handle everything from inventory to CRM.
- 🎯 Marketing Made Easy: Use your sales data to drive smarter promotions without the headache.
- 🛠️ Effortless Settings: A system that’s easy to configure, even as your menu and business evolve.
Don't settle for ""basic."" Get the POS that does it all!

---
Caption 3:
Caption: Stop guessing and start growing. 🚀 NOff Coffee trusts StoreHub to provide a clear, real-time view of their business performance. With an upgraded UI that makes sales data easy to digest, you’re always in control of your shop’s success.
- 🔍 Total Clarity: See your cash sales and performance metrics at a glance.
- 🙌 Reliable Tech: A proven system used by thousands of merchants for years.
- ☕️ Owner-Approved: Built to let business owners focus on their passion, not their software.
Join the StoreHub family and see the difference. Get started now!

---
Short Headlines
- The POS That’s Actually Easy to Use
- Sleek, Simple, and StoreHub-Powered
- Upgrade Your Cafe with iPad POS
- Powerful Features, Zero Complexity
- Clearer Data, Better Business","Caption 1
为什么还要把柜台搞得这么复杂？☕️ NOff Coffee 的 Kent 选择 StoreHub，其实就是为了“简单”两个字。比起以前那种笨重、操作又 Manual 的传统收银机，换成 iPad 系统后，全店上下处理订单都更流畅了。

📱  支持 iPad 版本：用你最熟悉的设备就能跑系统，缩短员工培训时间
✨ 账目清清楚楚：UI 设计非常干净，现金进出和报表一目了然，无需再反复核对人工记录
⏱️ 摆脱技术烦恼：系统稳、设定快，可以把心思放在冲泡咖啡上，不再为老旧设备的故障操心

准备好简化你的工作流程了吗？马上预约免费 DEMO 吧！

---
Caption 2
“StoreHub 的功能比市面上很多系统都要齐全。” 🌟 对于 NOff Coffee 来说，生意能做好的秘诀不只是咖啡好喝，还有一套能跟着他们一起成长的 POS 系统。从后台数据分析到各种营销工具，一个系统就能全面掌握。
- 📈 功能全方位覆盖：经过多年的优化，从库存管理到 CRM 会员制度，功能设计完全贴合本地老板的真实需求。
- 🎯 数字化精准营销：最新销售数据来规划促销活动，让你的每一分投入都发挥最大效益。
- 🛠️ 灵活设定：无论是增加新菜色还是调整价格，操作过程都非常直观，无需任何技术背景。
生意在成长，系统也要跟得上。选择一套能全方位支持你业务成长的 POS 系统！


---
Caption 3:
别再凭感觉经营，看清数据，生意才好做。🚀 NOff Coffee 信任 StoreHub，是因为系统能提供最实时、最清晰的运营表现。通过全面升级的 UI 界面，复杂的销售数据变得一目了然，让你始终掌握店面的成功关键。
🔍 数据全面掌握：现金销售额与经营指标一目了然，所有的关键数据都在手机上查到。
🙌 值得信赖的技术：深耕市场多年，是数千家商家长期信赖的稳定系统。
☕️ 专为店主打造：我们为你处理复杂的技术问题，让你把时间留给服务顾客和产品上
加入 StoreHub 大家庭，亲身体验经营的改变。现在就开始吧！



---
Short Headlines
- 真正好上手的 POS 系统
- 简约而不简单， StoreHub 系统核心
- 用 iPad POS 升级你的咖啡馆
- 强大功能，零门槛操作
- 掌握数据，生意更好做",-,NOFF MY_StoreHub Pos_20260211
,"[Kenjo Bakery VP1 - Manage Remotely]
Caption 1 
How does John Ho manage Kenjo Bakery while he’s on the move? 🍞 Whether he is at another outlet or even overseas, he stays in control with the StoreHub Manager App. Monitor your stock levels and daily sales for every Johor location right from your phone.
🌍 Remote Oversight: Check stock levels for bread and cakes without being in-store.
⚡ Instant Edits: Update prices and add new items to your menu in seconds.
📊 Real-time Data: Get up-to-the-minute sales reports across all your branches.
Claim our best value yet! Lock in RM249/month and get up to 24 months FREE on multi-year plans.

Caption 2 
Scaling your bakery in Johor? 📈 Don’t let manual inventory checks slow you down. John Ho uses StoreHub to provide certain answers to customers about product availability without ever needing to WhatsApp his staff.
✅ Certainty: Know exactly how many loaves are left on the shelf at any time.
🔄 Seamless Sync: One system to manage your price changes and inventory levels.
🛡️ Peace of Mind: A professional POS that lets you manage your business, not just your register.
Subscribe for 3 years and get 2 years FREE. That’s 5 years of total business peace of mind!""        

Headlines
Manage Your Johor Bakery From Anywhere
Get Up to 24 Months FREE
Real-Time Stock Tracking via Mobile
John Ho’s Secret to Scaling Kenjo
Lock in RM249/mo + Free Months","Caption 1
人在外，如何掌控全局？看 Kenjo Bakery 的 John Ho 如何灵活管理！🍞
无论是在巡视其他分店，还是身处海外，他都能通过 StoreHub Manager App 随时掌控业务。只需一部手机，就能轻松监控 Johor 几家分店的库存水平和每日销售额。
🌍 远程监管： 不在店里也能盯着库存，面包蛋糕卖剩多少一清二楚。
⚡ 快速编辑： 手机点一点就能更新价格，或添加新产品。
📊 实时数据： 各分店的销售报告实时同步，经营状况一目了然。
立省更多！现在就锁定每月低至 RM249 的特惠价，订购长期配套更可获得额外 24 个月的订阅！

Caption 2
想在柔佛多开几间分店？📈 别让库存点货拖慢你的进度！Kenjo Bakery 的老板 John Ho 以前也是凡事都要 WhatsApp 问员工：“面包还有货吗？” 现在用了 StoreHub，他看一眼手机就能给顾客准确答复，完全不用等。

✅ 精准库存： 货架上还剩多少条面包，手机一刷秒懂
🔄 同步更新： 改价钱、调库存，一个系统全搞定
🛡️ 真正省心： 这不只是收银机，而是帮你管好生意的得力助手。
现在签 3 年订阅会额外送 2 年！5 年的长久保障，让你专心把生意做大！",-,VP1 Why StoreHub: 20260216 Kenjo Bakery
,"[Kenjo Bakery VP2 - Inventory]
Caption 1
 ""If we can count it, we can track it."""" 📊 At Kenjo Bakery, every gram of flour and sugar is accounted for. With StoreHub, you get live inventory control that helps you negotiate better prices with suppliers.
🥖 Raw Material Tracking: Monitor everything from flour and sugar to butter.
📦 Smart Purchasing: Use monthly usage data to buy in bulk and save.
🕒 Live Control: Know your exact stock situation the moment you need it.
Get more for your money! Pay for 12 months and get 2 months FREE (14 months total).

Caption 2 
Stop guessing and start growing. 🚀 Kenjo Bakery uses StoreHub to track raw materials and finished goods across their Johor outlets, turning inventory into efficient operations.
💰 Cost Control: Better tracking means better margins for your F&B business.
🛠️ High-Efficiency Ops: Let the system handle the hard parts of inventory.
✅ Precision: Every item is recorded so you can manage your purchasing with confidence.
Lock in our RM249/month rate today and get up to 24 months for FREE.""	

Headlines
Precision Inventory for Johor Bakeries
Pay for 24 Months, Get 12 FREE
Track Raw Materials in Real-Time
Negotiate Better Supplier Prices
Efficient Ops Start with StoreHub","Caption 1
“算得清，才管得好。” 📊 在 Kenjo Bakery，每一克面粉和砂糖成本用量都被记录。
John Ho 选用 StoreHub 实时掌控库存，不仅是为了防止浪费，还能凭用量数据精准补货，跟供应商谈到更好的进货价！
🥖 原料追踪： 从面粉、白糖到牛油，每一种原材料的去向都一目了然。
📦 精明补货： 靠月度数据精准分析，看准时机批量采购，进货成本省更多。
🕒 实时掌控： 随时随地查库存，在需要做决定时，数据就在你手里。
现在签购更划算！买 12 个月就能额外获赠 2 个月（共14个月的服务期）。	

Caption 2
做生意不再靠猜而是稳定成长 🚀 Kenjo Bakery 用
StoreHub 来实现原材料与成品的全自动化追踪，让Johor 的各个分店管理变得轻松高效。
💰 成本把控： 减少浪费就是增加你的 F&B 收入
🛠️ 解放双手： 告别手动对账，让专业的系统为你处理复杂的库存逻辑。
✅ 精准采购： 每个材料都清楚记录，买多少心里有数，资金周转更灵活。
今天就锁定每月 RM249的优惠价格，还额外送你高达 24 个月的订阅服务。",-,VP2 Inventory:20260226 Kenjo Bakery
,"[Kenjo Bakery VP3 - Reports & Remote Management]
Caption 1: 
Running a bakery is about more than just kneading dough—it’s about knowing what sells. 🥖 At Kenjo Bakery, the Product Sales Report is the secret ingredient to smarter production. By identifying top-performing items, they’ve turned data into a recipe for growth.
📊 Deep Product Insights: Easily track which items are flying off the shelves during specific time frames.
🔝 Smart Sorting: Sort sales from highest to lowest to instantly identify your bestsellers and """"slow-movers.""""
📅 Better Planning: Compare monthly and yearly data to master your production planning and reduce wastage.
Stop guessing and start growing. Book your FREE StoreHub demo today!""	

Caption 2:
Wish you could be in two places at once? 🏠✈️ For the owner of Kenjo Bakery, StoreHub’s Backoffice is a game-changer. From updating prices to checking live sales, he manages his business without even stepping foot in the shop.
📲 Remote Control: Update prices and add new menu items instantly from your smartphone.
实时 Real-Time Tracking: Monitor your revenue and transaction data in real-time, no matter where you are.
🛠️ Effortless Updates: Make operational changes on the fly without disrupting the daily flow of your staff.
Take back your time and manage your business with total freedom. Start your StoreHub journey now!

Caption 3:
""""With these figures, we can plan our future production much better."""" Join Kenjo Bakery and thousands of other merchants using StoreHub’s advanced reporting to stay ahead of the curve. 📈
🆕 New Product Analysis: Launching something new? See exactly how it’s performing in its first month.
📉 Minimize Waste: Use historical data to predict exactly how much you need to bake.
🚀 Scale with Confidence: Access professional-grade business analytics that help you scale with precision.
Turn your data into your biggest competitive advantage. Get started with StoreHub!

Short Headlines
Bake Smarter with Data-Driven Insights 🥐
Manage Your Bakery From Your Pocket
Kenjo Bakery’s Secret to Zero Guesswork
Real-Time Sales, Real-Time Growth
The All-In-One System for Busy Bakers
Master Your Production Planning Today","Caption 1:
做面包店不只是靠手艺，更要懂得看“销路”！
🥖 Kenjo Bakery 靠 StoreHub 的产品销售报表, 能够精准掌握每天要烤多少面包。通过数据，他们能秒懂什么产品最好卖，把“数据”变成生意成长的“独家配方”。
📊 爆款分析： 哪个时段什么面包卖得最快？系统一目了然，不用问员工。
🔝 销量排行： 自动从高到低排列，直接找出哪个餐品是热销冠军，哪个是卖不动的。
📅 精准备货： 对比月度和年度数据，精准规划生产，减少卖不完丢掉的浪费。
别再靠猜了，生意要靠数据来带！今天就联系我们预约免费的 StoreHub Demo！	

Caption 2:
几家分店要管都想分身了？🏠✈️ 对 Kenjo Bakery 老板来说，StoreHub BackOffice就是他的“任意门”！有了 StoreHub 后台，John 就算不在店里，也能像在现场一样。无论是改价钱还是看今天卖了多少，只要手机在手，他完全不用进店也能把生意管得稳稳的。
📲 远程管理： 随时随地更新价格或加新品，点几下手机就搞定，不用特地跑回店。
📊 实时看账： 无论你在哪里，今天收了多少钱、做了多少单，数据实时同步到你手里。
🛠️ 灵活调度： 发现问题立刻在后台改，完全不会打断员工收银，管理零时差。
拿回属于你的时间，实现真正的管理自由。现在就开启你的 StoreHub 转型之旅！",-,VP3 Data & Analytics :20260310
,"[Kenjo Bakery VP4 - Loyalty & Cashback]
Caption 1 
""""Wow, not bad! I'll come back next time."""" 🥐 That’s the reaction at Kenjo Bakery when customers hear about their 5% Cashback. Turn one-time visitors in Johor into loyal regulars with automated rewards.
💖 Drive Returns: Give customers a tangible reason to choose you again.
🤖 Automated Loyalty: The system handles the membership so you don't have to.
📈 Growth Hack: Encourage new customers to join and see your retention soar.
Unlock 36 months of power for the price of 24! Get 12 months FREE today.

Caption 2 
Bakery items are a daily essential—why not reward your customers for it? ☕ Kenjo Bakery uses StoreHub Cashback to remind customers to come back and spend again.
✅ Easy Sign-up: Encourage customers to join your membership in seconds.
💰 5% Cashback: A simple, effective reward that keeps the counter busy.
🔄 Retention Machine: Automated rewards lead to higher customer lifetime value.
Start for RM249/month and get 2 months FREE on our annual plan.


Headlines
Turn Johor Walk-ins into Regulars
Get Up to 24 Months FREE!
5% Cashback for Every Customer
Automated Rewards That Drive Sales
Lock in RM249/mo + Free Months","Caption 1:
“哇，不错喔！下次还会再来。” 🥐
这就是当顾客在 Kenjo Bakery 结账时听说有 5% 的现金回馈 (Cashback)的真实反应。想要让那些第一次进店的路人变成店里的老顾客？秘诀就在于这套自动化的奖励系统。
💖 制造回流动力： 给顾客一个实实在在、看得见的理由，让他们在下一次想吃面包时，第一个就想到你。
🤖 自动化会员制： 你和员工只需要专心服务，复杂的会员设定交给系统就好。
📈 业务增长利器： 轻松吸引新客户加入会员。看着你的“回头客”越来越多。
现在只需用 24 个月的预算，即可享有 36 个月的服务！今天签购即额外获赠 12 个月免费！

Caption 2:
面包是每天的必需品 — 既然顾客天天都要买，为什么不顺便给他们一点回馈呢？☕ Kenjo Bakery 老板利用 StoreHub Cashback 巧妙地给了顾客一个“回头的理由”。每当顾客想起那还没用掉的积分或回馈金，就会自然而然地推开门，再次光临消费。
✅ 秒入会员： 只需几秒钟就能引导顾客加入会员
💰 5% 现金回馈： 最直接、有效的奖励方式，让你的收银柜台订单接不停。
🔄 强力留客机器： 这种自动化的奖励机制能持续拉长消费周期。买得越多，回流越多。
每月仅需 RM249 起！现在签购年度配套，即可额外获得 2 个月的免费订阅。",-,VP4 Inventory:20260227 Kenjo Bakery
,-,-,"[Aqmar Ep 1: Sales & Inventory Data]
Caption 1
Elak rugi beli stok tak laku! Guna StoreHub POS untuk track real sales data, bukan sekadar komen viral. 📊

Pernah kena macam Aqmar? Bila viral, ramai komen nak beli. Guna habis modal pusing pi restock. Sekali barang sampai, senyap. Stok sangkut penuh bilik! Berpeluh nak kasi settle balik modal. 🤦‍♂️

Bottom line: Berniaga kena pakai data, bukan emosi.

Biar sistem StoreHub bantu Bos:
✅ Tunjuk exactly barang mana paling laku
✅ Pantau stok & elak modal lebur
✅ Sistem power dan senang guna Takyah pening kepala lagi. Tinggalkan kerja leceh ni pada StoreHub, Bos cuma fokus kembangkan bisnes je.

Klik link di Bio untuk cuba StoreHub hari ini! 🚀👇

Caption 2: 
Viral tak bermaksud sales lebat kalau stok sangkut. Guna StoreHub POS sekarang untuk elak modal lebur! 🛑

Macam kes Aqmar, bila video FYP, berderet komen suruh restock. Dia pun guna habis modal pusing. Sekali barang sampai, customer krik krik 🦗...

Jangan restock ikut emosi komen! Biar StoreHub bantu, sistem ni tunjuk data sales sebenar secara real-time. Senang nak tahu exactly barang apa yang confirm laku keras untuk di-restock. Paling penting, sistem ni memang 'senang guna'.

Klik link di bawah & biar StoreHub jaga data. Kita fokus buat duit! 👇

Caption 3:
Berhenti restock buta-buta ikut trend! Biar StoreHub POS tunjuk data jualan harian yang betul. 🛑

Kes Aqmar ni jadi pengajaran. Ramai komen suruh restock bila video FYP. Dia pun yakin je order macam-macam saiz. 
Sekali customer lari beli tempat lain. Stok terperap penuh bilik, terpaksa buat live sale tebus modal balik.🤦‍♂️

Bottom line: Keputusan bisnes kena ikut data, bukan sangkaan.
Kelebihan guna StoreHub:
✅ Track jualan & trend pelanggan secara automatik
✅ Tahu bila masa sesuai nak restock barang 'panas'
✅ Jimat masa, kurang silap, sale makin steady

Kembangkan bisnes cara selamat. Dapatkan DEMO PERCUMA sistem POS StoreHub. Klik link di Bio/Bawah! 📲👇

Headlines: 
Jangan Buta-buta Restock, Guna StoreHub! 📊
Elak Modal Lebur, Guna StoreHub. 💸
Komen Beribu, Sales Krik Krik. 📉
Stop Teka-Teka! Guna Data Jualan dari StoreHub. 🛑
Restock Ikut Data Sales dari StoreHub! 📊",Aqmar Ep 1 (Sales & Inventory Data)
,"[New Business Promo]
Caption 1:
Starting a new business doesn't mean you have to be tied to the counter 24/7. With StoreHub, you can manage your shop from anywhere—whether you're at home or on the move.

🏠 Remote Control: Update prices or add new menu items without needing to be in the store.

📊 Real-Time Pulse: Check your sales data and reports instantly from your phone.

🛠️ Mature Ecosystem: Use a platform that has been refined over years to be stable and reliable for new launches.

Launch with confidence. Book your FREE demo today!

Caption 2:
Stop guessing what your customers want. New businesses like Kenjo Bakery use StoreHub’s granular reporting to make every loaf and pastry count.

📈 Smart Planning: Use historical data to plan your future production and reduce waste.

🥐 Product Insights: Easily track if your new items are ""best-sellers"" or ""slow-movers"".

✨ User-Friendly UI: A clean, intuitive interface that makes tracking cash sales and performance clear for your whole team.

Grow smarter from Day 1. Get started with StoreHub!

Caption 3:
""It’s simple to use, yet packed with features."" Why settle for a basic POS when you can have a mature system that scales with your ambition?

📱 Modern Hardware: Run your entire business from a sleek, iPad-based system that saves counter space.

🔄 All-in-One: From back-office reporting to front-of-house sales, everything is integrated.

🏆 Proven Reliability: Join thousands of merchants who trust a system that’s been perfected over many years.

Your business deserves the best start. Book your FREE demo!

Short Headlines
The Smarter Way to Start Your Business

Manage Your Shop from Anywhere

Data-Driven Success from Day One

Simple to Use, Powerful to Grow

The POS That Scales with Your Ambition",-,-,New Business Promo
,"[Naug Just Plants - VP1]
Caption 1
Is your current POS leaving you stranded? 🛑 Jae from Naug Just Plants struggled for two years with software that had zero support and limited features. Since switching to StoreHub, he’s experienced a major upgrade in functionality and peace of mind.

🎧 7-Day Live Support: Resolve any issue within a day through our responsive Live Chat.

⚡ Instant Adaptability: Get your team up to speed quickly with an interface that is straightforward and intuitive.

📦 Unlimited Potential: Unlock 30+ features designed to grow your retail or F&B brand.

Don’t settle for zero support. Switch to StoreHub and book your FREE demo today!

Caption 2
""Everything was limited... until we found StoreHub."" 🌿 Learn how Naug Just Plants moved away from restrictive software to a system that truly supports their growth. No more reading through lengthy FAQs—just real solutions, real fast.

✅ Straightforward Workflow: Simplify your daily operations with a dashboard that just makes sense.

🚀 Rapid Training: Watch your staff become accustomed to the system almost instantly.

🛡️ Professional Infrastructure: Join 18,000+ businesses that trust StoreHub to handle the ""hard parts"".

Your business deserves better. Experience the StoreHub difference now!

Caption 3
Say goodbye to system frustration! 😤 If you’ve ever felt stuck with limited features and no one to call for help, it’s time for a change. Naug Just Plants chose StoreHub for its comprehensive features and 5-star customer service.

💬 Expert Live Chat: Get the help you need without being ""prolonged"" by waiting for answers.

📱 Total Visibility: Monitor your inventory and sales performance from a single, powerful dashboard.

🎨 Modern Interface: Enjoy a sleek, lag-free experience that keeps your store moving.

Unlock your store's full potential. Start your StoreHub journey today!

Short Headlines
Say Goodbye to Zero Support

Naug Just Plants’ Secret to Success

Get Live Help within a Day

No More Limited Features

Reliable Tech, Better Service.",-,-,Naug Just Plants VP1
,"[Naug Just Plants - VP2]
Caption 1
Stop traveling just to fix your POS! 🚗 Jae from Naug Just Plants used to have to be physically present at his outlets whenever an issue needed resolving. With StoreHub, he can now identify and handle configuration issues remotely from a single dashboard.

🌍 Remote Resolution: Configure your system and resolve outlet issues without leaving your home.

📱 Highly Accessible: Monitor multiple stores and view live sales data directly from your phone.

📊 Data Tracking: Compare current progress against yesterday’s figures to keep your growth on track.

Get the freedom to manage from anywhere. Book your FREE demo today!

Caption 2
Tired of being ""chained"" to your store? ⛓️ Learn how Naug Just Plants uses StoreHub to manage multiple locations with total ease. Everything from transaction records to staff adaptability is integrated into one simple app.

📈 Insightful Reports: Instantly determine which items are selling well and which are not.

🤝 Reliable Support: Get issues resolved within a day via our expert Live Chat team.

🚀 Rapid Training: Watch your team become accustomed to our straightforward interface in record time.

Your business, at your fingertips. Discover the StoreHub advantage!

Caption 3
""Everything is integrated into the app."" Join Naug Just Plants and 18,000+ other businesses that have switched to a more mature, reliable POS system. Whether you're checking stock levels or modifying prices, you can do it all without being at the shop.

🔍 Total Transparency: View real-time transaction records to keep your operations accurate.

⚡ Operational Efficiency: Transfer stock between outlets and manage staff performance from one dashboard.

🛡️ Peace of Mind: A professional system designed to handle the ""hard parts"" of scaling your brand.

Scale faster while staying in control. Start your demo today!

Short Headlines
Handle POS Issues Remotely

Stop Traveling Between Outlets!

Monitor Multiple Stores with Ease

Live Data at Your Fingertips

Naug Just Plants’ Secret to Scaling",-,-,Naug Just Plants VP2
,[Naug Just Plants - VP3],-,-,Naug Just Plants
,[Naug Just Plants - VP4],-,-,Naug Just Plants
,[Naug Just Plants - VP5],-,-,Naug Just Plants
,[Naug Just Plants - VP6],-,-,Naug Just Plants
,"[Opening Day Expenses]
Caption 1
Opening a new business is expensive enough—between furnishing at RM11,500 and an espresso machine at RM18,200, the costs add up fast. Don’t break the bank on your technology. Cut your opening day expenses and get up to 55% OFF your StoreHub POS system today.

Caption 2
Starting your dream cafe or retail store? ☕️ Smart business owners know where to save. Instead of paying RM8,860, get a professional POS system for only RM3,960. Join 18,000+ customers who trust StoreHub to power their first day and every day after.

Caption 3
Furnishing? RM11,500. Staff Training? RM4,800. Professional POS? Up to 55% OFF. Secure the infrastructure your new business needs to survive and thrive without the heavy upfront cost. Claim your discount now!

Headlines

Cut Your Opening Day Expenses

Get Up to 55% Off StoreHub POS

Professional POS for RM3,960

Save Thousands on Your New Setup

Smart Tech for New Businesses",-,-,Opening Day Expenses
,"[Dayana - Retail Starter Kit]
Caption 1
Opening a retail store is a huge milestone—make sure your foundation is rock solid from day one! 🛍️ The StoreHub Retail Starter Kit provides everything you need to hit the ground running: a high-speed Android D3 Pro touchscreen POS, barcode scanner, receipt printer, and cash drawer.

🚀 Launch Ready: Get all your essential hardware in one professional bundle.

📱 Navigate your inventory effortlessly with a sleek, responsive touchscreen interface.

📊 Total Visibility: Every sale is instantly reflected in your BackOffice, giving you real-time numbers on your laptop or phone.

Don’t just open a store—open it with StoreHub. Book your free demo today!

Caption 2
Say goodbye to messy spreadsheets and hello to operational bliss. ✨ StoreHub is specifically designed for retail businesses that want to scale without the stress. From scanning barcodes to tracking your SKUs and stock levels, we’ve got the hard parts covered.

🛒 Faster Checkouts: Scan items instantly with our high-performance barcode scanner.

⚖️ Inventory Mastery: Manage stock value, purchase orders, and stock takes all from one centralized dashboard.

🤝 5-Star Support: Join 18,000+ businesses that trust StoreHub to keep their shop running smoothly.

Ready to start your retail journey? Claim up to 55% OFF your hardware when you sign up!

Caption 3
""If you're planning to open a retail business, don't forget about StoreHub."" 🌟 Experience a system that matures as you grow. Whether you're tracking daily shifts or analyzing sales trends over time, our BackOffice gives you the ""bigger picture"" you need to succeed.

⚡ Zero Lag: Run high-volume transactions with a professional infrastructure that won't slow you down.

📋 Full Integration: Your sales, inventory, and employee data are always in sync.

🎁 Ultimate Value: Lock in our base rate and get up to 24 months FREE with our new multi-year plans.

Your new store deserves the best. Start your demo now!

Short Headlines
The No. 1 POS for Retail Businesses

Open Your Retail Store with StoreHub

Up to 55% OFF Retail Hardware

Inventory & Sales Mastery in One System

Everything You Need for Opening Day",-,-,EN-Open_Store_Set_retail_POV-Dayana.mp4
,"[VP1 Hauntu]
Caption 1
Are you making business decisions based on guesswork? 📉 In the F&B, Retail and Service industries, accurate reports are the backbone of a successful strategy. StoreHub provides you with good data so you can make informed, data-driven decisions that actually impact your bottom line.

📊 Insightful Analytics: Identify your peak sales periods and low-performing hours instantly.

🎯 Smart Promotions: Know exactly when is the right time to run your promotions to maximize revenue.

⚡ All-In-One Power: Manage inventory, e-Invoicing, and loyalty programs in one centralized system.

Stop guessing and start growing. Claim 55% OFF hardware when you switch today!

Caption 2
""A good POS system gives you accurate reports."" 🌟 Scaling your brand requires seeing the ""bigger picture"" through reliable data. Join 20,000+ local businesses that trust StoreHub to provide the operational clarity needed to thrive in a competitive market.

📈 Strategic Growth: Use historical sales data to plan your next big move with confidence.

🛠️ Optimized Operations: Understand your sales flow to manage staff shifts and stock levels more efficiently.

💰 Massive Savings: For a limited time, get 55% OFF your professional POS hardware.

Your data is the secret to your success. Book your FREE demo today!

Caption 3
Don't let messy spreadsheets slow down your growth! 😫 StoreHub organizes your sales, staff performance, and inventory into easy-to-read reports. With every piece of information at your fingertips, you can adapt your strategy in real-time.

🔍 Detailed Visibility: See exactly when your peak sales occur to better prepare your team.

📱 Manage Anywhere: Access your BackOffice data from your laptop or phone anytime, anywhere.

🤝 Trusted Partner: Build your business foundation on a system trusted by thousands of Southeast Asian entrepreneurs.

Experience the clarity of data-driven management. Get StoreHub today!

Short Headlines
Data-Driven Decisions Made Easy

Accurate Reports for Peak Sales

Get 55% OFF Hardware Now!

Trusted by 20,000+ Businesses

Stop Guessing, Start Growing",,,VP1 - Hauntu
,"[VP2 Hauntu]
Caption 1
Your POS system should be a business partner, not a roadblock 🚧. In the fast-paced world of F&B, providing a seamless customer experience is the core of what you do. StoreHub is designed to complement your entire workflow, ensuring your operations remain smooth and uninterrupted.

✅ Effortless Workflow: Choose a system that is easy to use and easy to learn for your entire team.

🛡️ Zero Roadblocks: Eliminate technical hurdles that slow down your service and impact customer satisfaction.

📱 Scalable Power: Manage multiple locations and integrated loyalty programs effortlessly.

Keep your business moving forward. Claim up to 55% OFF hardware today!

Caption 2
""A POS system shouldn't be the roadblock for the whole operation."" 🌟 Experience the satisfaction of a cloud-based operating system that works with you, not against you. StoreHub provides the professional infrastructure needed to deliver a truly seamless reality for your customers.

🚀 Lightning Fast: Run your operations without the lag of old-fashioned systems.

🧠 Simple Training: Get your staff up to speed quickly with an intuitive interface.

💰 Limited Time Offer: Secure your business foundation and save 55% on your hardware.

Don't let tech be a showstopper. Switch to StoreHub and book your demo now!

Caption 3
Is your current technology holding your business back? 😫 A good POS system should complement your vision, allowing you to focus on delivering a high-quality experience. Join 20,000+ local businesses that have chosen StoreHub for its ease of use and total reliability.

🔍 Total Integration: Sync your inventory, e-Invoicing, and employee management in one place.

⚡ Professional Efficiency: Remove the complexity of managing multi-location stores.

🤝 Trusted Infrastructure: Build your brand on a system designed for modern Southeast Asian entrepreneurs.

Transform your business operations today. Get started with StoreHub!

Short Headlines
Zero Roadblocks for Your Business

Seamless Operations Starts Here

Get 55% OFF Hardware Today!

Easy to Use, Easy to Learn

Trusted by 20,000+ Local Brands",,,VP2- Hauntu
,"[VP3 Hauntu]
Caption 1
Still logging into different systems just to check sales across your branches? 🤯 Managing multiple locations used to be a major friction point, making it nearly impossible to track your business on the go. With StoreHub, you get a unified dashboard that puts all your store data right at your fingertips.

🏢 Centralized Control: Say goodbye to the hassle of multiple logins and messy layouts.

📱 On-the-Go Visibility: Check your real-time sales and inventory from anywhere in the world.

⚡ Operational Efficiency: Join 20,000+ local businesses that have streamlined their scaling journey.

Scale your business without the stress. Claim 55% OFF hardware today!

Caption 2
""Checking things on the go was just very, very challenging."" 😫 Don't let operational complexity hold your brand back! StoreHub eliminates the ""friction points"" of expansion by integrating your entire multi-store network into one cloud-based system.

📈 Real-Time Reporting: Get accurate, consolidated analytics across all your outlets instantly.

🤝 Reliable Infrastructure: Trust a system designed to simplify the ""hard parts"" of managing 5 or 50 staff members.

💰 Limited Time Offer: Upgrade your setup and save 55% on professional POS hardware.

Make scaling ""as simple as that."" Book your FREE demo now!

Caption 3
Say goodbye to the ""bad layout"" and ""difficult systems"" of the past! ✨ If you're planning to open your next outlet, you need a POS that matures with you. StoreHub provides a seamless reality for multi-store owners, giving you total clarity over your entire operation.

🔍 Total Transparency: View transaction records and stock levels across every location in real-time.

🚀 Fast Training: Get your new managers up to speed with an interface that is easy to learn.

🛡️ Professional Support: Access 7-day-a-week live help to ensure your business never stops.

Transform your multi-store management today. Get started with StoreHub!

Short Headlines
One Dashboard, Multiple Locations

Stop the Multi-Store Struggle

Get 55% OFF Hardware Deals

Real-Time Data at Your Fingertips

Trusted by 20,000+ Growing Brands",,,VP3- Hauntu
,"[VP4 Hauntu]
Caption 1
Operating a business in a shopping mall? 🏢 Usually, malls require tenants to manually send daily and monthly sales reports—a process that is both time-consuming and prone to error. With StoreHub's seamless mall integration, your reports are sent automatically on a daily and monthly basis, saving you hours of manual work.

🔄 Automated Integration: Sync your POS directly with shopping mall systems for hands-free reporting.

🚫 No More Manual Emails: Eliminate the need to compile and send manual sales reports through email every month.

⚡ Operational Efficiency: Focus on your customers while our system handles the compliance work for you.

Simplify your mall operations today. Claim 55% OFF hardware when you switch!

Caption 2
""That reduced a lot of work."" 🌟 For mall tenants, reporting doesn't have to be a headache. StoreHub automates the entire process, sending your sales data to mall management so you don't have to. Experience a professional infrastructure that makes mall compliance ""as simple as that"".

📈 Daily & Monthly Sync: Ensure your sales data is always accurate and submitted on time, automatically.

🧠 Data-Driven Clarity: Use your automated reports to make informed decisions about peak sales and promotions.

🤝 Trusted by 20,000+ Businesses: Join thousands of brands that have traded manual reporting for total automation.

Don't let manual reporting slow you down. Book your FREE demo now!

Caption 3
Still compiling sales reports for your mall manager by hand? 😫 StoreHub provides an all-in-one POS solution that integrates directly with shopping mall systems, making manual email reports a thing of the past.

✅ Effortless Compliance: Automatically meet mall reporting requirements without lifting a finger.

📦 Centralized Management: Control your inventory, e-Invoicing, and multi-location reporting from one dashboard.

💰 Hardware Savings: Upgrade to a smarter system and save 55% on your professional POS hardware.

Transform your mall business today. Get StoreHub and automate your success!

Short Headlines
Automate Your Mall Sales Reports

No More Manual Reporting Emails

Get 55% OFF Mall-Ready Hardware

Daily Sales Sync Made Simple

Trusted by 20,000+ Mall Tenants",,,VP4Hauntu
,"[V5  Hauntu]
Caption 1
As a busy entrepreneur, you’re always on the move—your POS should be too! 📱 StoreHub is fully mobile-friendly, allowing you to log in and see your current sales and outlet performance right from your phone. No laptop? No problem. Get the freedom to manage your business whenever and wherever you are.

🌍 Always On-the-Go: Optimized for all devices so you can stay in control without being tied to a desk.

📊 Live Sales Tracking: View current sales figures and filter by outlet to see real-time performance.

⚡ Simple Navigation: Enjoy a seamless mobile experience designed for the modern business owner.

Keep your finger on the pulse of your business. Claim 55% OFF hardware today!

Caption 2
""Phone is my preferred choice."" 🌟 Why sit down with a laptop when you can manage everything from the palm of your hand? StoreHub’s mobile-optimized dashboard gives you the flexibility to monitor multiple locations and track sales growth while you’re out and about.

🏢 Multi-Outlet Filtering: Quickly check how each of your branches is performing with just a few taps.

🧠 Insightful Analytics: Get the ""bigger picture"" of your business data even when you’re not at the shop.

🤝 Trusted Infrastructure: Join 20,000+ local brands that have built their success on our reliable cloud-based system.

Upgrade to a smarter, more flexible POS. Book your FREE demo now!

Caption 3
Don’t let a lack of mobility slow you down! 🏃‍♂️ StoreHub is designed for the high-speed world of F&B and Retail, providing you with a mobile-friendly system that is easy to learn and even easier to use. Monitor your sales, staff performance, and inventory from anywhere, as simple as that.

🔍 Real-Time Visibility: Stay updated on your latest sales data without the need to refresh laggy screens.

🚀 Rapid Adaptability: A professional interface that your team can master in record time.

💰 Hardware Special: Save 55% on professional POS hardware for a limited time only.

Ready to manage your business on the go? Get started with StoreHub!

Short Headlines
Your Business, Always On-the-Go

Get 55% OFF Mobile-Ready POS

Monitor Sales Anywhere, Anytime

Phone-Preferred Business Management

Trusted by 20,000+ Busy Owners",,,VP5Hauntu
,"[VP6 Hauntu]
Caption 1
In the F&B industry, system downtime is more than an inconvenience—it’s lost revenue 📉. That’s why StoreHub ensures high uptime is always there, so your business never stops. If you ever need help, our customer care team is ready to assist with configuration and settings to keep your operations running smoothly.

🔄 Constant Uptime: Rely on a professional infrastructure that stays online through your busiest rushes.

💬 Dedicated Support: Get expert help for double-checking settings and configuration purposes whenever you need it.

🧠 Knowledge Base: Access our extensive resources to help your team master every feature of your POS.

Build your brand on a system you can trust. Claim 55% OFF hardware today!

Caption 2
""The uptime is always there."" 🌟 Experience the peace of mind that comes with a reliable cloud-based system designed for modern local businesses. StoreHub's customer support and knowledge base ensure that you always have a partner to help you navigate technical settings and operational configurations.

🤝 Professional Care: Contact our support team for immediate assistance with any business need.

✅ Verified Settings: Double-check your system configurations with the help of experts.

💰 Hardware Savings: Upgrade to a more reliable system and save 55% on your professional POS hardware.

Don't settle for less than total reliability. Book your FREE demo now!

Caption 3
Say goodbye to system crashes and hello to total uptime! ✨ StoreHub provides an all-in-one POS solution that is highly accessible and backed by a dedicated customer care team. Whether you're setting up a new outlet or fine-tuning your current operations, we’re here to help you every step of the way.

⚡ Reliable Performance: Ensure your checkout remains open with a system built for 24/7 reliability.

📞 Fast Assistance: Get in touch with our support team for quick resolutions to any query.

🛡️ Local Expertise: Join 20,000+ local businesses that have build their success on StoreHub’s infrastructure.

Your business deserves tech that never stops. Get started with StoreHub!

Short Headlines
Reliable Uptime You Can Count On

Expert Support for Your POS Settings

Get 55% OFF Professional Hardware

Uptime is Always There with StoreHub

Trusted by 20,000+ Local Brands",,,VP6- Hauntu
,"[VP7 Hauntu]
Caption 1
Training new staff shouldn't take days ⏳. With StoreHub, getting your team up to speed is ""very easy"" and incredibly straightforward. The entire layout is self-explanatory, meaning you can focus on your customers while your staff masters the system in minutes.

✅ Self-Explanatory Layout: An intuitive interface that requires no comprehensive training.

⚡ Professional Infrastructure: Join 20,000+ local businesses that have simplified their daily operations.

💰 Limited Time Offer: Secure your business foundation and save 55% on your hardware today.

Make your business life easier. Book your FREE demo now!

Caption 2
""Everything is easy."" 🌟 Stop wasting time with complicated manuals and high-friction tech. StoreHub provides a seamless POS experience that is easy to learn and even easier to use. It’s the perfect all-in-one solution for growing F&B and Retail brands.

🚀 Rapid Staff Onboarding: Get your team ready to sell almost instantly.

📋 Integrated Features: Manage inventory, loyalty programs, and e-Invoicing all from one straightforward screen.

🤝 Trusted Partner: Build your success on a system designed for the modern entrepreneur.

Ready to simplify your workflow? Claim your 55% hardware discount now!

Caption 3
Why struggle with technology when you could be scaling your brand? 📈 StoreHub is highly accessible and designed to remove the ""hard parts"" of running a business. Experience the clarity of a system where everything is integrated and easy to find.

🔍 Direct & Clear: Enjoy a layout that eliminates the need for expensive, long-term training.

🏢 Scale with Ease: Manage multiple locations and staff performance effortlessly.

💎 Best Value: Upgrade to a more reliable system and save 55% on your professional POS hardware.

Unlock your full potential with StoreHub. Start your journey today!

Short Headlines
POS Training Made ""Very Easy""

Get 55% OFF Professional Hardware

Self-Explanatory Layout for Busy Staff

No Comprehensive Training Required

Trusted by 20,000+ Local Brands",,,VP7- Hauntu
,"[VP8 Hauntu]
Caption 1
""Don't ever underestimate a good POS."" ⚠️ Choosing the right technology can reduce a massive amount of hassle for your daily operations. A professional system like StoreHub ensures that your tools support your vision instead of becoming a burden that slows you down.

✅ Hassle-Free Operations: Focus on your passion while our system handles the technical heavy lifting.

📈 Uninterrupted Growth: Don't let simple technical issues drag down your business expansion.

💰 Hardware Promotion: Save 55% on professional POS hardware for a limited time!

Invest in a system that works as hard as you do. Book your FREE demo today!

Caption 2
Is your POS dragging your business growth down? 😫 It shouldn't be! Your technology should be a catalyst for success, not a roadblock. Join 20,000+ local businesses that have chosen StoreHub for its total reliability and ease of use.

🚀 Scalable Tech: Build your brand on a professional infrastructure that matures as you grow.

🛡️ Reliable Uptime: Ensure your checkout never stops with a system built for 24/7 consistency.

⚡ Simple Adaptability: Get your team trained and ready to sell almost instantly.

Don't let tech be your showstopper. Switch to StoreHub now!

Caption 3
Say goodbye to the ""hassle"" of outdated tech! ✨ StoreHub provides an all-in-one POS solution that is designed to remove the ""hard parts"" of running a business. Experience the satisfaction of a cloud-based system that keeps you in control from anywhere in the world.

🔍 Total Visibility: Track your sales and inventory in real-time from your laptop or phone.

🤝 Professional Support: Access 7-day-a-week live chat help whenever you have a query.

💎 Best Value Deal: Claim your 55% hardware discount and start growing your brand today!

Unlock your full potential with a POS that supports your vision. Start your demo!

Short Headlines
Never Underestimate a Good POS

Stop Your POS from Being a Burden

Get 55% OFF Professional Hardware

Reduce Business Hassle Instantly

Trusted by 20,000+ Local Brands",,,VP8- Hauntu